time,mode,irradiance_w_m2,c,f,ha,v,kb,xb,ae,ac,beta_deg,n,mass_flow_kg_s,cp,tau,alpha,ambient_c,ambient_k,tin_c,tin_k,tout_c,tout_k,plate_c,plate_k,ub_w_m2k,ue_w_m2k,fr,effi_thermosy,effi_forced,tank_c,pin_kpa,pout_kpa,time_minutes,water_liters_step,water_liters_cum
1900-01-01 10:55:34,Thermosyphone,450.00609272320565,342.7604840093446,1.4778765773510052,9.50243703040972,0.9970403576722792,0.0411196703758303,0.0648276866843713,0.6011871248688679,1.005193776551392,60.01195731440332,0.9948714138977316,0.0,4180.002994231522,0.8522973479452397,0.9539198982143918,34.933576372579054,307.9282527012623,34.39268975303557,307.71971571855056,48.67598360991605,321.6087200792079,57.30107660268544,330.3599070531825,0.7925471710081013,0.4852294558689675,0.0006196813997757,0.0,0.424315804202762,37.69377855691933,108.09737626218784,103.30052735011886,655.5666666666667,0.0,0.004902435323086088
1900-01-01 10:56:21,Thermosyphone,450.0226601031065,342.76048393926175,1.4633014643140645,9.496937549802189,0.9989980245117016,0.0590158897638326,0.049914268487392,0.6224094370377556,0.9955785203458646,60.00350512041348,0.995091524983251,0.0,4180.000624831265,0.8471742847465089,0.9620249158398644,34.9376471096646,308.02881377060413,35.10773626365971,308.4811699745449,51.45724764148082,324.8266598878516,61.9337640404208,334.345375620981,0.7850470022689174,0.4745349046466335,0.0005998695468716,0.0006756049828556,0.4251949254661684,37.4509356594881,108.09410118884236,103.29939769224028,656.35,0.0,0.004902435323086088
1900-01-01 10:57:23,Thermosyphone,450.0046566265317,342.76048393617526,1.4559981098831185,9.513981680913222,1.0212654813695043,0.0456168663878477,0.053093023127995,0.5875979433201427,0.9915675712603248,60.000469158575065,1.005031977408135,2.109409274403652e-06,4179.995217914448,0.8384805777157648,0.9522221815890008,35.027450462822635,308.0672431416533,35.47494776768836,308.8564653565656,54.62140497840896,327.95240740837755,65.50395770147834,338.8241548656847,0.7960099592821891,0.4725559601346791,0.0,0.0014882678125085,0.4241148749731963,37.59304554168689,108.11226064460496,103.299955222701,657.3833333333333,0.0012656455646421912,0.006168080887728279
1900-01-01 10:58:14,Thermosyphone,450.0030759155256,342.7604839927633,1.479510338477715,9.515066048030372,0.9860052036537944,0.0360015367771478,0.0542833653836828,0.6078318321504205,0.9865155293018664,59.97744438412978,0.980936330312382,0.0,4179.998967968209,0.853452193761145,0.9523032522212094,35.095071848307676,308.07617653156825,36.402146997773066,309.55692785775807,57.631277909812326,330.7471419596938,69.59236971623719,343.02420205544536,0.7986363308847345,0.4733916361368193,0.0,0.0,0.4183046868810233,37.52984305326328,108.10091997329886,103.29949843549402,658.2333333333333,0.0,0.006168080887728279
1900-01-01 10:59:01,Thermosyphone,450.0037180382435,342.76048405599505,1.4567311765250497,9.494923663927905,0.9940855279757708,0.0393024356185483,0.0373523442895855,0.5987473931180192,1.0006118226433678,60.01844678687766,1.0094347376411337,3.7594799945766226e-06,4179.992870514589,0.8566992154323624,0.9486061752545007,35.19772460149178,308.2003561665019,36.89215826069241,310.3657195821327,60.477604691765386,333.2105912453607,73.86481569375802,346.83907560074084,0.8000137621581631,0.4846576479091418,0.0004958188193227,0.0,0.419377720948555,37.64749597700734,108.10479048494638,103.30263495452436,659.0166666666667,0.0022556879967459737,0.008423768884474252
1900-01-01 11:01:05,Thermosyphone,449.9794446339537,342.7604840250964,1.437185722988849,9.51613600728542,1.0025334940282205,0.0285883121202296,0.0700990094709114,0.6064397087029086,0.9810885111104852,60.00293468117461,0.9926886009233462,4.046434240052693e-07,4179.995348053854,0.8637349388626865,0.9457671361181642,35.261479912335275,308.2954751162052,37.50325641409683,310.77464315193004,63.42501189380693,336.4244705427125,78.03675334838474,351.08594306789394,0.7905623249521688,0.4976201610489885,0.001005031450171,0.0,0.419057499910729,37.368444937698534,108.11362271430322,103.29979719785544,661.0833333333334,0.0002427860544031616,0.008666554938877413
1900-01-01 11:01:51,Thermosyphone,449.99815543299104,342.76048402010395,1.4551888336987409,9.507638538724771,0.9981678909017848,0.0482958729711852,0.0567238410934963,0.5988339019933882,0.9914022275957342,59.99059880009456,0.9925926317985924,0.0,4180.008657964213,0.849533976874896,0.9757010097757252,35.29888819678433,308.2496373890364,37.41890214635337,310.7053749042819,63.46909753163592,336.3805328175864,77.8905206612953,351.1388779099504,0.7954057215380262,0.4723157407708714,0.0,0.0017409818577782,0.4192544955696456,37.37792780212969,108.11680896366784,103.3013213085974,661.85,0.0,0.008666554938877413
1900-01-01 11:02:39,Thermosyphone,450.00481847309334,342.7604840237397,1.4638398033220097,9.513996946711966,0.994495180203636,0.0513273286218199,0.0420714640018863,0.5960346012300077,1.0119608717306037,60.008223754031114,1.000020975505984,0.0,4180.0056165982705,0.8436962730051677,0.9507611517179008,35.229476355927325,308.24919748285896,37.35186686476883,310.7922045908938,63.602087457402575,336.62404496204334,78.14431434803883,351.2164456556244,0.7939371585453485,0.4732998337822907,0.0008825617231631,0.0,0.4183778827233509,37.4340770184061,108.1275299866834,103.30029230903584,662.65,0.0,0.008666554938877413
1900-01-01 11:03:38,Thermosyphone,450.0113484807622,342.7604840074382,1.4531987024878277,9.487891450924424,1.0072184979685772,0.0452814654585168,0.0645080954489675,0.5925254516654819,1.000264180400857,59.99941307302406,0.9991238914075043,3.7776293239095065e-08,4179.982854605098,0.8582498553402566,0.9665320587133196,35.26287965194334,308.28893416601613,37.56268499208944,310.74577171903144,63.66528806800604,337.141524628826,77.65589536633186,351.21162805755864,0.7852916863255157,0.4541842921787681,0.0,0.0,0.4201020650377694,37.406954993821095,108.13552623324772,103.2983890925248,663.6333333333333,2.2665775943457037e-05,0.00868922071482087
1900-01-01 11:04:36,Thermosyphone,449.988980384755,342.7604840429747,1.446417570857327,9.492351725620214,1.0012274104540244,0.0402471122082786,0.0642469008875288,0.6012040728809316,0.9879216571163912,59.99439664725904,0.9942721605663216,2.6360780059116677e-06,4180.003837930088,0.8488060897698785,0.9686960722000338,35.22118103320929,308.2296537212661,37.62114661335771,310.92877730936885,63.73791065092866,336.8453220443403,77.79950961799074,351.2664640498045,0.7941235462575297,0.483436850178679,0.0,0.0010165031105994,0.4155455027980038,37.44251239620015,108.14935179447906,103.29815239767228,664.6,0.0015816468035470006,0.01027086751836787
1900-01-01 11:05:26,Thermosyphone,450.0007425608108,342.7604839674325,1.4697779550154997,9.514987783023244,0.9802838249640504,0.0255100970260149,0.05808232202493,0.5869697586463268,0.9961136264643298,60.00129552088334,1.0069185008231336,0.0,4180.000952209198,0.8422326708264952,0.9729236159843389,35.21645143834346,308.2349373957264,37.54014500666799,310.7624384638201,63.81706451269506,336.96802663152874,77.82355806322741,351.3048430516771,0.8141404241673826,0.4824314809777943,0.0009297701349226,0.0008166308066308,0.4186872926966203,37.66700250805778,108.15532689627923,103.30119623593376,665.4333333333333,0.0,0.01027086751836787
1900-01-01 11:06:22,Thermosyphone,449.99026081606235,342.7604840007778,1.4374644710846056,9.499940997612448,1.004133723362975,0.0523598077631395,0.0515127727739709,0.6092813982118155,0.999994624858086,59.98976523653953,0.985886202822807,0.0,4179.986338522814,0.8563370781051926,0.957923853143017,35.234278043619994,308.2234748585319,37.72214020061515,310.8740287501915,63.82741484377856,337.04005241283176,77.92975934135596,350.8805551072774,0.8067521714540088,0.491887947881936,0.0,0.0,0.4183654761209341,37.17961327988786,108.16428975241448,103.30019837962492,666.3666666666667,0.0,0.01027086751836787
1900-01-01 11:07:12,Thermosyphone,450.0139157453076,342.76048403166016,1.4537370525230204,9.499133040099482,0.9961197603645128,0.0348788009134569,0.0369180007313613,0.6137994845369639,1.010280001502907,60.0079816633114,0.9890566408022392,7.565449310854236e-06,4180.019801652656,0.8518805716900129,0.9509577934786002,35.19743444603232,308.2258064563153,37.49318923529855,310.74599777205265,64.21106250140045,336.9228841347299,78.41252455857435,351.4821791047172,0.7876291415036254,0.4658635870575295,0.0,0.0,0.4155371415359574,37.152699379077255,108.17188528827072,103.3024960920638,667.2,0.004539269586512542,0.014810137104880413
1900-01-01 11:08:04,Thermosyphone,449.9972693116317,342.76048395141703,1.4627310002524196,9.497746808107529,1.0194073305965925,0.042068394434394,0.0462782003176133,0.6055027249575579,0.994937720408119,59.98660691822181,1.003019477697886,0.0,4180.001663150503,0.8537545733256006,0.9548968032840556,35.22011941214061,308.2501130319853,37.47040188132259,310.9532561587524,64.07719070854274,337.1387565458094,78.50784394208591,351.2420069967285,0.8137040300459119,0.4881759424091786,0.0,0.0001177291345658,0.4145141514251325,37.40748464026126,108.17529548821746,103.30014162295755,668.0666666666667,0.0,0.014810137104880413
1900-01-01 11:09:08,Thermosyphone,450.0039066818523,342.76048399002553,1.4483634552039182,9.49013138818383,0.9944483940554056,0.0296694479687926,0.0479672534870013,0.5997711291603126,0.9910401183505604,59.9976794986557,0.992396799615116,0.0,4180.00507087708,0.8517812523394875,0.9647215087449102,35.169362425659095,308.19691082415966,37.6323749032437,310.825007658245,63.93930897339319,337.3859640799723,78.30260618981592,351.19913049549297,0.7990524188852327,0.4845045688202601,0.0003137403256081,0.0006573806921851,0.4149105145339426,37.710930081358,108.18802846067771,103.29976402525668,669.1333333333333,0.0,0.014810137104880413
1900-01-01 11:11:02,Thermosyphone,449.9979583024434,342.76048399450235,1.4514335912808047,9.507871858824409,0.9914532092233722,0.0491050219505205,0.0406302660573953,0.5894221887485671,1.002059394620941,60.00130179469602,1.002975573030139,3.863127764437117e-06,4179.995875040348,0.8544299359289395,0.950901827346508,35.245691308762964,308.2324506339663,37.67185661783079,310.7810702459297,64.11282620207017,337.34018624273483,78.16455833344838,351.2192163716641,0.801237446624716,0.4664018049319829,0.000229916242108,0.0,0.4118197519461275,37.67047015369279,108.18407422568303,103.2827853664147,671.0333333333333,0.00231787665866227,0.01712801376354268
1900-01-01 11:11:54,Thermosyphone,449.9994656390075,342.7604839675882,1.4468949367958608,9.498488769465318,0.9757626626883044,0.0418047678307435,0.0566443202398007,0.5968810515148414,0.995055976305904,60.00181967258569,1.0035064406703988,3.978070909750965e-06,4180.000183966792,0.8431024234846616,0.9553873495402764,35.240338666366696,308.271472865873,37.580714012275294,310.6450499055423,64.04401387546956,336.98699668926855,78.10581040879808,350.9463174982435,0.7876649047238743,0.4602398538584529,0.0,0.0005538749109492,0.4108522279352516,37.36598869190632,108.18247447145164,103.2631640049322,671.9,0.0023868425458505793,0.01951485630939326
1900-01-01 11:12:46,Thermosyphone,450.0074055980491,342.76048399972285,1.4433710167361815,9.49876200038773,1.0050025948014998,0.034170110429388,0.035625387522871,0.6110261206087548,0.995847523568155,59.99590769987585,1.000159622417312,3.746548046666624e-06,4180.00263619752,0.8466677401364294,0.9668213334526574,35.301452222953266,308.2858551155818,37.70598992103548,310.6459805260078,64.76980264791867,337.0840010849115,77.95013787137464,351.0400945368501,0.8162689186152307,0.484202400754758,0.0,0.000260742521505,0.4133305927686376,37.63920075602256,108.16823504883476,103.24445072169536,672.7666666666667,0.0022479288279999743,0.021762785137393235
1900-01-01 11:13:35,Thermosyphone,450.0002273152894,342.76048398304334,1.4637008290424445,9.490500525019472,0.9826861313149086,0.0326060655613076,0.0634889064638145,0.5942684369284931,1.0234080888779122,60.00491484234385,0.9883557393575568,0.0,4180.002433724714,0.8382235607771522,0.983745786530316,35.251078947553296,308.2880899473944,37.80717981900755,310.77358861080455,63.913692539309615,337.1857179243904,78.05719860357475,351.3011811820061,0.8005671693599625,0.4659977757401914,5.373427413591538e-05,0.0,0.4082303291720852,37.566833931695264,108.15836268473616,103.22808523933438,673.5833333333334,0.0,0.021762785137393235
1900-01-01 11:14:44,Thermosyphone,450.0185875365676,342.7604839813051,1.4516746812977672,9.50688781999324,1.0106128561207286,0.0358126141344031,0.0485736406172842,0.6220692934915288,0.9989254848111278,59.99514678557709,1.0011991398387496,2.1076574608321248e-06,4179.989783581428,0.8475159719432976,0.9483363938128152,35.28482977318164,308.3332541353593,37.732226381294296,310.7846281902634,63.869740662976035,337.12469946988233,78.15593191051055,351.0108416111461,0.8145042065752013,0.4662636364473816,0.0,0.0016981858820757,0.407929122120067,37.9268711867036,108.14772946542509,103.20896619168,674.7333333333333,0.001264594476499275,0.02302737961389251
1900-01-01 11:15:26,Thermosyphone,450.0082429349071,342.7604838971159,1.437170526871487,9.494339837063665,1.00036895040276,0.0310678314554088,0.0477913302344682,0.5881382683318945,0.995987270327282,59.991532338513096,1.0024402130101373,2.113901831860035e-06,4180.014329300628,0.8434358145478373,0.9568200817674768,35.31013401955149,308.3024372747637,37.64846323758055,310.62179088669495,64.03548855236298,336.9682206199697,77.76122933425638,350.7957193893215,0.811610016306614,0.4785939089870279,0.0014593907379069,0.0002653364330153,0.4078411168271684,37.49311951085106,108.14824493114048,103.18984898735874,675.4333333333333,0.001268341099116021,0.02429572071300853
1900-01-01 11:16:15,Thermosyphone,449.9982062087173,342.7604839942283,1.446229951009067,9.496738547443863,0.9952150732666368,0.0141001036254106,0.0550266352695306,0.5918862503364657,1.0130443942475855,59.988498757647406,0.9842040162027864,4.317913173598022e-06,4179.984149448842,0.8436382573062083,0.9659733671848588,35.32007083771646,308.2899238445474,37.6856340374003,310.79090311359613,64.13492786040891,337.16755993883606,78.46465941129296,350.7578745248873,0.7997832524670522,0.4693334550896621,0.0014660669333407,0.0008008160509829,0.4113090750575702,37.55160529201273,108.13362030271192,103.16991713895374,676.25,0.0025907479041588134,0.026886468617167345
1900-01-01 11:17:26,Thermosyphone,450.00508219294295,342.76048399149215,1.46568377843539,9.507509155366344,1.0097526419473748,0.0237646255541349,0.0428616405700326,0.6019544198106754,1.0035542114521008,60.00957234863449,0.9899136444974548,4.625016243214457e-07,4180.022053537919,0.8569192197761079,0.9687056288410746,35.345035354688065,308.3627728763139,37.88377058534476,310.8352029964938,64.07027376566305,336.8658914958867,77.98981262916531,351.1972995988994,0.7924799662074181,0.4909812419854889,0.0,0.0,0.4094707578752372,38.06882190589821,108.1284108979855,103.15584106792608,677.4333333333333,0.0002775009745928674,0.027163969591760213
1900-01-01 11:18:06,Thermosyphone,450.00077497455743,342.76048396162713,1.4506375612666087,9.508356406687922,0.9996160269408892,0.0545129634214403,0.0479758355878932,0.5980206407252755,1.0127668154773355,59.99351383494387,0.9848023539415982,4.731127885406577e-06,4180.00414187876,0.8283480505242177,0.960445293213692,35.35481469284489,308.40300145894696,37.59653567974985,310.76387588234064,63.65539304953426,336.78114053800687,77.72634713571901,350.74175576776173,0.789688026187279,0.4639341476335224,0.0,0.0,0.4080210238296484,37.56948206462217,108.11366647173982,103.13702581227965,678.1,0.0028386767312439465,0.03000264632300416
1900-01-01 11:19:05,Thermosyphone,449.99568024047494,342.76048398486773,1.4722774206159583,9.502398141078777,1.004753783269947,0.0141396005612361,0.0434626551059547,0.5782899321599412,0.9957379567281748,60.00373310146343,0.9932570223290256,1.88553616772892e-06,4179.989772500249,0.8557580314754755,0.944463906693662,35.376100990309524,308.39128939613084,37.75360484411124,310.8260209347358,64.08201652410823,336.8345812802393,77.74473563565672,350.47225305843676,0.8176893382445004,0.4763100170882463,0.0,0.001287116818218,0.410331585405262,37.720679645663395,108.1038081334023,103.11876189918776,679.0833333333334,0.001131321700637352,0.03113396802364151
1900-01-01 11:20:50,Thermosyphone,449.9882922820464,342.76048403402916,1.435022704136138,9.505671632573671,1.0045935509657016,0.0605101080312267,0.0532517383182992,0.5794156850883626,0.9916387901242928,60.000646669213054,1.0035556364360978,3.5660098285865846e-06,4179.980403242379,0.8467005031279994,0.9696986094610252,35.43373162899202,308.4419863107508,37.65434943787092,310.97840552147727,63.98897878431299,337.05226335104027,77.91426040055494,351.0833139597958,0.7921011568839839,0.4655275022898554,0.0012478200681821,0.0,0.4070626228821672,37.59861173428964,108.0985534828123,103.11850406453146,680.8333333333334,0.002139605897151951,0.03327357392079346
1900-01-01 11:21:42,Thermosyphone,450.0006850001191,342.760484008025,1.4555750707921125,9.492563701923457,1.0078661985351836,0.0587263696399329,0.0439875704019357,0.6123446285062797,1.0088926405927945,59.973467482819494,0.9923880590005358,0.0,4180.007817715507,0.8518848788103749,0.964743980894695,35.413900999079424,308.37971965965414,37.61266337760836,310.70693791641315,63.67125417069107,336.8298924743275,77.79496878749106,350.78053121315514,0.8090652459814306,0.4891711081594186,0.0019634545172695,0.0006931132355089,0.4068245893569203,37.8465493170988,108.10224484877696,103.13546118515669,681.7,0.0,0.03327357392079346
1900-01-01 11:22:51,Thermosyphone,450.01718518152165,342.76048406447757,1.456700882090464,9.50324270443298,1.004163588905215,0.039974544367994,0.0561928876621379,0.5987882014919276,0.9980621659625186,60.01758982168987,1.0016471543990189,2.436328700363483e-07,4180.00882019277,0.8515033296244932,0.9629162225720926,35.39861129199265,308.3724663459741,37.6963767125827,310.7169992879183,63.73547865153357,336.65054441968283,77.91322221696663,351.0325725992781,0.8028042825225362,0.4789986612231059,0.0005285345533896,0.0,0.404115663426619,37.698879157497544,108.1012710995372,103.15443552945712,682.85,0.00014617972202180898,0.03341975364281527
1900-01-01 11:23:32,Thermosyphone,450.0013344603462,342.76048398520277,1.4456626545660287,9.50329502015084,0.9979002179362898,0.0519648317569645,0.0566553206695433,0.6073467133384647,1.0032166662350606,59.99154822022772,0.9906437285787164,0.0,4180.028790124976,0.839205552108473,0.9579016816554452,35.39212645632295,308.39365819398074,37.6316736965452,310.6314279831242,63.531480555685135,336.61522107116394,77.7040706929041,350.75205684675484,0.7931281974110641,0.4821587924564839,0.0,0.0009082519497508,0.4046985133432501,37.77934664594289,108.09512081675012,103.17363672700732,683.5333333333333,0.0,0.03341975364281527
1900-01-01 11:24:30,Thermosyphone,450.0040875808329,342.760484010763,1.4546141934425405,9.50217439116295,0.996147035640472,0.0534610975034125,0.0593428885468435,0.6048249426079874,0.9881985958494666,59.989006943444195,0.993361384306183,0.0,4180.00448015669,0.8410346215135468,0.9717707407134356,35.400078537377254,308.35458989830886,37.64439408758105,310.5475669872468,63.57308986301665,336.75729382827024,77.59737926204858,350.79956599812675,0.7960589818511782,0.4740626564639869,0.0019075644813415,0.0011838260662263,0.402859484788768,37.98482732269443,108.09403080913768,103.18978124351582,684.5,0.0,0.03341975364281527
1900-01-01 11:25:36,Thermosyphone,449.97760446661914,342.7604840187464,1.443813683834403,9.49855999875197,0.9981979678929712,0.0569720421170479,0.0418939655851642,0.599309848167533,1.0062701981558522,59.99748222508537,0.9917793267323456,0.0,4180.000935114858,0.8588405543390905,0.9505694765439652,35.39018769415456,308.4072858670304,37.68044358676662,310.8283246257838,63.697129461530174,336.7325253260109,77.54455711077156,350.9215674734709,0.7890489990720836,0.4916538385120757,0.0002758895081322,0.0,0.4046220190473543,37.786479377567055,108.1028059565882,103.21069536028544,685.6,0.0,0.03341975364281527
1900-01-01 11:26:19,Thermosyphone,449.9929223729229,342.7604839802362,1.4465377407119908,9.492535584331687,1.0028450243761131,0.0401526581281883,0.0450864299276708,0.5926174418921758,1.0034788626951148,59.99498400987278,0.9895984325722692,0.0,4179.997355064019,0.8392995870690332,0.968271763562614,35.41848311896313,308.40092259697275,37.7153300166914,310.9116881808097,63.69477953262281,337.0004718654783,77.97579471028247,350.83745836883264,0.8044025342397697,0.4887345166796136,0.0,0.0,0.4050600712007703,37.46415513602441,108.10658574181582,103.22847786035284,686.3166666666667,0.0,0.03341975364281527
1900-01-01 11:27:17,Thermosyphone,450.00051095933907,342.76048405711987,1.4468863654322628,9.488398065396764,0.9940186407528786,0.0373820251592977,0.0399353075960447,0.6015386107357096,1.0013594494734277,59.99186142852013,1.0160305265244356,0.0,4179.987232771414,0.8537612003170845,0.9579251711575536,35.40912621952247,308.3860354862142,37.579112702621536,310.77447982014934,63.58459244237771,336.93863212848265,77.56670789222856,350.9438954370577,0.8058807534580494,0.4904059633230046,0.0011435495229835,0.0007642897360082,0.4042442877203381,37.67408936416612,108.09903585310342,103.24292069659217,687.2833333333333,0.0,0.03341975364281527
1900-01-01 11:28:12,Thermosyphone,449.9932623408651,342.7604840130963,1.461623465785806,9.486479062954048,0.9898616063400644,0.0365065366424919,0.0448239934436805,0.601670201841355,0.988445762333876,60.00047178332155,0.98311514458186,0.0,4180.007166636396,0.8369468651088392,0.9544008229239968,35.36903439376152,308.3682146536446,37.6533389766183,310.8020203212157,63.86588466880711,336.9258885890051,77.58857612395761,350.92502790544,0.8111655421800706,0.4841129798187663,0.0,0.0009925483558345,0.4053028722545109,37.90791591459553,108.10651888399244,103.2649192589964,688.2,0.0,0.03341975364281527
1900-01-01 11:29:10,Thermosyphone,449.9890981351508,342.7604839636821,1.45585379015335,9.483305423060964,0.9940704618700952,0.0486733739420123,0.0433484458198022,0.6053319101865577,0.9864874910344013,59.99506358982814,1.010234404294173,7.581007461534896e-07,4180.002902825272,0.8670472383159462,0.9729680350248794,35.380843011422144,308.42973293525716,37.62802444965639,310.84794221863507,63.70256833963659,337.0311553602658,77.41151382729377,350.85087724004916,0.8052401487957968,0.4881151327283789,0.0,0.0009777457893011,0.4006156571587946,38.00988561223808,108.10129679965569,103.27987973809375,689.1666666666666,0.00045486044769209376,0.03387461409050736
1900-01-01 11:30:56,Thermosyphone,450.0017930459378,342.76048398840044,1.4489860889396848,9.497598070431769,0.985578429868057,0.0569071946408412,0.0387172119493196,0.5933871689599329,1.0114489904805857,60.005850308456054,1.0072024537132227,5.514384780724543e-06,4179.996878572643,0.8395350507596119,0.9684426796924078,35.481032924073084,308.46989781855103,37.56103453905355,311.0040553868088,63.77903526325121,336.59994229102733,77.7972854264538,350.5408310268911,0.795173695586796,0.4687669054930943,0.0,0.0,0.3995960899815213,37.9746275250963,108.10108455962532,103.30087049190374,690.9333333333333,0.003308630868434726,0.03718324495894209
1900-01-01 11:31:55,Thermosyphone,449.99627297495414,342.7604840026058,1.461730154978376,9.517067385725989,1.0089907825338205,0.0538155115542041,0.0601896472445872,0.6105726541747339,0.9821532983408106,60.008808591942234,1.002129248467188,1.9711034169139053e-07,4179.994727448617,0.8457472592171935,0.9641618073882704,35.54562396115121,308.52075411288763,37.74369712494569,310.80258876661406,63.50311767090652,336.87992057798306,77.64893199570874,350.7384800789458,0.7923083496358485,0.4828129884865751,0.0,0.0,0.3986291122612929,37.837886307393106,108.10149158326728,103.29854664856065,691.9166666666666,0.00011826620501483431,0.03730151116395693
1900-01-01 11:32:46,Thermosyphone,449.9917599727538,342.7604840889643,1.4469385963786336,9.492098744597124,1.0019400337485365,0.0309761903283755,0.0582763123060421,0.6180141634675678,0.996123801958904,60.00172771041215,0.9948224033371652,0.0,4180.014317344185,0.8589424619770669,0.9509577506649612,35.62468298509741,308.658035292776,37.7841714868415,310.8001528742109,63.65654758047131,336.6611604968226,77.84921326961835,350.85571873476226,0.7776503797121953,0.4892620305627737,0.0002430680633023,0.0010508963759947,0.3992023456705418,37.94506968063404,108.104106160204,103.30053691306414,692.7666666666667,0.0,0.03730151116395693
1900-01-01 11:33:39,Thermosyphone,450.0321439097191,342.76048399448814,1.4580404824977842,9.517340287011738,0.9919499229847152,0.0295900269851477,0.0356793419941749,0.6053366245934534,1.0062563074474693,60.007414876465546,0.986464399199533,3.657060416727156e-06,4180.011972658814,0.8490268867534231,0.9603256646595604,35.669305423430025,308.71737398472595,37.81146572713472,310.7593057111188,63.59779221031271,336.5725776574129,77.9337123181853,351.0652171571046,0.7990118500919197,0.4829679922941033,0.0,0.0008359802550656,0.3980645754706446,37.970090722172934,108.10410632062688,103.29895260926516,693.65,0.0021942362500362933,0.05953289255597622
1900-01-01 11:34:39,Thermosyphone,450.00124075309515,342.7604840009194,1.4619090806836308,9.487529744175331,1.0059410617756108,0.0406150945870525,0.0603627696260493,0.5978319296870468,0.99636682553218,60.00369638152657,0.9994063220747584,0.0,4179.998060422702,0.8626763001985418,0.959068962741333,35.699164585763285,308.8025157958376,37.528625772470924,310.6474108882754,63.60839023788994,336.78963550000805,77.91306270876153,350.8593383616036,0.7984950037986481,0.4660126674815682,0.0002787554915674,0.0,0.3979989514142705,38.03175435794247,108.09353284545874,103.29927658389546,694.65,0.0,0.05953289255597622
1900-01-01 11:35:32,Thermosyphone,450.01548967883593,342.760483950949,1.4597478095843155,9.487640506252845,0.9865474199809162,0.0559607383106435,0.0566818223584973,0.5919580570267114,1.002190276688299,60.00641946336264,1.0018129265639184,8.170561515956988e-06,4180.006057791411,0.8200701837957115,0.9570980023743292,35.76572595269685,308.85903063535693,37.75612078905304,310.82837021170474,63.40774854278844,336.97108518506747,78.03659276344571,350.9545201822045,0.8067964965343405,0.4867518056650722,0.0016089688307769,0.0,0.3989426701661785,37.90215343013332,108.10425238669085,103.29973355016593,695.5333333333333,0.004902336909574193,0.06443522946555041
1900-01-01 11:36:08,Thermosyphone,450.00035353973686,342.76048394181026,1.454177130740559,9.499418083697948,0.9959869498418992,0.0251308011470144,0.0388427109278132,0.5915540940066751,0.9975189138897754,60.012884997799134,1.0070908543037425,0.0,4180.012738777054,0.836319375128986,0.9668502131706398,35.84162613384261,308.9462407830529,37.83832812603521,310.83413493644645,63.70798230234709,336.7211555200228,78.42320342827516,351.07613511721166,0.8126917483653135,0.4864709042599568,0.0,0.0013258186625567,0.3953121636923736,37.62845172620734,108.10314154826251,103.3014799880654,696.1333333333333,0.0,0.06443522946555041
1900-01-01 11:37:16,Thermosyphone,449.99738980688073,342.7604840516512,1.4634673057378564,9.493441340762722,1.0073153297963595,0.0275670837027979,0.0444103206230214,0.5894886996779908,0.9779998261996165,59.98822707452545,1.0122232790308006,0.0,4179.9944996797,0.8383902631667904,0.9686560721662408,35.909117070144994,309.0292534574253,37.760363295709375,310.785732367241,63.390120160593895,336.84589636239394,78.02585759109296,351.32808750892127,0.7683740412949231,0.4911010873568853,0.0,0.0021172773788877,0.395629116884293,38.096305692608624,108.10243123175512,103.29878744349114,697.2666666666667,0.0,0.06443522946555041
1900-01-01 11:38:16,Thermosyphone,449.99354784091145,342.7604840420436,1.4642806875673486,9.50495636646626,0.9927580582127692,0.0378942883141126,0.0529991160835968,0.5796665725945619,0.994482507035338,60.00938073503892,0.9873181922758364,4.650055525500261e-06,4179.993716848119,0.8532325734304048,0.9485233615029176,35.983309648078574,309.10589409096275,37.91475913644878,311.0902267505508,63.74798900329071,336.7216342554135,77.86650781470318,351.4831723978748,0.7869586526419405,0.4756129016966425,0.0009358303436259,0.0004322118577793,0.3985130724781814,38.12649891750747,108.09377787923856,103.29961889904706,698.2666666666667,0.0027900333153001566,0.06722526278085057
1900-01-01 11:39:06,Thermosyphone,449.9964939097256,342.7604840460666,1.4538724988852028,9.485641527000562,1.0046678946561838,0.0285231478310104,0.0669989233966094,0.60270094204767,0.9859671560034994,60.01079391826829,1.0236924654815829,0.0,4180.00903073509,0.8548402758033952,0.9617568029694848,36.043864448182354,309.1838246397353,37.70983654981709,311.10597652737783,63.290349231017544,336.99883507557837,78.42503780501016,351.07837902169257,0.7999459986899953,0.4941985898714431,0.0,0.0,0.394626305322565,38.38650998276313,108.09776276854096,103.29998639626122,699.1,0.0,0.06722526278085057
1900-01-01 11:40:57,Thermosyphone,449.99792398287974,342.7604839717417,1.44293313897718,9.484817435613945,0.9882019574972144,0.0227945044601288,0.0427312321207769,0.6030021480525856,1.0005409536881569,59.99173366918835,0.9898198104461708,0.0,4179.986121019773,0.8376412242225025,0.967143615737723,36.05113116037216,309.2322088423746,37.72769574812812,311.2340378870874,63.19663472904397,336.6826338980441,78.04801094589025,351.1179657242002,0.8031521295429215,0.4815558461727451,0.0,0.0004153735412239,0.395167029283563,38.53179938425403,108.10684525248726,103.30203586073,700.95,0.0,0.06722526278085057
1900-01-01 11:41:47,Thermosyphone,449.9802398764897,342.7604840170606,1.4555327229323662,9.491176490440637,1.0093324034385087,0.0352837171573674,0.0601688560770024,0.5991729887238649,1.007503217358087,60.0067947776115,1.0047316791551453,0.0,4180.009197129772,0.8502176172502771,0.980022607736458,36.07409402605928,309.2305824226173,37.71051748500956,310.90248672345695,63.51632835595679,336.4523951015236,77.80400842051766,351.14831000079465,0.799221288010706,0.4820207488682861,0.0014182712462836,0.0,0.3954730822147695,38.33602509880284,108.11746754818418,103.30035591603382,701.7833333333333,0.0,0.06722526278085057
1900-01-01 11:42:31,Thermosyphone,450.00066356864505,342.7604839791835,1.4470502396077376,9.481130085826278,0.9955710890903294,0.0212256392812692,0.0587012315936161,0.5976069268071695,0.9831792822387584,59.993264751252696,1.0075495375199384,0.0,4179.9971878219385,0.8463081678582935,0.9587172389538944,36.00831916142822,309.19442893571176,37.73471042229582,311.2955537083644,63.46403899115373,336.5730794582088,78.10817469508433,351.04871715510933,0.8025334219074776,0.471258840334622,0.001974511763573,0.0,0.3947926905547967,38.66162456613734,108.126151668641,103.29999979363738,702.5166666666667,0.0,0.06722526278085057
1900-01-01 11:43:41,Thermosyphone,450.00682681913463,342.7604839644469,1.4581634572992137,9.490546309644172,0.9925462979391544,0.0335160882341594,0.0621597785007228,0.61596577334121,1.0260545259387963,59.99943449581619,0.9915859311816392,0.0,4180.01607480789,0.8346162180084484,0.956830314415168,36.01490575694441,309.216754137702,37.681451936678116,311.07888026406744,63.72172602567669,336.6218451527536,77.92155430264448,350.70476229563513,0.7991179218817388,0.477849729445617,0.0,0.0004047519737175,0.3945835954373679,38.2040028007588,108.13116423273084,103.29896259368468,703.6833333333333,0.0,0.06722526278085057
1900-01-01 11:44:29,Thermosyphone,449.99693634104096,342.7604839687512,1.44627005369253,9.503065132438008,0.9952475196093704,0.0389319939662259,0.047703201310536,0.6045720031010592,0.9984572511801688,60.008615394691475,1.0010299852806452,3.232313501746685e-06,4180.01247082225,0.8353952454363842,0.9692199512141596,36.0480408260143,309.13714980889154,37.79627154225817,310.9082117726714,63.57442351767711,336.7377873084067,77.62296622186676,351.1356665646296,0.791433191883124,0.4786168104630103,0.001299548949386,0.0019034705876743,0.3929744632537799,38.75843300099832,108.1462646461552,103.29780907403166,704.4833333333333,0.0019393881010480111,0.06916465088189859
1900-01-01 11:45:21,Thermosyphone,449.9879522923246,342.76048398358455,1.45218074335846,9.500279487937554,1.012776939313762,0.0442247618047256,0.0765306265606087,0.5975657205834356,1.00789252921362,60.00414411694695,1.0150656669257865,0.0,4180.008452578464,0.8662907275714935,0.9527918715371648,35.989273344459235,309.1522866783527,37.74913646619387,310.8476078420873,63.80941002176215,336.6112294622491,77.97190321847025,350.7114981306924,0.7979291108245394,0.4879713914630719,0.0,0.0,0.3924563825752734,38.74296295882184,108.15209310382606,103.30012193162584,705.35,0.0,0.06916465088189859
1900-01-01 11:46:08,Thermosyphone,449.99441877724263,342.7604839941192,1.4512222079453851,9.490064133818333,0.9911649542023194,0.0407052089074637,0.0648705952560685,0.5860157365946733,0.997237397900594,60.00977049602686,1.0033445785491717,0.0,4179.995492873965,0.850132618852838,0.9589893588321958,35.92495890500485,309.1065785825264,37.571923484895805,311.10103680089355,63.638883128576545,336.5169268638154,77.7109376872122,351.16176530003,0.7937692353894129,0.4929927510690688,0.0004602351455471,0.0,0.3916430727043508,38.66659972308051,108.16218246240176,103.29679376075386,706.1333333333333,0.0,0.06916465088189859
1900-01-01 11:47:19,Thermosyphone,449.9967826870517,342.7604840149781,1.4521563527368149,9.529982727434597,0.983427153641899,0.0306694054531276,0.0570520544315186,0.6235846774095014,0.9900758130022034,60.01829214895003,0.9908297059062436,4.702369778798185e-06,4180.000753945489,0.8722999854052078,0.9778198526738188,35.940394438839036,309.17077742451784,37.668488052545015,310.9133104630879,63.80521813618029,336.5259506937235,77.3553530481339,350.64663404623957,0.804524866714997,0.4838718231019798,0.0,0.0001918571446391,0.3943467702208909,39.14166120146374,108.1739354211634,103.29826522405904,707.3166666666667,0.0028214218672789108,0.0719860727491775
1900-01-01 11:48:11,Thermosyphone,449.99379406427454,342.7604840430197,1.439594400033714,9.505597331386976,0.9893460369764768,0.0527205712370574,0.0577116212373663,0.6021933114193041,1.0050493871181438,59.99663119921219,1.00675777292475,0.0,4180.007312040068,0.8505857627564782,0.9351880851469466,35.925141583654124,309.12059958155055,37.96992828954927,310.9622308856119,63.47872245862729,336.59340193900346,77.49721763733078,350.6377883389687,0.7902090816102858,0.4866165014452918,0.0015652809436452,0.0,0.3928095773704356,39.024859379419176,108.18447905324751,103.29941776045834,708.1833333333333,0.0,0.0719860727491775
1900-01-01 11:49:02,Thermosyphone,449.9953611465201,342.76048401256423,1.4606398161519047,9.499805824561236,0.9863577604457426,0.0291001318808087,0.0563682403353148,0.5877891178689127,1.0022635703799712,59.99639202378299,0.9939777149388128,9.706914265929977e-08,4180.016763520912,0.8528881658206686,0.9570433427337433,35.88599257193893,309.0797383607265,37.93297948968321,311.02105508792124,63.696841485644015,336.73046139449076,77.05239572550764,350.43268279921716,0.8052486798343587,0.4872101152546834,0.0,0.0,0.3935467284210597,39.26087498729134,108.1946099559734,103.3008948410792,709.0333333333333,5.824148559557987e-05,0.07204431423477307
1900-01-01 11:50:56,Thermosyphone,449.98974718633207,342.76048396409266,1.4554300784541332,9.510415833830756,1.0039535342348165,0.045610959353166,0.034984440879492,0.5853834624349362,1.0111988382653498,59.999653615716056,0.9868631212103566,3.2073472164888777e-06,4180.002580361614,0.8795146427450774,0.972500004473316,35.99848350432101,309.13749992823193,37.83626645847864,310.9470819418922,63.23891421061847,336.7884065336922,77.28666553052018,349.882222543912,0.7936447677486497,0.4717125816089237,0.0012453345211922,0.0,0.3950476479773024,38.88708382891891,108.18694850040256,103.3105683235282,710.9333333333333,0.0019244083298933267,0.0739687225646664
1900-01-01 11:51:45,Thermosyphone,449.98941367608376,342.76048398282285,1.4487503822782135,9.50539327847292,1.0111816761115684,0.0241308076886865,0.0470922350580653,0.6001424387974271,1.0008219363457391,60.00833255569661,1.0011984710614756,0.0,4179.988881064791,0.8317529072863966,0.9562888807756146,36.08213299921779,309.25261309416663,37.77398775162335,311.24002495787056,63.450724744518595,336.5320361504823,77.34238031607205,350.2451045020128,0.8020890804134095,0.4593590314501505,0.0008583665196999,6.497307178434828e-05,0.3927629497172565,39.31137157949167,108.1771287494881,103.31693765828066,711.75,0.0,0.0739687225646664
1900-01-01 11:52:53,Thermosyphone,450.0049459758048,342.7604839805205,1.4605594305456784,9.504077109007024,1.019544844633557,0.0511035088586697,0.0541116869397762,0.5955081475790355,1.0178368991513664,59.99898451347889,0.9912948807769824,0.0,4179.99137603462,0.8463591475583295,0.9676540148311632,36.192677942749505,309.3486964048944,37.8451690084496,311.0745465251904,63.82688210913383,336.7491335974761,77.60243573132759,350.18262773937806,0.7925820104935348,0.4724888504432178,0.0,7.179364420877984e-05,0.3945392916287569,39.27053387742354,108.17344680854612,103.32609027157744,712.8833333333333,0.0,0.0739687225646664
1900-01-01 11:53:35,Thermosyphone,450.0028530984252,342.76048396100026,1.468088955310943,9.480812408068328,1.003222340880863,0.0350851822729687,0.0648914474504575,0.607618450919294,0.9791584085867804,59.97577603393018,0.9899864358941296,0.0,4179.998109930593,0.8503024540836427,0.9667359601811416,36.23379310370142,309.3730144702904,37.86589833986013,310.94413355892016,63.4098207879691,336.4689161978691,77.31375547095423,350.7675013630588,0.7837672970486684,0.467744695516004,0.0008145750039971,0.001527314789418,0.391723967586384,39.22258059671866,108.15626908445702,103.33672436276858,713.5833333333334,0.0,0.0739687225646664
1900-01-01 11:54:25,Thermosyphone,450.0217557892563,342.76048407637046,1.4586116379321374,9.50485461701597,0.9988208725754878,0.0514179566124442,0.0499692952227186,0.600633567526043,1.0136040326230435,60.00626182519761,1.0213098128391709,0.0,4179.994444175819,0.8409609398489211,0.9684177916932584,36.34376181959385,309.5181345863436,37.70869817794776,310.9844178660468,63.79687975264055,336.8356874172565,77.03802654980713,350.59854144230115,0.8082635292091412,0.4750659259427274,0.0,0.0006450547111895,0.3920544114040397,39.66002695463259,108.15396357585784,103.34868209185278,714.4166666666666,0.0,0.0739687225646664
1900-01-01 11:55:21,Thermosyphone,449.9950400126265,342.7604840167928,1.463666042636581,9.486212863692296,1.0129731271377018,0.0254188155518095,0.0500639960004615,0.5969297336942864,0.992923751890582,60.011332504296206,0.9765294721572696,0.0,4179.990972361491,0.8587489740681333,0.9755042131601356,36.46239647335989,309.62693338510894,37.59430158029235,311.0236845377575,63.15741932771298,336.47760578977005,77.46295937233114,350.5854991421676,0.8137575379677454,0.4602136465967087,0.0,0.0,0.3890053425889883,39.83746047645648,108.14612613463672,103.35670061851718,715.35,0.0,0.0739687225646664
1900-01-01 11:56:28,Thermosyphone,450.0006815024694,342.7604839683764,1.466266542931011,9.493083969344054,0.9880057618457374,0.0284958989033912,0.051218571124674,0.6126552984645124,1.0005260881697828,60.01224428532291,1.000913420675159,0.0,4180.027211737391,0.8682104452991573,0.9619690697977148,36.518182397382525,309.65006253708714,37.91058997978748,310.98374481889147,63.451568397801054,336.57726450835145,77.53438870752255,350.813585444017,0.8031421987538967,0.4727655596715409,0.0,0.0005682109684882,0.3897660349934606,39.873497044354465,108.13899299511716,103.3635756060382,716.4666666666667,0.0,0.0739687225646664
1900-01-01 11:57:11,Thermosyphone,449.98223661269486,342.7604839633424,1.4400893250843,9.50026671092337,0.9955771246284112,0.0307933846296974,0.0587260547090827,0.6012932788545355,1.0004758692856552,60.00558116780482,1.0103645244614023,0.0,4180.0070667984655,0.8319106320069545,0.9520561645896262,36.64938541318192,309.7928673060725,37.95049330098142,311.04402883548613,63.59309035334423,336.24442070896134,77.43506237290178,350.6495744787209,0.820352851581382,0.4902654990617526,0.0013183838914357,0.0,0.3950763553890986,39.917342179733026,108.12356933801792,103.37597447117068,717.1833333333333,0.0,0.0739687225646664
1900-01-01 11:58:02,Thermosyphone,449.9913130024791,342.76048399236817,1.446544427622177,9.50527211196284,1.0027676268596732,0.0411350831680232,0.0689380683169043,0.5836603083262978,1.01366385768267,59.99175348170425,1.014621639029858,6.926896886305186e-06,4180.023015530388,0.8480948571677961,0.948367405308032,36.72534613027478,309.86697777701585,37.675587760402976,311.1178673668465,63.180593095190545,336.7298098899622,77.70390808914853,350.62578494609113,0.8003616436196949,0.4775743276074217,0.0,0.0030190584667706,0.3896385390292876,39.92874590887308,108.12183199811018,103.38128605643614,718.0333333333333,0.0041561381317831115,0.07812486069644951
1900-01-01 11:59:01,Thermosyphone,449.9867089895259,342.7604840388778,1.463468654949357,9.504699336138938,0.9849120412470548,0.045035828386788,0.0528530440721251,0.5966193622410495,0.9862325920402604,59.9994331739174,0.9912915792861952,2.909870700177957e-07,4180.000633400633,0.846618417361889,0.9688202346323588,36.8076478803079,309.9710275694789,37.93985671508912,311.15885222013475,63.15542503249242,336.4098859396767,77.73237131605458,350.7417345307162,0.8112580525282127,0.4874524279586667,0.0,0.000857988208293,0.3905838036228457,40.191709214600365,108.1159156874456,103.39242042607556,719.0166666666667,0.00017459224201067742,0.07829945293846019
1900-01-01 12:01:08,Thermosyphone,449.9844841806489,342.7604836184786,1.4536851791237462,9.495997094585672,1.0037244803952714,0.036318914571198,0.0610610742476503,0.6098476048490945,1.0041347341110958,59.98987786712407,1.0054737377912577,2.451555272341379e-06,4180.003538854303,0.8503000709180896,0.9740033487303432,36.824382976447694,309.9780906235128,37.98712775812323,311.1211865787451,63.50757561690085,336.4656884186546,77.35030368003952,350.5144181938804,0.7956732728490918,0.4879242516588235,0.001005855655019,0.0,0.3915394074500408,40.15607549180749,108.1143452241285,103.3939422642402,721.1333333333333,0.0014709331634048274,0.07977038610186502
1900-01-01 12:01:50,Thermosyphone,450.0082741522565,342.7604833564661,1.450537430961195,9.496032098067094,1.01489015659129,0.0269232902531969,0.0507396569629135,0.6004621508676411,1.0097018103768045,60.004053908928114,0.9908682013232358,3.534852292308586e-06,4180.0084514941245,0.8394899590378757,0.9531219680580753,36.76123977895975,309.89679716421824,38.04273396950243,311.0302964288435,63.380368217218546,336.4020742537108,77.50961331014848,351.0035803675117,0.8074828825703639,0.4638260279206844,0.0,0.0006193428739558,0.3896590735940967,40.1398396635013,108.13319566737692,103.37997528908564,721.8333333333334,0.0021209113753851514,0.08189129747725017
1900-01-01 12:02:44,Thermosyphone,449.99619728091506,342.7604829462839,1.4556815455986518,9.49034828861974,1.0069380550109628,0.0534614731611802,0.0426426308570156,0.5829742409562176,0.995210339520108,59.98650090186511,1.01641617773092,0.0,4179.9967230514185,0.8647352165045121,0.9687121252782124,36.697868776495405,309.8414243054039,37.90603999220838,311.0491776959915,63.74353765718944,336.6147978075123,77.32566821362998,350.9031343756037,0.8103653289218081,0.4777320397179426,0.0009802870669085,4.9935720214267784e-05,0.3883128007402958,40.30270445718121,108.150331233356,103.37184927191262,722.7333333333333,0.0,0.08189129747725017
1900-01-01 12:03:32,Thermosyphone,450.00332844873174,342.76048255153665,1.4431518314210154,9.490801449776187,0.9999730795175352,0.0446436792396641,0.0507224115743845,0.577932054766296,1.0128690495131163,60.01772311689336,1.0158379268645312,1.9782302512944004e-06,4180.006719858863,0.8434580766116868,0.9618857866835904,36.620753311145315,309.79820156442884,37.7691081829696,311.15482462251896,63.49468776065993,336.834045381382,77.59704933340774,350.62953204004737,0.8084332597371745,0.4682659529932484,0.0,0.0,0.391359116768624,40.376493028753856,108.17372136780465,103.36436388913722,723.5333333333333,0.0011869381507766403,0.08307823562802681
1900-01-01 12:04:18,Thermosyphone,449.9907368184728,342.76048218559913,1.4664733839957085,9.505725877615356,1.0131076616805987,0.037783761279893,0.0510068045298568,0.5950020100039597,0.9956432774637008,59.991695631482145,0.9945671940656804,0.0,4179.993484459404,0.8502657489683447,0.9418136588675512,36.59116739591074,309.7358217619909,37.99765750229935,311.0412314401159,63.53238193824746,336.93402829982665,77.52626960355852,351.0681054464233,0.7859388231025233,0.4775263517426948,0.0,0.0,0.3886497221552418,40.37186331175256,108.19379118520736,103.35296170958284,724.3,0.0,0.08307823562802681
1900-01-01 12:05:30,Thermosyphone,449.9855911224495,342.76048180495576,1.4695467186865043,9.504620427891634,1.0027228033549216,0.0463010592812293,0.0557597501483798,0.6062800564330247,1.0140366303600117,59.9896154563758,0.9992926076524964,2.316955362200782e-06,4180.007496422853,0.8555805791065698,0.9730653657942064,36.50723640604007,309.6377309605306,38.10339815434413,311.10445150914944,63.58918653745259,336.8378552741095,77.4663433306419,350.87960147204745,0.8089016655864719,0.4831173284682148,0.0006866860142776,3.1773549511882655e-05,0.3914742651181453,40.085199732237534,108.20479010762487,103.34539926080834,725.5,0.0013901732173204693,0.12769568767231418
1900-01-01 12:06:19,Thermosyphone,449.9904948445082,342.76048147476547,1.4465647881739023,9.50217361269793,1.0012428970989642,0.0405769696601457,0.041708152023693,0.5980683441685176,1.012269369409447,60.00543523344738,1.0096283871397933,0.0,4179.9829771689865,0.8453353182461782,0.958493220597734,36.482979942436245,309.63017355866805,38.0133377141671,311.01343378257434,63.767139567565465,336.85126788701336,77.491798995435,350.4606157699371,0.8046390465279332,0.4797015723882633,0.0010212401604762,0.0,0.3877416029046893,41.30517385973804,108.22403275407358,103.33676180067071,726.3166666666667,0.0,0.12769568767231418
1900-01-01 12:07:18,Thermosyphone,449.9901781446198,342.76048114725427,1.4556924238499775,9.50149480040671,1.0181838633498002,0.0320897907671724,0.0451235902220633,0.5965448720146865,0.9862735358134412,60.00275839468484,1.0047305391760553,6.665069952161462e-07,4180.006558303518,0.8586565407737394,0.963387028075108,36.38563424603483,309.56844274837937,37.891226672095456,311.28608292122215,63.77651516809112,337.0882082662399,77.86155146578918,350.26279030126506,0.7980773962110635,0.4759605163848159,0.0021676915695349,0.0,0.3939347740281808,40.39013751271315,108.24674127739316,103.32673788434646,727.3,0.00039990419712968776,0.12809559186944386
1900-01-01 12:08:13,Thermosyphone,449.9943485630413,342.76048071256247,1.4381203446258373,9.501081736714134,0.9850207798271496,0.0269033104904298,0.050868700772973,0.5987865084036699,1.0102708993322638,59.98646870399198,1.0042101202858296,1.172532455040005e-06,4179.996976288181,0.8419636454618932,0.9592090758953704,36.34658546557616,309.4688404737118,38.080940664797055,311.09978619178395,64.16391482453062,337.02725235727394,77.48605566698309,350.37338290583017,0.7857284820960794,0.4838129026327406,0.0,0.0002740817883459,0.3881206971988015,40.72582641114879,108.26134018257578,103.31859052676472,728.2166666666667,0.000703519473024003,0.12879911134246785
1900-01-01 12:09:04,Thermosyphone,450.01864651597657,342.760480341195,1.4675367226014109,9.489455070409884,0.995346678226296,0.0315845612969099,0.0625963723186284,0.6043698942638709,1.0013717316709905,60.00234454961948,0.989156316483352,5.100652077991803e-06,4180.013895288824,0.8496570022474138,0.9601326067610686,36.27781824700668,309.4096824747799,37.9674910464919,311.0832573854636,63.87796884659359,337.0059930776483,77.64266188465255,350.59900905225896,0.795716354799724,0.4737317759412269,0.0,0.0015202735956905,0.3899158018885881,40.99268999347812,108.27986732283397,103.31110843342088,729.0666666666667,0.003060391246795082,0.13185950258926293
1900-01-01 12:10:55,Thermosyphone,450.0145263648837,342.7604799995638,1.4559019776617914,9.494720454755017,1.0007748692204363,0.0422498409716055,0.0649269647193447,0.615397129166483,1.0008994684204626,60.01219038429022,0.972823486418183,0.0,4180.002497114029,0.8588712163872942,0.9642310091532784,36.216957205687606,309.3577700313554,37.92461964642818,311.3906864194045,64.1712772595114,337.3526028550274,77.56557734397555,350.6158227020235,0.8055469417989555,0.4797537855104677,0.0,0.0,0.3876788015040541,40.94273542618869,108.28092575051944,103.28899094594232,730.9166666666666,0.0,0.13185950258926293
1900-01-01 12:11:52,Thermosyphone,450.008385507548,342.7604799749018,1.4380743256351056,9.503935795273051,1.0023843245888764,0.0402050703726319,0.0366557190928574,0.5808225953855558,1.0171155936398495,59.997835920394735,1.0050439915079936,0.0,4180.004135401053,0.8372173402330143,0.9555429057326632,36.20675256172346,309.36183652444237,37.95341753654115,310.9750208716046,63.88577467195624,336.99362098319796,77.41018258959733,350.7529617367295,0.7998865931651432,0.4716302648386132,0.0025543915064288,0.0006998362698988,0.3904011167049717,41.255492581467216,108.26692621961922,103.28287813642896,731.8666666666667,0.0,0.13185950258926293
1900-01-01 12:12:37,Thermosyphone,449.9931779006824,342.7604800950788,1.452236448186464,9.504868612003149,0.997853983799124,0.0483139718140099,0.0400541468784404,0.5899470760365384,1.0113434061023936,60.001985324299376,0.9752237912356074,8.512891086160759e-08,4179.998180322934,0.8571066823387913,0.963210541064788,36.26202154164813,309.4065187292959,38.08852651604068,311.06970350971557,63.80787960078463,336.95156376030644,77.44546241039116,350.98516806555745,0.8107758392832495,0.4861399541196814,0.0,0.0,0.3876461896694852,41.73972792084549,108.24739336690106,103.27513482993442,732.6166666666667,5.1077346516964556e-05,0.1319105799357799
1900-01-01 12:13:32,Thermosyphone,449.9977436396561,342.7604799588834,1.4421762071892406,9.498447401611369,0.9966429401127888,0.0348718301425635,0.0346527621783574,0.6019676979167529,0.9971613035800568,60.009148655091685,1.0055050252112314,0.0,4180.003956918759,0.8440113176817234,0.9753250570646804,36.27208084484195,309.4113675732097,38.0251672506859,311.047141847129,64.1424320971963,337.4350715089472,77.43797394203744,350.8584646228747,0.7988959533266158,0.4740572301111203,0.0015457799114066,0.0012155306581228,0.3877917375289226,42.131776837150355,108.22739337553996,103.26330144235374,733.5333333333333,0.0,0.1319105799357799
1900-01-01 12:14:34,Thermosyphone,449.9925396710099,342.7604800473933,1.4625149874901928,9.49645054015738,0.9981448129455116,0.0309222785968708,0.0526250934748061,0.5870636204601428,1.0000316994463945,59.9948279458542,1.005670558451908,3.7905259203979144e-06,4180.007869380921,0.8487742942354802,0.9529037621614772,36.284362271476425,309.44053383982805,38.14798922719722,311.17444004649354,63.74579058248125,337.0883695607461,78.06685729718723,351.310837441538,0.8079319978199868,0.4700973609937491,0.0017883445143639,0.0,0.3867484641492454,42.027086550869825,108.20400913390792,103.25565539733964,734.5666666666667,0.0022743155522387485,0.13418489548801865
1900-01-01 12:15:26,Thermosyphone,450.003991228696,342.7604799731442,1.4648128985822608,9.505131236157952,0.9963667160080752,0.0494528127938812,0.0233971392485337,0.6036231151166483,0.9989246233332902,59.99205001124307,1.0017720943273505,1.817154628431573e-06,4179.992630376167,0.8488047349497805,0.9595858009087854,36.31767454406796,309.4867680079263,38.054814812284306,311.41315315073587,63.67072462161202,337.09168759950444,77.56711121659092,351.04495415105134,0.8072225427622829,0.5002296925347347,6.266308036858075e-05,0.0,0.3895409103360929,42.16240247893261,108.1912711294122,103.2467241755653,735.4333333333333,0.0010902927770589438,0.1352751882650776
1900-01-01 12:16:28,Thermosyphone,449.9826787093879,342.76048000168123,1.456184667882872,9.489304300169776,0.9837610029692267,0.0393315380891042,0.0453626782956298,0.5927530190765501,0.9986263169741334,59.99648975816199,1.0001759542526647,5.732830462719622e-06,4179.999698710014,0.8688037027139411,0.9724409866934924,36.348411838856045,309.4608370383474,38.092944637398446,311.16967691882456,63.94293709928564,337.0114057115823,78.0262900758994,351.15081979191933,0.8016784696765274,0.4764309105979036,0.0,0.0,0.3888533266450277,42.332350769154495,108.17250628661763,103.2375651386371,736.4666666666667,0.0034396982776317736,0.13871488654270936
1900-01-01 12:17:19,Thermosyphone,449.9852519215933,342.76047999737733,1.447635679048098,9.499458168417569,1.003902711467386,0.045094148386522,0.0666378459627678,0.5949918311458228,0.99705056436294,60.005740279926144,1.0096198605395923,0.0,4180.006867171469,0.8566547895494067,0.9584964334543316,36.33931321794438,309.51198371596325,38.1954278791044,311.3423315774449,63.73100093690057,336.71377866714107,77.99188730714788,351.10947688557053,0.8045814820321353,0.4723548702783283,0.0008058089478175,0.0003991316228849,0.3862714734206214,42.75313577519876,108.15328298073364,103.22630845130264,737.3166666666667,0.0,0.13871488654270936
1900-01-01 12:18:12,Thermosyphone,449.99985287239167,342.760479970482,1.4625500174543882,9.49990845288122,0.9924178671645092,0.0224603415098116,0.0542641737895975,0.6009902380238715,1.0011938279134078,60.01376824475898,0.9750938516777636,4.614530563064943e-06,4180.013637989612,0.8401992410334664,0.9701467472688516,36.34589719719174,309.49011652884815,38.15177440504355,311.52744776254883,63.8974219158115,336.9947797695838,78.23481596477396,351.1088034705981,0.8149751456587814,0.495706205956302,0.0005449238978138,0.0,0.3890888218398461,42.838075663392075,108.1387333366374,103.21975541870692,738.2,0.002768718337838966,0.1414836048805483
1900-01-01 12:19:08,Thermosyphone,449.990974624669,342.7604800486062,1.4591413538336797,9.50324157457726,1.0061509503238648,0.0431173299002213,0.057479483282893,0.6019745867587462,0.9982241053788944,59.994498169157566,0.9948867466336292,0.0,4180.009894389972,0.8466310699256581,0.9588892290977038,36.37961024316561,309.54386269871827,38.257740511377214,311.56280261691626,63.5829987570368,336.9296983609286,78.24123298455892,350.97796811637494,0.8174134047223948,0.4788389160171828,0.0,0.0009459235581753,0.3835119913537458,43.03142621816767,108.11453153766914,103.20907026511436,739.1333333333333,0.0,0.1414836048805483
1900-01-01 12:20:56,Thermosyphone,450.0079253211696,342.76048001341525,1.4772125170156871,9.500619771596298,0.996580723752501,0.0522611837553003,0.0493469627348891,0.6041821438071088,0.9606272540705152,60.00453243159382,0.9992523223010564,0.0,4179.993436538361,0.8590315137138389,0.9395833172896711,36.47789176313813,309.5851288735144,38.270534803496645,311.5995917538367,64.11000491425499,337.0625438606512,78.50614867327509,351.16876932533927,0.8060006543184504,0.4919810096527079,0.000679190666119,0.0,0.3871297012499503,43.258320424961376,108.0972674920196,103.20588992671314,740.9333333333333,0.0,0.1414836048805483
1900-01-01 12:21:41,Thermosyphone,449.9949926615046,342.76048003670945,1.4838801741038663,9.508567895485491,0.9921174106708858,0.0357896247979497,0.0608218699736783,0.606137905827502,1.00390917126375,60.00238092325534,1.0119929200771902,8.12935425118518e-06,4180.000096024012,0.85158779776755,0.9650441929595764,36.4080849137751,309.51871422937904,38.312305513313106,311.3187262551906,64.54954743875413,337.5080709851468,78.71040844142428,351.429421099012,0.8113119081039643,0.4636836897202865,0.0011904570461238,0.0,0.3881635003838116,43.29527153467478,108.10251254787792,103.2188777256712,741.6833333333333,0.004877612550711109,0.14636121743125943
1900-01-01 12:22:45,Thermosyphone,450.0044267898505,342.7604800548067,1.4507356401442717,9.514034121631209,0.9964588161589618,0.052069493980204,0.0733972014848052,0.5920167815620018,0.978439671909956,60.00163725767231,0.9930831046488018,0.0,4179.996707364716,0.8446621150278472,0.974310037397396,36.45185954430183,309.6034230860275,38.55230787626133,311.341647954604,64.16939149582659,338.08253349254494,78.60038470361818,351.69435477890664,0.78197085235885,0.4664830441862335,0.0008784374649597,0.0,0.38288351388146,43.26591436946949,108.10386246000624,103.22904307442016,742.75,0.0,0.14636121743125943
1900-01-01 12:23:39,Thermosyphone,450.0283399697724,342.7604800334862,1.47445127610214,9.5133329364799,1.0083123830785787,0.0266079828518475,0.033996404790831,0.5925865034814956,1.0025835712948528,60.000010809661255,1.0037470444680434,0.0,4180.0047776140445,0.8598754879468951,0.9600794969256758,36.430071930590174,309.52722497686597,38.41112891309227,311.36862056537393,64.70106000528916,338.151032243355,78.84081210704028,351.94716835614975,0.8095300742132691,0.4690593914582311,0.0,0.0,0.3891208099578355,43.69217507122414,108.0991019101826,103.23752864880636,743.65,0.0,0.14636121743125943
1900-01-01 12:24:34,Thermosyphone,449.99882562979394,342.7604800152271,1.4648544757735038,9.498578481973349,0.9874951072987042,0.0435458260889555,0.047359400005829,0.5885464880040981,0.992317770530798,59.99750541829107,1.0002716483908778,2.0421628846175935e-06,4179.997875227467,0.8544990706298791,0.9562662819957428,36.45737575948265,309.60454819880437,38.40294920360316,311.6544909934234,65.07043226956243,337.99920064139405,78.7766575622138,352.0890437834651,0.8002493910392883,0.4831811521301609,0.0,0.0,0.3869776740291082,43.757572167414,108.0972372457003,103.24596267967938,744.5666666666667,0.001225297730770556,0.14758651516203
1900-01-01 12:25:23,Thermosyphone,449.98847555197665,342.7604800023159,1.458518949002541,9.503963888794472,1.0073004500952674,0.0567711480044049,0.0594874975279006,0.596391513157354,1.009396888158007,59.98532482469179,1.0010069242813115,3.830192608588053e-06,4180.006791619415,0.8582824082206135,0.9791003937633672,36.4383622054096,309.62247631644215,38.35271707601356,311.6440378501568,65.40167521606061,338.663852589815,79.19216643415348,352.17455525847674,0.7979018416014805,0.4763232300121629,0.0,0.0010115601435872,0.3880796637612136,43.64426900493554,108.09333867089693,103.2536683411024,745.3833333333333,0.002298115565152832,0.14988463072718283
1900-01-01 12:26:24,Thermosyphone,449.9905321748127,342.76047993612445,1.4519043567649477,9.479598111233177,1.0032544219758937,0.0359892551777028,0.0506026720299715,0.612966566562252,0.9909206423593796,59.97852096892191,0.9997163759499172,1.7050357411841157e-06,4179.985704565765,0.8463154163707548,0.95652802786767,36.46424415200658,309.59975025437166,38.70249957643503,311.5102062499753,65.6769443560851,338.71361663050993,78.54355572751629,352.4299930276738,0.7684320028544834,0.4935681852859784,0.0,0.0,0.3855564953938215,44.19193091137236,108.10117664270342,103.26337156227184,746.4,0.0010230214447104694,0.1509076521718933
1900-01-01 12:27:11,Thermosyphone,450.00650723123334,342.7604799879296,1.4634866634977346,9.480365230881215,1.0052844194174049,0.0431799160785837,0.0363977617375625,0.5896736525073523,0.9985262380101088,59.995134907563475,1.0029002619087255,0.0,4179.9911543579265,0.8711400592313194,0.9515762321285588,36.4634179659781,309.61873228398326,38.38560224772322,311.70937333335854,65.81249432956949,339.20342382061307,78.98889752573729,352.4369362586766,0.7978592203294812,0.478252381136955,0.0,0.0005361726059259,0.3835893726624132,43.66928387999289,108.1075002060777,103.2734285209392,747.1833333333333,0.0,0.1509076521718933
1900-01-01 12:28:08,Thermosyphone,450.00642088772054,342.76047999803853,1.4338345736892977,9.50161329993603,0.9987812552718112,0.0434913454379648,0.0422527262947853,0.5977954869245622,1.0114212533699083,59.99849155456405,0.9957103669394176,1.3272459907757356e-06,4179.996058334572,0.860678600932764,0.9582549465888706,36.48975686899835,309.6159324700423,38.29947846581573,311.67960421935595,66.21695815720192,339.4303423846684,79.39845703161373,352.1447456878256,0.8011978541784313,0.4599418160386392,0.0006593780264576,0.0,0.3861566952372538,44.07495025570319,108.09801391433544,103.28178627273344,748.1333333333333,0.0007963475944654414,0.15170399976635876
1900-01-01 12:29:12,Thermosyphone,449.9834610230043,342.7604800209918,1.4575323912945797,9.509481453545025,0.9834810884158588,0.0400353651314911,0.0610419642701093,0.6135916429721406,0.9923074577049488,59.99720463813514,1.0184141239836726,0.0,4179.999542520436,0.8517742498342514,0.9617492955402536,36.470498298092245,309.6626683769243,38.576674098698,311.83519187074154,66.30249132208569,339.50504193525046,79.58250664206848,352.8640429301837,0.7999002584323649,0.464719737214942,0.0,0.000940037498229,0.3863291061866418,44.23064612136555,108.10708676646249,103.29031192164771,749.2,0.0,0.15170399976635876
1900-01-01 12:30:49,Thermosyphone,449.987972921669,342.76047999599547,1.466539406053624,9.51727181856018,1.0021877109646986,0.0401473217405074,0.0486711440198034,0.6122638754350197,0.9923799326203172,59.99895071239199,0.9992260845754216,0.0,4180.018082177859,0.8410802816478523,0.9845527262140068,36.476592449107486,309.6223981569837,38.41359592275349,311.7168019160809,66.8521681832815,340.1938349058049,79.40380585836155,352.3983287526455,0.7962906566485388,0.4827977378008893,0.0,0.0,0.3857421915486256,44.07327966229747,108.12423917850435,103.31666552608168,750.8166666666667,0.0,0.15170399976635876
1900-01-01 12:31:48,Thermosyphone,450.0045632649224,342.7604800896104,1.4680007474477978,9.487382939455612,0.9846320253560288,0.038897206226673,0.0657198750372935,0.606571375941923,0.9947267743906436,60.0100163993882,1.0137735194864517,5.314534319052101e-06,4179.989335855902,0.8543741955628833,0.9471882393552482,36.464220964232695,309.6029717753166,38.45117314260856,311.46382365714004,67.13991709545118,340.15701032047383,79.45088501918909,352.8479312973524,0.8153074633756459,0.4834538526855381,0.0,0.0,0.3845098445068137,44.22062070289748,108.1482435907003,103.33583959769848,751.8,0.0031887205914312607,0.15489272035779003
1900-01-01 12:32:51,Thermosyphone,449.9917275978984,342.7604799370429,1.4554608061412209,9.51102807188144,0.9827757145596852,0.0419003696205176,0.0541144567066308,0.6053685637100286,1.0055709522557852,60.00608138183828,0.984160592803562,2.239839967047088e-06,4180.013775135115,0.8477834606349368,0.9637141974958612,36.450564983565705,309.65212362810803,38.40038477163596,311.81569538788034,67.09949280353237,340.42805968563624,79.56601503074377,353.15728541528256,0.7802786545989558,0.4836931847753595,0.0,0.0,0.3876310522114616,44.65516179984737,108.17441621838552,103.35453710519374,752.85,0.0013439039802282528,0.15623662433801827
1900-01-01 12:33:34,Thermosyphone,450.00569796436633,342.76048006035023,1.462887565223121,9.50434652568371,1.0050804120099242,0.0290749006011777,0.0570113485466553,0.6092109587881718,0.9938764378488262,59.99357516302207,1.0144998045689155,7.603212243770629e-07,4179.988626820338,0.8457591491814681,0.9554248170549308,36.46222691166433,309.6119958804809,38.4344742722641,311.80946511436423,67.45869110900789,340.7185466925114,79.40804211268622,352.8885216656668,0.8117477677325836,0.4872541201456247,0.0,0.0,0.3859159590082492,44.568521380917275,108.21147768255166,103.37294410877288,753.5666666666667,0.00045619273462623773,0.1566928170726445
1900-01-01 12:34:32,Thermosyphone,450.001204796812,342.7604799729428,1.4733604550570998,9.505481798767365,1.0139933764606357,0.0347080308358807,0.0445946425716135,0.5968075619736554,0.9913840900463736,60.00678153274268,1.007125067068178,0.0,4179.9968033567375,0.8537660223746949,0.9524741059770272,36.44560272402021,309.6397514058679,38.36720574878119,311.544083975532,67.89558679822329,340.26374382726794,79.55597393404898,353.25165301886125,0.7959045205184115,0.4849982994681782,0.0026911088094977,0.0,0.3831775585692705,44.8147838367483,108.2360844881746,103.39018231799216,754.5333333333333,0.0,0.1566928170726445
1900-01-01 12:35:26,Thermosyphone,449.98671872289566,342.7604800151894,1.464693567739699,9.498385487176476,0.9977618726000024,0.0454878334371093,0.0446176336664432,0.5969186936552202,0.9993166630887772,60.01472011586595,0.999507795666656,0.0,4179.99835852228,0.8461620549504829,0.9503508125698634,36.42537436702315,309.6148648140087,38.378876669994334,311.6062584610074,67.54686684213634,340.553088458277,79.74221807769408,353.2329277776466,0.7958541829941349,0.4732362665620953,0.0,0.0,0.3843562152060498,44.78505148497639,108.2632770511313,103.40841122450269,755.4333333333333,0.0,0.1566928170726445
1900-01-01 12:36:23,Thermosyphone,450.0031125888122,342.76048000690395,1.4626799000790385,9.499007505528631,1.0121294675386998,0.0446619238222929,0.0648783540313388,0.5992028860460272,1.002721256262237,59.99317818982592,1.0001562741458057,2.9741511251612703e-06,4179.9963450270225,0.8649217575812174,0.9602567296269284,36.47095182643102,309.562701728246,38.40397438631396,311.52829596968735,67.95243744467827,341.04022082281784,79.86783355153864,352.948402251842,0.7997316270339286,0.48724586290137,0.0010610533649581,0.0,0.3830645949441226,45.01039401100988,108.29138501436232,103.42762237269191,756.3833333333333,0.0017844906750967623,0.15847730774774127
1900-01-01 12:37:13,Thermosyphone,450.0174047217263,342.7604799794921,1.4714733354427418,9.51393663629244,1.0094711324330172,0.0587406347987521,0.0555583707611593,0.5968331400800382,0.9947692837889224,59.9932892319621,1.0083734526035144,0.0,4179.98577644402,0.8653247654697533,0.9701288129559632,36.43632475401579,309.59810429556575,38.517854931054146,311.55541141896475,67.68842189468492,341.30298050504626,80.01802224382851,352.8345010720667,0.8014229627265674,0.4753127845042655,0.0,0.0,0.3845376999062049,45.07839483996942,108.31392976635628,103.44638634099044,757.2166666666667,0.0,0.15847730774774127
1900-01-01 12:38:13,Thermosyphone,449.9857422001572,342.7604800133435,1.4652248884084655,9.49847501453991,1.0018767880217332,0.0323567016104472,0.0324992801779813,0.6052183069408388,0.9991211408666826,60.00429602650411,0.9976522097602052,0.0,4180.001622951715,0.8493667883741465,0.968662791524984,36.40892096429601,309.53559496077753,38.435041163137655,311.4157240051606,67.66311238441328,341.05574590816263,79.91064265799139,352.99524260373937,0.784633309674083,0.4777535465011425,0.0015444205201822,0.0008082018393269,0.3834651184225912,45.42129877019038,108.34383320303172,103.462415220694,758.2166666666667,0.0,0.15847730774774127
1900-01-01 12:39:09,Thermosyphone,449.9891642203482,342.7604800108936,1.4560919095587077,9.496372526397682,0.9954194029134475,0.0513721891757129,0.0341063575452916,0.6026899740633027,0.9971143088881276,59.992585788307274,1.000389436162934,1.148184397663575e-06,4179.99940055531,0.8524503778951178,0.9741484060610932,36.39596291428299,309.5685202163875,38.20569763253664,311.6125485919832,67.93026947653125,341.5020438356656,79.9584924289059,353.22549221933474,0.7854451557268953,0.4802402311890492,0.0010461638612435,0.0006039924260823,0.3832472657476034,45.37149163674243,108.37694429060303,103.4828371756344,759.15,0.000688910638598145,0.22915610840645942
1900-01-01 12:40:50,Thermosyphone,449.99420170145544,342.76047997782644,1.4559921334211243,9.488393314348755,0.9784162817942572,0.0378169276429767,0.0525288199157949,0.6018642526296284,1.010849902561321,59.98707496393996,0.9948684403668714,0.0,4180.002458297021,0.8489541707504407,0.9551917591894524,36.4190872154776,309.55223382131567,38.307708660616825,311.76217156561825,68.56407879648103,341.5461814234192,79.94517201927293,353.3380545916969,0.8057425117069426,0.4816988423225675,0.0012812043562139,0.0011954957542551,0.3818467158564204,45.463368781618016,108.37999803461489,103.49033662733784,760.8333333333334,0.0,0.22915610840645942
1900-01-01 12:41:54,Thermosyphone,449.9957585155136,342.76047994518206,1.4609982877239636,9.499010678479696,0.9953281100103228,0.0203649220943144,0.0617005251023301,0.6069635058086699,0.9886311784881674,60.0015177359326,0.9891626824437012,0.0,4179.979012955345,0.8577933421576743,0.9687991624000531,36.42959445801659,309.58501358113585,38.65984997463019,311.5161740014685,68.2545302825199,341.6260780191782,80.45510977941085,353.4502123315942,0.785739146565877,0.4723278767283492,0.0008696807185958,0.0006964700040304,0.3781132614072722,45.37205578576153,108.36000945491348,103.48178295017266,761.9,0.0,0.22915610840645942
1900-01-01 12:42:56,Thermosyphone,449.99714178347153,342.76048000202553,1.448377172664708,9.525853149206366,0.9939807744280784,0.0348825167033144,0.051562183636529,0.5867563566689128,1.0080876446308935,59.99991670033748,0.9915727965545206,0.0,4179.981059641663,0.8444444515625912,0.9372537619462356,36.44470402165788,309.5933648779863,38.412915147313505,311.56363215585924,68.33967158846188,341.8401528556343,80.74521308561941,353.6007868063334,0.8114367273412427,0.4769350082119554,0.0,0.0,0.3809110925343693,45.7761717743109,108.34070357252668,103.47294876571524,762.9333333333333,0.0,0.22915610840645942
1900-01-01 12:43:35,Thermosyphone,449.9909807861611,342.7604799991619,1.4371602308449631,9.495660602947996,1.0188951601231142,0.0443567332808138,0.0386442326793742,0.6055337084182425,1.0008861554772752,59.99679188853438,0.994142326665738,2.503823533798318e-09,4179.994076026077,0.8482680194576006,0.967395019665948,36.49054845837315,309.59347793265397,38.45429538658948,311.84707845660125,68.81239137588057,341.72151671492577,80.90366035008711,353.9802020410699,0.7986801140654951,0.4600370517643907,0.0,0.0,0.3788707036363009,46.04426256242397,108.3281883536977,103.4625492848878,763.5833333333334,1.502294120278991e-06,0.2291576107005797
1900-01-01 12:44:25,Thermosyphone,449.9803704691427,342.7604799378357,1.472616290840628,9.508559578500222,0.9986896163744904,0.0384703210774871,0.0494803016353367,0.599882689700786,1.0139211670316337,60.00390123497537,0.9801756136428856,3.85631887743717e-06,4179.980701842783,0.8459380638118742,0.9461393819680884,36.491790823143184,309.6125469402925,38.37518027518817,311.56393315616504,68.67375492703239,341.6550087025652,80.85846648235139,354.13531310457654,0.8023834391742238,0.4857010279834385,0.0,0.0,0.3756342806367915,45.86936205862731,108.31242722965632,103.45588267350983,764.4166666666666,0.002313791326462302,0.231471402027042
1900-01-01 12:45:27,Thermosyphone,450.008954545073,342.76047999526,1.4507338572743125,9.505020551631398,1.007259586452035,0.0620366194466844,0.0572913111020932,0.5889906346235271,0.990218855009276,59.98698292080124,1.000773735742026,0.0,4180.0136232824125,0.8470849231528056,0.9664175430998034,36.512405019345955,309.66684779906853,38.44237826641112,311.70971863461114,68.49148625727709,341.6965369935598,80.88645577710798,354.13835336722616,0.7953444277079165,0.4882360514141581,0.0004179938734453,0.0015968474589587,0.370946791954482,45.693674414051216,108.29554263891764,103.44196382651138,765.45,0.0,0.231471402027042
1900-01-01 12:46:30,Thermosyphone,450.00082206881694,342.76047993339347,1.463604532657684,9.489474264289123,0.9908718998674988,0.0546464613309204,0.0461310184196794,0.590406455591553,1.0200796112049293,60.00929074964293,0.9966543112518784,0.0,4179.997960401301,0.8657729218468866,0.9501749369570548,36.49944188065127,309.7060276808784,38.5579044719013,311.75266119350823,68.67952138501319,341.6750551003932,80.54727599886871,354.10207990213706,0.812410461470318,0.5017244796542001,0.0,0.0,0.3775598749974701,45.98281197693714,108.2738148716756,103.43362348764796,766.5,0.0,0.231471402027042
1900-01-01 12:47:13,Thermosyphone,450.0021475272737,342.7604799506201,1.452688143780832,9.517085146137504,0.9974285003216308,0.0256563931569172,0.0311289858846554,0.5998871243806219,0.9942227660759247,59.991314830922384,1.0022750956916178,1.0354826018753763e-06,4180.001745802675,0.8535049018035186,0.9477100509231242,36.53146128429805,309.68809607267826,38.61188520876222,311.88394902498527,68.49524517817268,341.636908939412,81.39038918922269,354.2971798910611,0.7860195895802466,0.4768902806027586,0.0,0.0,0.3719871176619003,45.769864233151296,108.2621284631865,103.42867175867887,767.2166666666667,0.0006212895611252258,0.23209269158816723
1900-01-01 12:48:19,Thermosyphone,450.0108761102958,342.7604799956008,1.4603830069119936,9.501028199053149,0.9893192567478436,0.0283756837370258,0.0590035019770736,0.5878160569777438,1.002009269569054,60.006521022919664,1.0075273647967773,1.3425577752452314e-06,4179.987992726488,0.855403972642139,0.9586173539973128,36.54227947217285,309.66876835368066,38.6982399704012,311.61383885217083,68.35721589397433,342.09054548894073,81.02559054529922,354.31859404797257,0.8007179382705896,0.4807021900726212,0.0,0.0,0.3744079646131285,45.92132477394003,108.23627841917316,103.41518765011746,768.3166666666667,0.0008055346651471389,0.23289822625331436
1900-01-01 12:49:02,Thermosyphone,450.0085741227884,342.7604799762173,1.446833323631085,9.503749034752015,1.005986581314532,0.0433374024806043,0.0443363426040256,0.6074962542204165,1.0162896929786032,60.01169965390998,0.9843666700897548,1.06509345654727e-05,4179.9867439757645,0.8377408434584734,0.9630439469920604,36.579756662708725,309.7399705589583,38.82617231865839,311.93158511345655,68.52188637848708,341.834893988846,81.55778929467249,354.7154215240947,0.8112445389110481,0.488174500476465,0.0008987498896846,0.0,0.3697864119647205,46.10790896503764,108.21651027704664,103.41081396460484,769.0333333333333,0.00639056073928362,0.23928878699259798
1900-01-01 12:50:49,Thermosyphone,449.9961881112084,342.7604799860377,1.466018366307656,9.507514450445017,1.000228205933418,0.0429201843003524,0.0661476292635238,0.5823733715953892,1.0074803666119456,60.01079975731811,1.0121427422483584,3.2917698223329106e-05,4179.99226086313,0.8446095982935388,0.9666217875978812,36.60530722514227,309.763707051433,38.53299633538448,311.71959031560266,69.19488802141532,342.2144441232298,81.6065952447579,354.8610839297944,0.8030139092022968,0.4773875108083408,0.0122417234137544,0.0097589441237343,0.3693209591201449,46.225105768408305,108.22400618460983,103.3993055320111,770.8166666666667,0.019750618933997464,0.25903940592659547
1900-01-01 12:51:38,Thermosyphone,449.9883357069062,342.7604799612848,1.4523597890641842,9.511303230476566,0.9999096726956976,0.0415046595058321,0.0405755605798474,0.6028711156502174,1.016957762855354,59.99912758919933,0.9917526602475684,5.576116176299149e-05,4180.002629034815,0.8405869216891029,0.9671338758723104,36.614247204752736,309.74900019230404,38.774330034894405,311.7168354062589,69.6750575720619,342.8978704064421,81.88241792178327,355.17903111141914,0.8139215807740446,0.4753516987097014,0.0260746280715626,0.019025301395337,0.3670739195877016,46.393166894535135,108.25537427702112,103.40157055047764,771.6333333333333,0.033456697057794894,0.2924961029843904
1900-01-01 12:52:48,Thermosyphone,450.0036952377767,342.7604800214011,1.4581574164194833,9.50792105809982,0.9948129301786116,0.0291873458153756,0.052085570669465,0.6268915672559543,1.0080768026642184,59.99299984059523,1.013939110626281,8.32211741367516e-05,4179.997481020562,0.8539742234005375,0.953267629243706,36.64156405892653,309.8007101297532,38.66380709550225,311.7855376709809,69.82604793888828,342.8957152436862,82.0594998823204,355.3677787415014,0.8100637121376969,0.4733660373461676,0.0345294939105713,0.0305825625329813,0.365620781133245,46.53987609642059,108.27837082992492,103.39900463610408,772.8,0.04993270448205096,0.34242880746644133
1900-01-01 12:53:40,Thermosyphone,450.00461157424104,342.7604800414535,1.4630362405441055,9.501540321255671,1.006245721870134,0.0296975758207121,0.0621051961995166,0.6053266587168619,1.0048979216507383,60.0059850776396,0.9852028827904667,0.0001158773004135,4180.00132283579,0.8514493681769826,0.9657503876558674,36.675055702444546,309.8185645113339,38.88350810458629,311.9272588114152,70.57150898898378,343.7972346838345,82.71313662920622,355.68995875080867,0.8072577816193803,0.4826600396285299,0.0494521454281886,0.040913196832924,0.364669610128736,46.52539192359638,108.31492136635951,103.40025770107972,773.6666666666666,0.0695263802481,0.4119551877145413
1900-01-01 12:54:30,Thermosyphone,449.99305874107114,342.7604800305738,1.4619522408874133,9.520077470281423,0.9990880403942136,0.0490157864472676,0.0665388982739481,0.5856608366803484,0.9894660909452994,60.00271423232547,0.994274337711788,0.0001484675903755,4179.993390779411,0.8485207765473619,0.950959750751464,36.6629500978048,309.8495990260888,38.76005731071171,312.0099696582459,70.9699359007707,344.10339182773976,82.86505990277219,355.7098439342814,0.7950154675540043,0.4827486360758352,0.0613000084466417,0.0489936529189037,0.3649316961899193,46.78080073120013,108.33728352302724,103.39839896200866,774.5,0.08908055422530001,0.5010357419398414
1900-01-01 12:55:32,Thermosyphone,450.0077229141432,342.7604800303003,1.4662829690800088,9.50997887019345,0.9811594285871176,0.0422527497826562,0.0357013631445796,0.5904730279761549,0.9986719347298826,60.01183047602911,1.0033115392145358,0.0001808414413292,4180.017856228495,0.852410224836521,0.9505027770143089,36.678638418512584,309.8393968385121,38.76763604730944,311.7243097595522,71.39216759494032,344.52033067699074,82.84095642993987,356.1417841895644,0.8051648437888881,0.4736806112217425,0.0730660755636974,0.0573379804811171,0.3651385795538184,47.24190342736461,108.36482201643548,103.39823685615858,775.5333333333333,0.10850486479752,0.6095406067373613
1900-01-01 12:56:22,Thermosyphone,450.000810572321,342.7604799719119,1.443753690703491,9.496183735477748,1.0086835543245547,0.0481788598736634,0.0619988851038923,0.5995514968574406,1.0196461530315233,59.991538479057326,1.0044081386886667,0.0002091215910558,4180.014914040177,0.8503225216213431,0.949679155857461,36.73255635672275,309.8519594871144,38.66159472411291,312.0220087026711,71.75111632147575,345.04899018661024,83.05829467304598,356.6055076597176,0.79824678502783,0.4604263171881571,0.0830211385843887,0.0663473814029978,0.3606367724509418,47.20836390683672,108.39225529028506,103.4008179894287,776.3666666666667,0.12547295463348,0.7350135613708413
1900-01-01 12:57:11,Thermosyphone,450.0053170871539,342.76047995211934,1.4515197310315404,9.498412409715757,0.994296840505952,0.0410046007980163,0.0497725952433669,0.6047111739739782,1.0030352007597283,60.00955281468733,0.9951975744759712,0.00024236875392,4180.002774780402,0.8524308932936672,0.9613371853662724,36.69834121722941,309.9387146328798,38.665647163735905,311.8295533147698,72.1364972325208,345.1197486516856,83.78315199996557,356.5002244577447,0.7931618468337138,0.4717032192179676,0.0967358109711343,0.0787419545067185,0.3623914086982739,47.11038691726669,108.42305173851204,103.40039260065431,777.1833333333333,0.14542125235199999,0.8804348137228413
1900-01-01 12:58:06,Thermosyphone,449.99927983396384,342.76048000428347,1.4587193845120587,9.500016169010932,1.0002391676987028,0.0586280675536745,0.0783370845848145,0.6017301458161798,0.9908278759594432,59.98949769421051,1.0081313077078546,0.0002640952973049,4179.9981819448985,0.8539494439215756,0.9618167234642636,36.75479567633711,309.9550980624663,38.8749695492416,311.87673570581063,72.75950587660296,345.74621768877483,83.61460996120847,356.7844989105263,0.8118252066590268,0.4744094885162277,0.1081130371969869,0.0880484983768234,0.3613295695384908,47.451349057888706,108.44300515705945,103.40322711361792,778.1,0.15845717838294,1.0388919921057813
1900-01-01 12:59:10,Thermosyphone,449.9763145001912,342.7604800425354,1.4434879348853835,9.48627964497991,0.9930206495637356,0.0525785690111275,0.0472758125042475,0.6021062129577401,0.9832999236840094,60.01075498317322,0.9973276393766992,0.0002953124550831,4180.0032481955795,0.8548987207386232,0.9608502289638378,36.81003233111945,309.94498537769203,38.96664928939849,311.93449967205606,73.08213218322362,346.35953079838794,84.16659075215135,357.04358399681524,0.8188583794873061,0.4811535432068166,0.1202323260381056,0.0971578113446109,0.3583002593427886,47.2385009421626,108.4802957308676,103.40147348866176,779.1666666666666,0.17718747304986,1.2160794651556412
1900-01-01 13:00:49,Thermosyphone,450.00137097024344,342.76048002033605,1.4514690123524954,9.514331229383671,0.995054873169086,0.0499239816273374,0.0436957029803453,0.6050717273917787,1.0154986050057355,60.004744282405674,0.9951191831339408,0.0003308059259536,4180.007248558959,0.8457194712405849,0.9560507494007496,36.82031337151052,309.9633347747739,38.74967971076038,311.8230473883343,72.98332710928719,346.16179706231435,84.05712381318314,357.2452337877473,0.7861624295669595,0.4815459822772213,0.1273545509255898,0.1055271625784651,0.3601419949957872,47.577123322900135,108.48030732972384,103.40023059080744,780.8166666666667,0.19848355557216002,1.4145630207278013
1900-01-01 13:01:53,Thermosyphone,449.9959158299054,342.76048000746005,1.4692593367129314,9.516893683509178,1.005980157780075,0.0276399938791038,0.051694159081918,0.589997127879809,0.99984442062421,59.997586068758906,0.9942904533204954,0.0003355669181622,4179.997723304372,0.8351904581363305,0.963795443363802,36.778625998870616,309.9147880769481,38.763896783167205,311.95396050491246,72.80059374413268,345.9647981889993,83.88974780850327,357.12772905538037,0.7864419833147401,0.4824677395762008,0.1288388249712875,0.1052364764297525,0.357002437061033,48.20563765943331,108.47679546576408,103.40195384264706,781.8833333333333,0.20134015089732,1.6159031716251213
1900-01-01 13:02:42,Thermosyphone,450.00618904803594,342.7604800290189,1.4659604800061723,9.500615899525208,1.0045457481822455,0.0390831417963668,0.0572763915258176,0.5910822524485289,1.0040455041723362,60.015393969264466,1.0200645264617978,0.0003338833185195,4180.014613558369,0.8552360747334702,0.970538128515306,36.78794847884189,309.8942305312994,38.69607278901405,312.01189391156083,72.63139803901889,345.6109007113145,83.70805201190667,356.9870514269363,0.7876999182580975,0.4891266274668961,0.1307880097285465,0.1040308317330938,0.3529556576554322,48.066803786967874,108.46956743647948,103.40038730432866,782.7,0.2003299911117,1.8162331627368213
1900-01-01 13:03:33,Thermosyphone,450.0098284909868,342.760480022906,1.453142625548093,9.505044671510108,1.000631988245444,0.0572742896324947,0.0309842842758634,0.6041289288732625,1.0124300656914609,59.99633209480777,0.9950090998941672,0.0003306446226524,4179.990802649859,0.8446341553147053,0.9497581162291778,36.72339421191885,309.8300759436844,38.838574151460925,312.12442316308557,72.23609297150638,345.3804617184006,84.00088411588014,357.27511708644005,0.792627711617172,0.4920494537100303,0.125192993880553,0.1015394464929088,0.355030423774936,48.18555449260756,108.46407487465984,103.40119741209595,783.55,0.19838677359144002,2.0146199363282613
1900-01-01 13:04:31,Thermosyphone,450.0076250452601,342.76047998405204,1.450073737453496,9.481250963540194,1.0067635934362424,0.031321821161449,0.0600753115301983,0.6100968568438927,0.997778098494624,60.00087251487146,1.001978165486754,0.0003292545141599,4179.98541401475,0.8644574456424593,0.9543217973068496,36.720658414047435,309.86566422062583,38.970250114176906,312.11197630469763,72.15398184465676,345.00299951496976,83.92701448441022,356.9258091434661,0.800392285775325,0.4758490400658923,0.1261494143265549,0.101918889995931,0.3510961162229294,47.91699151020032,108.4535338612618,103.40097206179163,784.5166666666667,0.19755270849594,2.2121726448242014
1900-01-01 13:05:25,Thermosyphone,450.0137118334864,342.7604800422693,1.470373740636714,9.514522904026736,1.0026355057368035,0.0456694590439366,0.0431790462508799,0.5731449431708112,1.0040539155774522,59.992282631623475,0.9979882948385278,0.0003209636565122,4180.008975385177,0.847982508084075,0.9540925093116288,36.66567710979105,309.82257598945307,38.864560132147375,312.00003749796076,71.46144542367269,344.8145796034045,83.59266236801244,356.9618212624601,0.7824849713221469,0.4755418151746042,0.1238670572367957,0.1006776482105723,0.3518316617349595,48.5166262111011,108.452221950625,103.40000147668373,785.4166666666666,0.19257819390731998,2.4047508387315215
1900-01-01 13:06:24,Thermosyphone,449.9925037157636,342.7604799958635,1.4565971970438385,9.521388609031428,0.9886043952136968,0.0386594489408426,0.0501945105160481,0.5924567007867328,1.0035244388404476,60.00014173666831,1.001195300320172,0.0003273743438877,4180.0073458878605,0.8406954773570623,0.9562785376241568,36.69123975646767,309.8542647974045,38.90314187833192,312.2137738587493,71.38559349726607,344.72625050538977,83.58403496614174,357.0242154710981,0.8153261178334507,0.4702675895817122,0.1233754778499291,0.0986050595358302,0.3506710636010576,48.116716875035074,108.43020183781414,103.40141193677776,786.4,0.19642460633262002,2.6011754450641416
1900-01-01 13:07:18,Thermosyphone,450.0075348338958,342.76047997049415,1.44583765183929,9.49806434941478,1.0138284018314137,0.0407540763834512,0.051829907101612,0.6117777629920891,1.0037967479041388,60.00181968816744,1.004273955661951,0.0003293067108414,4180.015733869345,0.8489563902961283,0.9527947819893696,36.66943670149299,309.8259032345648,38.962992776582915,312.25287838008103,71.28174572546995,343.68414709547324,83.15709306719654,356.6960243126115,0.7906944226395975,0.4968643191661458,0.1229934440380345,0.0982282664066176,0.3497929261046607,48.500207763740704,108.42490956952972,103.40016868048988,787.3,0.19758402650484,2.7987594715689816
1900-01-01 13:08:16,Thermosyphone,449.98452928389656,342.760480007853,1.4518524895527436,9.50086086866251,0.9924821008913572,0.0414384133049313,0.0392782953266912,0.5997970956699646,0.9973969718463824,59.983347426144455,1.0041826926161967,0.000319776767566,4179.9962431446775,0.8350941282821177,0.9625700841736042,36.62902184882389,309.80479498650374,39.02181069052627,312.1705398774271,70.9891845634955,343.8715270414303,83.37638436240135,356.7928390394275,0.8066190560399439,0.4998288505337822,0.1219564922188884,0.096802086857458,0.3503512735774736,48.85789487086257,108.41717630220606,103.40074778681466,788.2666666666667,0.19186606053959998,2.9906255321085817
1900-01-01 13:09:04,Thermosyphone,450.004980737543,342.76048000106357,1.4550495312092306,9.516887749782269,1.0045622343385625,0.0266947565651508,0.0520841535497305,0.5970083697707113,1.0031301773161123,60.00239927774184,1.0036624954799451,0.000323825011618,4179.984320903278,0.8640059083226163,0.9597335957434696,36.6474157562124,309.780085062914,39.01036170497317,312.0251919005237,70.58642926754275,343.7373326761642,83.61139397040243,356.40384618106685,0.8007613167862658,0.4619193165003496,0.1193948433194688,0.0965487446277825,0.3468842285097611,48.62406875303979,108.4143104778852,103.40221894406588,789.0666666666667,0.1942950069708,3.1849205390793816
1900-01-01 13:10:48,Thermosyphone,450.000989243241,342.7604799860248,1.471196814398008,9.502374543228752,1.0059728195869515,0.0306496506917273,0.0632749824577864,0.5970104758308074,1.0186292298967168,60.01092455604897,0.993490407103762,0.0003319157500314,4180.002434213349,0.8477870071202472,0.9674987294647558,36.59944350004334,309.7506346554265,39.06248150260824,312.19927753496864,70.26747899723767,343.4347105385535,83.38780574326877,356.0930081131829,0.8011248494732005,0.4959388194985195,0.1181974739452164,0.0943377833539683,0.3437059390358659,49.1329111040989,108.39533852116104,103.40002699717932,790.8,0.19914945001884,3.3840699890982213
1900-01-01 13:10:53,Thermosyphone,450.01770508597906,342.76048255958784,1.47295770068713,9.49157203182748,0.9974200978719744,0.0324653473526897,0.0553792752619466,0.6077173211867293,0.9823096686544104,60.00559708587214,0.992936383858728,0.0001475594241827,4179.989039430403,0.85370604098794,0.9538430301963924,36.0320637809782,309.0726395739686,39.352510246929256,312.36730698972013,48.57829780973046,321.98724424698116,53.77924443551003,327.0245965022075,0.7985559539851265,0.4956109517331249,0.0470915207344313,0.0364417408313331,0.322851012436425,47.52324771417496,108.28496287616188,103.29969087127688,790.8833333333333,0.08853565450961999,3.4726056436078414
1900-01-01 13:11:45,Thermosyphone,449.99424525046373,342.76047999001025,1.4526030395020428,9.496324378735576,0.9994603647913094,0.0426894939210524,0.0454648980334691,0.60470606290178,0.995203947879693,59.99545906417142,1.0004185878718692,0.0003237602037052,4179.99179031729,0.8433201055663486,0.9497719385224728,36.59494084282767,309.7334574954524,39.066127634570165,312.44158688827883,70.6606613420364,343.6268915803752,83.23637533047784,356.53751935504033,0.8031418243699767,0.4773931108510462,0.1193012164997866,0.0950818163985732,0.3404810475520007,48.90301631869752,108.39694794712888,103.40066954754808,791.75,0.19425612222312,3.6668617658309612
1900-01-01 13:12:40,Thermosyphone,449.9820024869048,342.76047999906774,1.4592154736554608,9.507693002870244,1.0036429938186051,0.0639059076230457,0.0413260042354375,0.6131716978530273,1.0092102276345265,59.99364623817716,0.9987190901722154,0.0003272872414584,4179.998760887573,0.8455693942401838,0.9555512592897228,36.59988544819928,309.7266313566844,39.34064731258165,312.46181897277967,70.24625673778678,343.65927907212966,82.980309592453,355.9962330647733,0.8031489465307968,0.4854654426733369,0.1183223022911687,0.0959763679625893,0.3462472089031834,49.7205251977942,108.39678619388836,103.40045225520736,792.6666666666666,0.19637234487504,3.863234110706001
1900-01-01 13:13:30,Thermosyphone,450.0283148527425,342.76047998578537,1.464948534597773,9.500944587652912,0.9894293810199358,0.0379316438112802,0.0364636930817185,0.5936005613389099,0.9973188440971364,60.002249452610805,0.977282705202522,0.0003297614655031,4180.025529962216,0.8404826651255877,0.9632585261453072,36.590755211812514,309.68632833284335,39.129003746420274,312.3154960621221,70.5611739890171,343.5622594796115,83.12331784752426,356.43684371589205,0.8012913785493254,0.4783506354793552,0.1202106730382935,0.0941771439260506,0.3415548073358552,49.46653603482112,108.3921209459998,103.39890532567982,793.5,0.19785687930186002,4.061090990007861
1900-01-01 13:14:33,Thermosyphone,450.0022912666083,342.7604799890307,1.4606478298216847,9.491134501758992,1.0097944997197477,0.0419469567734289,0.0681518479770266,0.6084659660755645,1.0055159137010308,60.0141609899196,0.9919676763081468,0.0003289338971151,4179.982498099036,0.8587048722601993,0.9765416650301204,36.58939339330887,309.72254014891297,39.413409456655195,312.34556296615403,70.38756808637197,343.8826333914262,83.08889234365428,356.2704237415165,0.8161185191516346,0.4859088062197912,0.118112747926819,0.0970395215317465,0.3379056347215961,49.50142293960388,108.40180464397125,103.39927534719516,794.55,0.19736033826906,4.25845132827692
1900-01-01 13:15:22,Thermosyphone,449.98887597050174,342.76048005639063,1.4575929552756757,9.493693781745492,1.005739161501218,0.0520461112782952,0.0531884809684464,0.6069698360872,1.009540114240192,60.00058750984371,1.00316590517369,0.0003295805234432,4179.990076517325,0.8373298346456325,0.9645062004588988,36.584523289106066,309.749524944053,39.28920213937415,312.58169241603713,70.57453736672223,343.7290124479647,83.09301905908988,356.27019806774945,0.7966009739895897,0.4824960229741534,0.1173760675755303,0.0956080275980369,0.3402752725101214,49.46598379387098,108.39603313106626,103.39941696896564,795.3666666666667,0.19774831406592003,4.45619964234284
1900-01-01 13:16:19,Thermosyphone,449.9946002826357,342.7604799603124,1.4454843025041229,9.500090944936748,1.0038548313318805,0.0414799307417079,0.0412851706481822,0.6038498346889144,0.9980120763912016,59.99504471772468,0.9907471489940152,0.0003281481062125,4180.00716976035,0.8481602727736961,0.958768606479018,36.57813021841373,309.81295433226506,39.089575846982584,312.2673058941545,70.49321235842908,343.7654840961797,83.46093925837194,356.3803908355228,0.8030082237440517,0.4891964299696898,0.119787016726813,0.0937767322042491,0.3389754645144028,49.51421038871064,108.40798776394904,103.399001814027,796.3166666666667,0.1968888637275,4.65308850607034
1900-01-01 13:17:23,Thermosyphone,449.98639819015034,342.76048004999103,1.4576745373566438,9.508369866004411,1.0070381200469765,0.0467780807060074,0.0509754468827571,0.593440186642058,0.998403077263673,59.99234568299288,0.9988730233282276,0.000324150569117,4180.001722365028,0.8597728362165381,0.9720190725383778,36.62870338646069,309.75343997591557,39.372875231456526,312.5110491413809,70.70260346297104,343.9074287540504,83.189156257979,356.0310469937612,0.8137805294863143,0.4847748156544728,0.1210254104718472,0.095786960361389,0.3370098280733563,49.92442831546662,108.39606132687264,103.39766273642174,797.3833333333333,0.1944903414702,4.8475788475405395
1900-01-01 13:18:22,Thermosyphone,450.0024039398181,342.7604799860288,1.4504982674931957,9.47993919605331,1.018672709303188,0.0470563023299931,0.0550999078055772,0.6082467268963159,0.9908533491533122,60.00458394297678,1.0108571359768816,0.0003219834312913,4180.005959640626,0.8574707615717282,0.961014846238789,36.58065272382089,309.74626478120723,39.37367091506262,312.61972055465714,70.60107884674743,343.9699618506247,83.02332051104442,356.1730447797632,0.8116853352550505,0.4783926456304694,0.1205439094706491,0.0945266853565405,0.3388392946059951,49.359140037310986,108.40035686818231,103.39968910996684,798.3666666666667,0.19319005877478002,5.04076890631532
1900-01-01 13:19:00,Thermosyphone,449.9972561071222,342.76048004028297,1.473738084951157,9.497633577861224,0.9964253452318388,0.0212206477606278,0.0671511726954,0.5893392647042436,0.990900848590596,60.001048105676965,1.00734055963088,0.00033553820849,4180.021746097501,0.8575383598985755,0.9551984121052448,36.58565061221408,309.7459728761115,39.55774624674469,312.72534616570056,70.8496068435859,343.5756252483701,83.00547649107297,356.5256806278619,0.7946691319063941,0.4791966393211099,0.1234322392431868,0.0957734124781073,0.3375647096568685,50.06919659729826,108.40279128103496,103.39939786113308,799.0,0.201322925094,5.2420918314093194
1900-01-01 13:20:40,Thermosyphone,449.99141063177046,342.76048002098145,1.4622682335996278,9.51172270706907,0.9889413784608624,0.0419944740338509,0.029498908931763,0.5911719142586416,1.005293035789156,59.97817755659939,1.00816705928474,0.0003366557769463,4179.985639126327,0.8474112946540509,0.9771847251192086,36.610937563387665,309.7589642457855,39.55803156921295,312.53497130501137,70.80417149335676,344.1944933700164,83.09773565712378,356.3638959162332,0.7963825424463322,0.4712856026299938,0.1194941167810994,0.0948193573467201,0.3307362489609758,49.90529213066049,108.39915774332096,103.39869800448832,800.6666666666666,0.20199346616778,5.444085297577099
1900-01-01 13:21:53,Thermosyphone,449.9906841326767,342.76048001388034,1.4613324228696103,9.51665958885796,1.003420522189325,0.0478959032448701,0.0507470964180016,0.5859281325607238,1.0085572262792637,60.01679387969744,0.998757195165401,0.0003376124650583,4180.009238617788,0.8700098061093037,0.9581881024613624,36.58067229798355,309.75126289947826,39.50594872605309,312.7641258393146,70.8137513209206,344.03231906929534,83.04715708224889,356.0353373661989,0.7947059384861908,0.4926912506878276,0.1199309161431388,0.0944843800028538,0.3285415896888124,49.956629968958175,108.4010264215778,103.39836596311862,801.8833333333333,0.20256747903498,5.646652776612079
1900-01-01 13:22:32,Thermosyphone,450.0056081743867,342.7604801041747,1.4650685941745136,9.490033896360046,0.9988234401713584,0.0388115289490796,0.0372822429307887,0.5859585224473305,0.998572330692194,60.00790163431215,1.0025287799276936,0.0003275156936772,4180.005094192953,0.8552125859040235,0.9501732126761552,36.5733937254674,309.7645557452194,39.76928642525888,312.8337915334325,71.08090108753817,344.2794828095185,82.7657504373236,356.2830478597844,0.813159625945811,0.4913357663093367,0.1217934830084984,0.0951638142252447,0.3318850988786744,50.27546678411554,108.39779778699608,103.4002640048615,802.5333333333333,0.19650941620632,5.843162192818399
1900-01-01 13:23:30,Thermosyphone,449.991511593459,342.7604800106835,1.4668627815567972,9.499992067621958,1.0153410440420636,0.0548932419358128,0.0401716909208557,0.598986231303348,0.9949655111860816,60.008232521353214,1.0071815287221866,0.0003271142719829,4180.009240865326,0.836793367232042,0.9717784885716806,36.546710582621486,309.7459589360545,39.59900074589926,312.9108930497795,70.95172751949832,343.6891070152312,82.78104908735386,356.0698181121686,0.8118377725320874,0.4963126295342115,0.1208173131137349,0.0970683702151397,0.3284015521304271,50.31589478232159,108.40046749170293,103.39850498088175,803.5,0.19626856318974,6.039430756008139
1900-01-01 13:24:30,Thermosyphone,449.99643151693147,342.760480014875,1.461302552899031,9.494515618516898,0.9946812320093288,0.0209937416175666,0.0550531405240189,0.5989658894264848,0.9997100953340536,60.00545804978065,0.9950462628531176,0.0003264957437109,4179.993979551733,0.8465633713543312,0.962176368849906,36.58676399045798,309.7400559987589,39.57172800860018,312.8295903197801,70.64141765413007,343.9748097973691,83.10791021531048,356.19045868134805,0.7984380697421973,0.4777543770278518,0.1210643823514692,0.0944789844583145,0.3292622672159204,50.208679313952835,108.40102436125852,103.3997894297169,804.5,0.19589744622653998,6.235328202234679
1900-01-01 13:25:24,Thermosyphone,450.0031231247267,342.76047997892385,1.4442192579130133,9.495169804311086,0.9874529869226492,0.0414516705846978,0.043920988427024,0.5873612382938151,1.003642825708663,60.00401810120968,0.9981546605323824,0.0003289373478,4180.009132951926,0.847288323088816,0.9625806560429058,36.57520343283806,309.7625796183485,39.75600528759779,312.9833543111655,70.91752663141784,343.9865161986664,82.77092813173208,356.10315299081765,0.795406018670235,0.4670279905602951,0.1214794750483481,0.0965721206205106,0.3240576047452385,50.04620838515129,108.39440545564833,103.40021672643708,805.4,0.19736240868000002,6.432690610914679
1900-01-01 13:26:37,Thermosyphone,449.9881816377805,342.76047998965345,1.4696777735496942,9.495046749985514,1.0111587724958075,0.0493413282830656,0.049707866670054,0.6088206258293397,1.0093591503647914,59.98597114150407,0.9982540832774512,0.0003277126590665,4180.000296510692,0.837862884739877,0.950035400946818,36.60121854345269,309.74983506812646,39.98027697614233,312.9927984136324,71.23272472309503,344.36212966734826,83.18096554757221,355.4758158879209,0.792270076852146,0.4846345479002008,0.1181813806221523,0.0950037987515921,0.3274088317756779,50.5727113906532,108.39871559267768,103.40239863767609,806.6166666666667,0.19662759543990002,6.629318206354579
1900-01-01 13:27:13,Thermosyphone,450.01111329932104,342.76047999837965,1.4573401918936892,9.49641467248747,0.9915939579354196,0.0377838734116514,0.0363432119052824,0.6061113364779386,1.0011307118984876,59.99559909450653,1.0079442368670424,0.0003262107095287,4179.980323814542,0.8542143092866311,0.946225571468868,36.56951633159331,309.7536765824412,39.97668151627495,312.92255390162967,70.8675562772032,344.42247566793975,82.69604416930343,356.25972686232416,0.8042985370525068,0.4727425793237251,0.119658064123181,0.0946256708576294,0.3240906958964286,50.64355929172493,108.3973974377938,103.39771889727412,807.2166666666667,0.19572642571722002,6.8250446320717995
1900-01-01 13:28:15,Thermosyphone,449.9939567641821,342.7604800259809,1.4548089494106775,9.52812788150483,1.0055808682617762,0.0265365195582782,0.0362784460267752,0.5910362197170882,0.995714238381146,59.98347412089095,0.9887398763860612,0.0003300549973563,4179.984369464252,0.8490004273617417,0.9623299555192288,36.57804607522573,309.7636258184002,39.91904231239432,313.1869969095279,71.15767379402544,344.15955799144103,82.90753467961348,356.17088086659135,0.8037775971605595,0.4630720174951442,0.1209775224442111,0.0948624710156264,0.3259503476716021,50.81601588566515,108.39760849060904,103.39999969310864,808.25,0.19803299841378,7.023077630485579
1900-01-01 13:29:14,Thermosyphone,449.9925042996091,342.76047994424255,1.4537917827552824,9.51259384677583,1.01588163050549,0.0503273589329038,0.028797481848879,0.5976287334854262,0.9952192971537952,59.99823548785916,0.9890505735544286,0.0003290000617464,4179.988159004518,0.8732009712631064,0.96059925351086,36.58869369848221,309.7220354371666,40.06660556836012,313.1728059005492,71.26889767616088,344.2812466755616,82.83244353135296,355.9349667455332,0.7923563196707649,0.4759491996111137,0.1206411996928724,0.094817043098948,0.3234331547746851,51.03464701190693,108.39832829205268,103.40135473940948,809.2333333333333,0.19740003704784,7.2204776675334195
1900-01-01 13:30:57,Thermosyphone,450.0038315284117,342.76047999915374,1.4580828498104543,9.4913958956601,0.99161527073473,0.0425025650121361,0.0589438059087739,0.5976952149088419,1.0050214464987843,59.997691197817446,0.99217184534942,0.000330045442603,4180.00384265266,0.8431124053432365,0.9540601061038984,36.625545541196345,309.7904931526085,39.87289713511266,313.2275458104992,71.14416272949738,344.28466995657107,82.8152964846864,356.11941653401726,0.788967125975893,0.4723878811333068,0.1205887537320257,0.0938689926054769,0.3196718113660129,50.98061336017609,108.4114824431408,103.3980061619801,810.95,0.1980272655618,7.418504933095219
1900-01-01 13:31:45,Thermosyphone,449.9891462916144,342.76048005401316,1.4535848269509322,9.494806486456584,1.001137086223517,0.048640113750226,0.0292703527411991,0.5891907299223154,1.0021835903486536,59.99370184731048,0.9855758155398924,0.0003274224380948,4180.001566148594,0.8532568269295903,0.9796007123252252,36.63691540770096,309.7893129424291,39.9496111165386,313.3547281286789,70.94874389133703,343.993576170389,83.08503362817275,355.9509201502005,0.8111530401402358,0.482146745327514,0.1185672160946703,0.0958982385190974,0.3209703153098122,51.46854518046782,108.4166590149541,103.3995590040097,811.75,0.19645346285687998,7.614958395952099
1900-01-01 13:32:52,Thermosyphone,450.0111154358096,342.76048000838733,1.447848452800952,9.48952743379597,0.9856897382364486,0.030092327736624,0.047932272097285,0.5880819177753535,1.0072067394620017,59.97421430978535,0.9919875833344016,0.0003275269923196,4180.006087176525,0.8552266830430642,0.9476924723485756,36.71408807652325,309.8355280995571,40.17045865882058,313.1436635850218,71.1216229912515,344.4979271283094,83.32792335340984,356.30342509529873,0.7896842261617579,0.4748099500224379,0.1180559155699505,0.0942963429244252,0.3156222309893902,51.15239337407186,108.43138793603092,103.40309352842304,812.8666666666667,0.19651619539176,7.811474591343859
1900-01-01 13:33:40,Thermosyphone,450.0020323589698,342.76048002194926,1.4405430837405329,9.491542475069508,1.0080517505597004,0.0376694660282814,0.0463192493238118,0.6085421200007973,0.9809325116743596,60.011672360669465,0.9918790844097608,0.0003320481524877,4180.000006524812,0.8572846644519874,0.9699233707899924,36.72334621022275,309.91434567571935,40.24106683945387,313.4985758944416,71.01084010484145,344.4504901126984,83.10607943567933,356.0418184519508,0.8100113514492523,0.4762768092043086,0.1202332947239639,0.0946567610185388,0.3175740316792315,51.37660560586112,108.44009671214152,103.39987993548974,813.6666666666666,0.19922889149262,8.01070348283648
1900-01-01 13:34:36,Thermosyphone,450.00599657339205,342.7604799719761,1.4655886053722509,9.51472930476194,1.0051079173029345,0.0440576404739131,0.0414819567650482,0.6128931046166064,0.9846613766642804,60.00144134896544,1.015498510941265,0.0003274949531097,4180.005395367938,0.8427368797585795,0.9665848110121728,36.75090321620515,309.92251737164025,40.152661271844934,313.38915182229647,70.81279392560715,344.5045078574814,83.04765445171863,356.0514463562653,0.8148901283411216,0.4797619736360308,0.1192327543691114,0.0948990954945125,0.3189093638583017,51.48461601230392,108.44152367192532,103.40012380972244,814.6,0.19649697186582,8.2072004547023
1900-01-01 13:35:29,Thermosyphone,449.99974162713823,342.7604799788123,1.4482666299090532,9.483030547088012,1.0048113682491215,0.0316550363787566,0.0435747600109671,0.6050951892513524,1.010792143257684,59.98964415861992,0.9964870820087228,0.0003285677146955,4180.0050585029885,0.8395999876557498,0.951977494668024,36.8273585535095,309.9545720533258,40.15239647247425,313.42142013982647,70.94530085056695,344.2038238053083,83.24403974496062,356.1267566908919,0.7986292109054649,0.475294677274921,0.1168089651288507,0.0946545907510355,0.3168478134544947,51.78648767284286,108.46505054685832,103.3995909399415,815.4833333333333,0.1971406288173,8.404341083519599
1900-01-01 13:36:23,Thermosyphone,449.9889998444586,342.76048006040173,1.4662640943766696,9.509607556863022,1.0059663869718736,0.0386730657904829,0.0246212632653756,0.6125006513357667,1.0066773874183514,60.00257650430641,0.9917356044133118,0.0003331540914763,4180.002986895994,0.8520055792255482,0.9489308131590396,36.83003298543092,310.00252717004963,40.3057654160106,313.34650992727023,71.39284092480659,344.175950259102,83.01530280734009,356.2248740898499,0.8147212622967493,0.472248609170263,0.1183377403704972,0.093103539455433,0.3157869624599282,51.717712043529026,108.46421987685328,103.40039374703932,816.3833333333333,0.19989245488578,8.60423353840538
1900-01-01 13:37:27,Thermosyphone,449.998899273036,342.760479980957,1.450559719464336,9.51030968033444,1.0058814107211396,0.0448017518787651,0.0435156089883426,0.6054649138958126,1.0060088012832265,60.00106052993264,0.9986823339234012,0.0003317214701648,4180.003995266848,0.8452009652619323,0.9568790332741955,36.85343657883137,310.0543882682229,40.35079836846128,313.6949124146713,70.79876105910948,344.2786310817284,83.15397755156593,356.06760261995476,0.8048298553110864,0.4828319063411926,0.1190789857073325,0.0939817270843743,0.307693861403116,51.742715002372655,108.47307366106138,103.3989876633728,817.45,0.19903288209887998,8.80326642050426
1900-01-01 13:38:02,Thermosyphone,450.00522940198454,342.7604800129295,1.4721412592046486,9.491934969593869,1.011855195515181,0.040171067738065,0.0450372281855176,0.604992153529544,1.0087650194432591,59.994747877134735,1.015704075350728,0.0003300683937752,4179.987669358835,0.8386132973133827,0.9707196773481386,36.91519270158833,310.0792814921323,40.42148612010734,313.5459374237314,71.26534081350289,344.1686426256344,82.86055115438026,355.79245389757887,0.7988152267782844,0.4773593889170714,0.1198120091477555,0.0933866339721009,0.3135173113076843,51.763003836623305,108.48815302129528,103.3986518776782,818.0333333333333,0.19804103626511999,9.00130745676938
1900-01-01 13:39:03,Thermosyphone,450.00678627972707,342.7604800387603,1.4647880463730836,9.486648809781991,1.0108830082915254,0.0399070010029537,0.0337187541870413,0.5944118741769017,0.996516182050638,59.99200786538571,1.0130591741049015,0.0003319519707275,4180.011393818333,0.8411979554678923,0.9432993122873746,36.97351499638767,310.114404494399,40.55553263934869,313.6817744848215,71.12631642129277,344.3852586628106,83.09585017993058,356.2693657080064,0.8197846363411031,0.4928968820924526,0.1167375938404327,0.0923948597400167,0.3129554593910077,51.825780209860056,108.49042442283032,103.39932415557706,819.05,0.1991711824365,9.20047863920588
1900-01-01 13:40:56,Thermosyphone,449.9958609650573,342.7604799611773,1.4384987260575943,9.476080929078591,0.9894580268927836,0.0522470671683055,0.0406230538866969,0.5997649109532694,1.0112149380677178,60.01313876591612,0.9944298358209748,0.0003407680171516,4179.9962449111645,0.8306157583964231,0.9695743862820246,36.993315126846326,310.12112186342114,40.560463083933,313.7253958080755,71.5281105291911,344.4865455297978,83.06803192734584,356.30591960090345,0.8075382093219738,0.4778410233102816,0.1212944157947805,0.0979589588881358,0.3111612706094455,51.949944418597475,108.51095330644452,103.4014513511507,820.9333333333333,0.20446081029096,9.40493944949684
1900-01-01 13:41:55,Thermosyphone,450.0134463561077,342.76048000924146,1.4704257147489852,9.51352303597676,0.9917258329764774,0.0431002978026793,0.0523518354210438,0.5931547218936083,0.9967079380123856,59.97992020952383,1.0071037100685731,0.0003494500113122,4180.011508883875,0.8634868223054935,0.9539505876012164,36.978322986190975,310.16664326909034,40.69903403190694,313.6364448576051,71.5015070531076,345.01136357039104,82.90445383062449,356.261464824794,0.8097088038599297,0.46552870616646,0.1277819240339305,0.1001062395250747,0.3127365325513762,52.13712209419674,108.5199312050764,103.39855450024233,821.9166666666666,0.20967000678732,9.61460945628416
1900-01-01 13:42:30,Thermosyphone,449.9904115268574,342.76047996879663,1.468074853698401,9.48852437694521,1.008269988562241,0.0442148035642076,0.0488845590877063,0.5751354786702082,0.994503389100686,60.0097074262617,1.005373041518509,0.000355089282021,4179.985630947962,0.8512603613518464,0.9625370454710112,36.96210680444609,310.13249917763034,40.5259962349071,313.5242092520255,72.19140783405912,345.33345890223194,83.3230911412406,356.3816756899256,0.7994943853757156,0.4745323071403406,0.132905092069917,0.1064922801223521,0.3065572591193904,52.068899144077406,108.53150934632568,103.40066573231144,822.5,0.2130535692126,9.82766302549676
1900-01-01 13:43:35,Thermosyphone,450.0115526591622,342.7604800179902,1.446920504958973,9.502746646197302,0.9999280816268846,0.0565267037919197,0.0560739640711498,0.6048350971262187,1.001333009061475,60.00520964842246,0.9861085547011832,0.0003574393985657,4180.0038934467775,0.8539972428661998,0.9559651788163788,36.91998347914743,310.08909498983377,40.70837194292211,313.81029971718255,72.59172264840291,345.69316400805013,83.14876894704689,356.2223930989968,0.7984065764563558,0.4749564823781195,0.1371504631303148,0.1090572907705018,0.3066382138637979,52.57195651152744,108.53419600074024,103.40023026528377,823.5833333333334,0.21446363913942001,10.04212666463618
1900-01-01 13:43:43,Thermosyphone,449.9940504863204,342.76048213951873,1.4665735951911116,9.48988778747056,1.0144258668165815,0.0478191927837849,0.039549349356577,0.5765076131436515,0.996616561682977,60.0054364978642,0.9870277058837412,0.0001909339978108,4179.985351814656,0.8627696739251574,0.9620752365821008,36.46126172330083,309.48550900953177,41.741501163236315,314.830472867163,53.10557565491343,325.90972479537203,59.118216654873066,332.0728500395778,0.8038246967538039,0.4716510028592005,0.0615090588029101,0.0436509598147222,0.2935306933440768,50.2926105393803,108.3163631224172,103.30110288536008,823.7166666666667,0.11456039868648,10.15668706332266
1900-01-01 13:44:23,Thermosyphone,449.99001029707665,342.7604800300204,1.4636125804379374,9.502146738629666,0.993274627139979,0.0435363421434863,0.0400705913989341,0.6107004378009409,0.9737106374652398,59.99614997374418,0.9920275938591924,0.000375616931433,4179.998020227597,0.8623737893283654,0.9744564391023668,36.9644808040964,310.06759126307236,40.593627723743026,313.77342252298035,73.16761383795765,346.314092248119,82.85666916125363,356.3935871717881,0.7898529621745373,0.476461108295094,0.1420498427376362,0.1124008112070721,0.3097821740764153,52.53568771751437,108.54059841392484,103.39844141121102,824.3833333333333,0.2253701588598,10.38205722218246
1900-01-01 13:45:34,Thermosyphone,450.0011328251573,342.7604800204938,1.4565994475095492,9.512305522393945,1.0077165003834312,0.0478646302834793,0.043232831126012,0.6060742981826608,0.9838978558669684,59.99759241100528,0.993645612525254,0.0003762669917856,4179.990632136722,0.8299239488305976,0.9723840875032064,36.94080573817621,310.0914557036449,40.776819483409206,313.9927941488631,73.72568904141058,346.57713619255,83.13440219172932,356.0843134396223,0.8073279410266025,0.480210475398861,0.1476405769833011,0.1170788662243261,0.3080002149905617,52.484173598287896,108.5548658686808,103.39827947006611,825.5666666666667,0.22576019507136,10.60781741725382
1900-01-01 13:46:23,Thermosyphone,450.0168343250725,342.7604799858484,1.449574886637335,9.506180544117106,1.0167430519532052,0.0295894853812822,0.025841272926029,0.5938517127100771,1.0009970582288992,59.99857203987227,0.9973970270939312,0.0003854451290921,4179.993531263023,0.8417281831753042,0.9635998145684594,36.94887088302347,310.0505972093139,40.93960793504424,313.95619596039836,73.99352346695916,347.0022447384109,83.14663211249255,356.044368044955,0.8158340053862022,0.4941489973290243,0.1509456164489045,0.1187331771505173,0.3057221133799102,52.55833399395189,108.56218655882763,103.39889842484428,826.3833333333333,0.23126707745526,10.83908449470908
1900-01-01 13:47:17,Thermosyphone,449.9912617813642,342.7604800435486,1.4658038049916255,9.506637914958972,0.9929212114335476,0.0420684064537321,0.0610937541760456,0.5790688338472854,1.0020571956660642,60.014062242658056,1.0181151274777245,0.0003919985472367,4180.002762216985,0.8604432170021312,0.9720583867823168,36.88708112503607,310.03193495438103,40.808959393392314,313.99920550325874,74.27896955691614,347.39464921798066,83.33389285802153,356.52039966018344,0.7940781126653365,0.4815769748354782,0.1545443031605144,0.1254547371302262,0.3034260814791762,52.30480770016102,108.56945136209193,103.39854836176954,827.2833333333333,0.23519912834201998,11.0742836230511
1900-01-01 13:48:18,Thermosyphone,450.0232164416891,342.760480008502,1.4529880917421054,9.507217490487092,0.9909298010930698,0.0533775706724725,0.0496354810999018,0.6042055695894708,0.9930874159132042,59.9979557756836,0.9838037681121508,0.000403704417829,4180.00890252332,0.8314845947045287,0.9499016644870169,36.90777911710347,310.06119551180535,40.81671178871888,313.9719998058575,74.74790129236223,347.8440049267163,82.79219011241373,356.3074107560211,0.8120342263640659,0.4825806614519373,0.1585248284686443,0.1277354656822114,0.3060487640948864,52.38387677942709,108.5820986774086,103.401767253043,828.3,0.24222265069739998,11.3165062737485
1900-01-01 13:49:15,Thermosyphone,450.0012650367579,342.7604800165503,1.454697488420879,9.495901500890664,1.0138500107381123,0.0496245909111473,0.0561700146238291,0.5947345531542062,1.0146725882205716,60.010404654513046,0.9870832245254372,0.0004157760312472,4180.001683057189,0.8527847763094341,0.939829331233718,36.87712501568357,310.08141531217416,40.773908579467424,314.10868231249225,74.87594313430452,348.000942679389,83.44968878111371,356.4164297382986,0.7987164022991561,0.4822371022876179,0.1646401255090017,0.1316014411117476,0.3067298741124113,52.557048753762444,108.59269697585472,103.39765709136636,829.25,0.24946561874832,11.56597189249682
1900-01-01 13:51:05,Thermosyphone,450.01004583307935,342.7604799990215,1.453004344251824,9.514110048539804,0.9949523169225848,0.0436975348329502,0.0468611597247317,0.5907726743665099,1.0103883447861992,59.99587789407011,1.0046419238204878,0.0004187372303391,4179.9986553070075,0.848289494715875,0.9534513731224464,36.979657286338515,310.11167840393375,41.046384027544235,314.18282311283065,75.36998756112571,348.2306554978336,83.36692016245675,356.3635372943785,0.7997762318872254,0.4728556846240737,0.1678029439221416,0.134123127983074,0.3032533094323028,52.64255961097504,108.59403217456632,103.40049402113776,831.0833333333334,0.25124233820346,11.81721423070028
1900-01-01 13:51:41,Thermosyphone,450.00105713834654,342.7604800367964,1.467310665144997,9.494628422696165,0.9888928189056946,0.0363443988390327,0.0634407842183925,0.6074373489848406,0.9770630617732998,60.00858749799403,0.9778216735283736,0.0004270263524658,4180.0084536043305,0.8460541726004454,0.96106949313167,37.04171417898065,310.16614084263017,41.04513596113584,314.1257540812358,74.7849302315315,348.23473309150097,83.0177931619694,356.54951737186747,0.78606919644868,0.4781789469592828,0.1656084887157751,0.1344993293748895,0.3024870247123095,52.83748582459086,108.57954140675368,103.4012313852184,831.6833333333333,0.25621581147947997,12.07343004217976
1900-01-01 13:52:40,Thermosyphone,449.9934501120517,342.76048006100206,1.4641580037726996,9.50268967668912,1.0241238217050694,0.0336699762876561,0.0418740145456131,0.5920650761757961,1.0120315252844247,59.99381177805796,1.0119025190740456,0.00041771159895,4179.981853399137,0.841983789963051,0.9628714390459376,37.116957938556915,310.2702684824974,41.07922920059769,314.2663926279601,74.04446564148516,347.68525350775377,83.54341668836047,356.6298180552053,0.7933409996780739,0.4887972674492905,0.1660560983857654,0.1324416076840425,0.3025328643137228,52.79348545113133,108.57966795991112,103.39955637687656,832.6666666666666,0.25062695936999996,12.324057001549761
1900-01-01 13:53:35,Thermosyphone,449.9861279710556,342.7604800137019,1.4624056095494835,9.508435906403898,1.0022311505307004,0.0454412330016734,0.055542931136086,0.6051438543824352,1.0117843389623469,60.008524727556974,1.0018880247463082,0.0004180467796676,4180.0080295415555,0.8442285636041976,0.9585233024227972,37.138898076723,310.3526661131569,40.968203724319785,314.30948807778356,74.26871935711613,347.4524729462611,83.6745679592507,356.8471710856916,0.79803175611897,0.4528196957590594,0.1617416315038026,0.1303654984893915,0.3010245323228463,53.05304737065941,108.57334685562334,103.39865954201038,833.5833333333334,0.25082806780056,12.574885069350321
1900-01-01 13:54:29,Thermosyphone,449.9974793899988,342.7604799348208,1.4476659582292224,9.485713467346669,1.0054389339305585,0.0375290494651538,0.0286748818312565,0.6081013650573311,1.0097209331628634,59.99638303470907,1.0094671396652757,0.0004221355378928,4179.9908562688615,0.8528124579167512,0.9618469622772544,37.19993638150206,310.345020245105,41.17499249416667,314.5471279221227,73.81188736892662,347.00368451145835,83.6342975260315,356.9297719432696,0.7979766683131397,0.4762326937055599,0.1599814846638048,0.127498038552443,0.3009610709415015,53.34608774928531,108.56209227533743,103.39894591269044,834.4833333333333,0.25328132273568,12.828166392086
1900-01-01 13:55:25,Thermosyphone,450.0043358841481,342.760480019017,1.4487137733959357,9.49429162764812,1.005866110842918,0.0236167431583617,0.0721505536762936,0.6030144797237066,0.99695895254871,59.99849664637218,0.9892661000798766,0.0004265534829215,4179.999160987449,0.8456491286727926,0.9775702103544748,37.3043634182644,310.4274316433759,41.22376250296023,314.28386908065875,73.42066836284971,346.5945144004476,84.02716011136039,357.3231033218821,0.8197753597714446,0.4582742450316087,0.1618647290546002,0.1270526952173198,0.3014363912629079,53.10881193233488,108.5385770456244,103.40165370230412,835.4166666666666,0.2559320897529,13.0840984818389
1900-01-01 13:56:15,Thermosyphone,450.0065185357427,342.7604799864738,1.4400913612568975,9.50418416672436,1.004863466701476,0.0306420237225395,0.0585939443838748,0.6180541363432134,1.004906502735194,60.00431392153342,0.9926619755661048,0.0004162211093437,4179.9959390650265,0.8506900236090186,0.9601174819588668,37.341109256084174,310.55167042234945,41.28499727772846,314.25396677000384,72.94276732863543,346.00194232857774,83.93342424333652,357.37409440188964,0.7971475806581885,0.4730714312520491,0.1577670921835322,0.1250988007975081,0.3015407055385621,53.270201641903405,108.53622834188371,103.39817435726444,836.25,0.24973266560621998,13.333831147445121
1900-01-01 13:57:05,Thermosyphone,449.9919357985939,342.7604799742776,1.448159180964817,9.498267889830608,0.99525954920226,0.0269539753871082,0.0489711219033841,0.6033600162751983,0.9950745525970688,60.00819069046011,1.0031545708391003,0.0004214159338687,4179.99626458571,0.85413473317899,0.9668248864921826,37.36694215717961,310.58319252638853,41.2038387868009,314.48975021900696,72.41972463264419,345.8857977969539,83.95269945518245,357.38647699759207,0.8018145942701168,0.4840697369752874,0.1551469727791875,0.1218522342843479,0.3025971645109321,53.09772896207756,108.52603456953408,103.39892460042708,837.0833333333334,0.25284956032122,13.586680707766341
1900-01-01 13:58:07,Thermosyphone,449.9859690384108,342.76048003540643,1.4638097790970794,9.500716276124027,0.998556649492306,0.0304002843217764,0.048899211844766,0.590919733971137,1.0008641506206428,60.00393728569633,0.9975285815205656,0.0004214506640688,4180.005835920026,0.8580467454901863,0.9797475400043296,37.44153608575045,310.59489086846094,41.16677679251763,314.43595178469553,72.20354181600324,345.53317796365604,84.56246901242368,357.6925522289808,0.8163954206519501,0.4885364132507903,0.1545090236805726,0.121066378607846,0.2993722321160165,53.60414200915841,108.52134277817106,103.3973467702182,838.1166666666667,0.25287039844128,13.83955110620762
1900-01-01 13:58:57,Thermosyphone,449.9902214614765,342.7604799719523,1.4695223529074375,9.518059195180514,1.00329931296423,0.0434071142724471,0.0694194598341136,0.6044868976371958,1.005590430884707,60.00372705724293,1.0037432121278682,0.00042490499958,4180.0072634805965,0.850853640702425,0.9560686010524904,37.54204501409639,310.6488520761071,41.40844451063967,314.5192967344261,72.19052068159823,345.0910778585029,84.64032656826681,357.7380513312174,0.7999299229736071,0.4837018687856285,0.1502717895365888,0.1186717938561985,0.3002318471119446,53.09786183072388,108.51128155880828,103.40286255997913,838.95,0.254942999748,14.09449410595562
1900-01-01 14:00:56,Thermosyphone,450.00853690039344,342.7604800530873,1.46679058284803,9.522770196274369,0.9912885982150536,0.0365878289954746,0.0548332711035812,0.5838508720701342,0.999935626830177,60.0006674634368,1.0129791373000196,0.0004238801845943,4180.007662616,0.856967587908515,0.9606137946274682,37.57001986987166,310.7307707346092,41.600175800151035,314.54769866503085,71.93953763203837,345.0009195472942,84.65768890542765,357.9703579105128,0.7974936720530349,0.4707801462393938,0.1483110289250076,0.117968759388159,0.2995249122273377,53.659271764378296,108.48870735099136,103.4010699178304,840.9333333333333,0.25432811075658,14.3488222167122
1900-01-01 14:01:50,Thermosyphone,450.0070057206555,342.76048007152417,1.4751612000063477,9.503448518675498,1.0033890326469272,0.0511366415149786,0.0627789769479783,0.5964184914069315,0.9877497120027554,60.00862944472291,1.00225087135032,0.0004222184942049,4180.005428962358,0.8430157370899426,0.9548994736766938,37.55067810643412,310.673627941896,41.47220593070576,314.68142118872606,71.99440509144343,344.9911355829535,84.8361430145958,357.8168503694382,0.7850977903299398,0.4822953610191811,0.1514998447935817,0.1216665099022884,0.297258776236586,53.78653861327364,108.47682467763585,103.40077014155024,841.8333333333334,0.25333109652294,14.60215331323514
1900-01-01 14:02:46,Thermosyphone,450.00283208044647,342.7604799646383,1.4641612112644855,9.518281696335215,1.0135870780235725,0.0436224863715755,0.0494926461983561,0.6089832346209508,0.9985891983977316,59.97470930560187,0.9828215594294464,0.0004249745227311,4180.013302763423,0.8487460329054431,0.9520176927861204,37.48434880257018,310.61189410459116,41.615747906555185,314.9998301311251,71.88529332053633,345.0067954826788,84.18131857874106,357.61492015088766,0.7905009624188749,0.4865042008767233,0.1491564645944461,0.1200201206857676,0.2985312225622882,53.96379133177991,108.46754796131177,103.40003336724668,842.7666666666667,0.25498471363866,14.8571380268738
1900-01-01 14:03:40,Thermosyphone,450.0034286654662,342.7604800115914,1.4575742537683791,9.488322854543297,0.9759319024821592,0.0288382844948549,0.0601393445105699,0.6080033593406395,1.0114236977470037,60.00328119818128,1.0022703242376594,0.0004200628193794,4179.982917693491,0.8517817382856848,0.953524072145886,37.441238407230664,310.58224922664584,41.719411615531726,314.98433352821235,72.18956307909738,345.04065128897054,84.38069726573912,357.4727493717666,0.7798879991140861,0.4894013360606866,0.1487671811277386,0.1188746026396856,0.2957660224568527,54.11214972199878,108.46823243713284,103.40036201804472,843.6666666666666,0.25203769162764,15.10917571850144
1900-01-01 14:04:35,Thermosyphone,449.9934648899038,342.7604799896605,1.4451593488219847,9.510527060999472,1.0118634882280362,0.0352016370136029,0.0503790067196799,0.5933327147080675,0.9869097183590796,59.99485262732264,0.9880279811536112,0.0004129448298828,4180.002959677226,0.8400431578891662,0.959581532649214,37.36011490135989,310.57018273517986,41.72812156920839,314.8859339023788,72.26514486708112,345.24753237373744,84.30019832280855,357.4052383476945,0.8048120210357883,0.4720844626666883,0.1496140990225375,0.1180090898993745,0.2977618017045053,53.94449935444268,108.4573188571847,103.40073155556308,844.5833333333334,0.24776689792968,15.35694261643112
1900-01-01 14:05:23,Thermosyphone,450.0072653071136,342.76047998697976,1.4499483218143845,9.491993699377815,0.989254881936646,0.0431126702669001,0.048035295251088,0.5969302819660742,1.0085412079008456,60.00881674337075,1.0010976078242153,0.0004129635427634,4180.004851427962,0.8304120802790781,0.9510741848841494,37.378304300712095,310.56644241077163,41.60057644716891,314.8617630872243,72.06103996763497,345.4485112946892,83.85584920424446,357.1581257272454,0.8121281912422094,0.4888182479940447,0.1488973921852287,0.1191515243236358,0.2962497662013857,53.972334000844306,108.44282777466267,103.39913099678942,845.3833333333333,0.24777812565804,15.60472074208916
1900-01-01 14:06:15,Thermosyphone,450.0045884256963,342.7604800329399,1.4419462529549187,9.506663678602532,0.9895550010045808,0.039274209578194,0.0530352673323549,0.6101382586436175,0.9997596569539616,60.00248765685302,1.016292951899093,0.0004258726685736,4180.010531637904,0.8575047693550557,0.9650818943637192,37.381267906568496,310.51208865672885,41.893425327352546,315.1351504300305,72.31481019982579,345.1603290169292,83.95787704122908,357.526719800568,0.788629579960411,0.4850986778335317,0.1501069683228863,0.1190312809789627,0.2943436211192013,54.088066524892746,108.436559660893,103.39912925546705,846.25,0.25552360114416,15.86024434323332
1900-01-01 14:07:25,Thermosyphone,450.0018180641601,342.76048002782227,1.4463871574614415,9.505902160730862,1.024896093184703,0.0394507540013904,0.0387903638648053,0.6113865106718526,0.9952552749336292,59.98711541064505,0.988723561255786,0.0004157031364227,4180.005227100109,0.8415006686873117,0.9513107476884716,37.30096362983105,310.4686984894086,42.1586809465685,315.3487744664903,72.25301273909398,345.63066996327643,83.82862842169213,357.435802634183,0.8062015656693107,0.4826572143012891,0.1477334596268916,0.1189673635497079,0.2943727337860577,54.21056278352437,108.4242505725005,103.39916073919534,847.4166666666666,0.24942188185362,16.10966622508694
1900-01-01 14:08:13,Thermosyphone,450.0042726730873,342.7604800016945,1.4750806161206171,9.487512654901517,1.002860559027718,0.0267167132744244,0.0556362735408492,0.6057336570482762,1.0013576346189503,60.005061108419405,1.0058458005711668,0.0004217596132488,4179.986159537045,0.8587745244434009,0.977487756911043,37.29727759769894,310.416857155451,42.36636058458546,315.3152850340539,72.57065275326438,345.6379903434858,84.1458640689763,356.7404306036066,0.7920723639461292,0.4852427186175571,0.1494866842388933,0.1175912146539361,0.297147529116384,54.311062982543746,108.41932039400332,103.40052130678004,848.2166666666667,0.25305576794928003,16.36272199303622
1900-01-01 14:09:04,Thermosyphone,449.9768635025323,342.760479939288,1.4537640227842032,9.522010989384674,0.9927983940341976,0.0397639364218309,0.0707786806861947,0.6003822594150592,1.0050930035111652,60.00311651523793,0.9916232584677002,0.0004168809436931,4179.994975390431,0.8499250608663705,0.9526640833492968,37.22557219677507,310.3922309805528,42.35851322221697,315.6442588692658,72.31627033448969,345.6343704262604,83.61112805707299,356.8276373426913,0.7827974850175627,0.4972664079126024,0.1492896011001221,0.1188078906857126,0.2924400231245466,54.06143691668448,108.41537994893126,103.39776312773476,849.0666666666667,0.25012856621586,16.61285055925208
1900-01-01 14:10:48,Thermosyphone,450.012027395561,342.76048000291826,1.4544887150951051,9.5133493172469,0.9971746538523272,0.0480093597856732,0.037633744060174,0.614273271055221,0.9944366279313522,60.0017870200881,0.9928160847422354,0.0004170424633893,4179.99720189032,0.8591736095734288,0.9575512202531786,37.24970426104774,310.3848125500819,42.58214905908803,315.40588607601757,72.20786314202655,345.8796820511634,83.2953706961209,357.15585923082017,0.7998488057887392,0.484346757510163,0.1496924355495684,0.1166319157802131,0.2940734906746548,55.043485117612,108.41358246870216,103.38992286210215,850.8,0.25022547803358,16.863076037285662
1900-01-01 14:11:56,Thermosyphone,449.9882785031235,342.7604799928787,1.457806799678766,9.512437026568112,0.9861484627188232,0.0505069202427182,0.0458778026376954,0.5836150771885805,1.0099754821267226,59.995836054187976,0.9799653333454216,0.000422896741412,4179.983134906326,0.8462206930699682,0.948735175629472,37.273196192188735,310.46547725424415,42.628826876927064,315.52813089234616,72.44376089605728,345.64332703291535,83.93006683960317,356.91611419135694,0.7878998155411268,0.4670892204625184,0.1495362510520279,0.1174895036786039,0.291744134342206,54.58955750426101,108.42005796753708,103.38221905230304,851.9333333333333,0.25373804484720003,17.116814082132862
1900-01-01 14:12:27,Thermosyphone,449.9972859379313,342.7604800268572,1.4415072729511844,9.508706814017556,0.9875217458721044,0.0423223768974354,0.0415405429814457,0.5838489953357824,1.0022090890829718,59.99897733482904,1.0152171980637796,0.0004230235664737,4179.984117376207,0.8532798492727847,0.9698132148967183,37.35490359427509,310.5283359572111,42.91031722853875,315.7491594019951,72.53827714851992,346.0281333872958,83.90664209291099,356.7000257108188,0.7847522009665354,0.4644371514591405,0.1489374985674673,0.1161133388516726,0.2919517994870963,54.65296767959257,108.42410524083054,103.37358094229636,852.45,0.25381413988422,17.370628222017082
1900-01-01 14:13:38,Thermosyphone,450.00431045675,342.760479946601,1.4742468738906327,9.511788180068748,1.0107061971149252,0.0193647212223068,0.0589052581519615,0.5856641745748966,1.0042914559641178,60.01162778377528,1.0107164580927142,0.0004226404188352,4180.018527459123,0.8516521267309914,0.9519256412464792,37.37028642939694,310.5322547304668,42.9072155908648,315.834761362773,72.60127374610326,345.60949050754516,83.57948612980103,356.64271152786876,0.7952854682439647,0.4830536247687468,0.1472687044073159,0.1164260502454132,0.2891108967893199,54.53760034999716,108.43254608138196,103.3651721735876,853.6333333333333,0.25358425130112,17.624212473318202
1900-01-01 14:14:31,Thermosyphone,450.00037428394944,342.7604800193022,1.462910893613456,9.494660446127778,0.985727462638591,0.0364149903969724,0.0347141035358541,0.5993290530907651,0.9923349278019732,60.00287472958942,1.0019610510888235,0.000418676728854,4180.00634726222,0.8783685537571924,0.9415501701578046,37.48028998560382,310.55532587541035,42.77791019127474,315.97390830553644,72.57844245446647,345.64097337536623,83.54107432776732,356.6984470680728,0.7924038470798325,0.485915391529831,0.1485203680791659,0.1149148716555747,0.2901688637484826,54.80091425650835,108.43695900526224,103.35447022854072,854.5166666666667,0.2512060373124,17.875418510630602
1900-01-01 14:15:29,Thermosyphone,449.9963078159778,342.76047998353937,1.4675607905095531,9.503134020653116,1.0038766169597313,0.0450309404718712,0.0514329471273823,0.6131358748012565,0.986304257404485,59.99968773129421,0.977168394514698,0.0004184713162561,4180.020033279183,0.8371538166438269,0.948967938774584,37.47109281477056,310.642203914631,43.143207504091954,316.15002876862883,72.73204531489291,345.58566403779315,83.85380469704751,357.0870692781957,0.7901694423158752,0.4650508938709967,0.147018725388298,0.1148177833000727,0.2908654266581515,54.97845416105076,108.45417566990668,103.34761635371784,855.4833333333333,0.25108278975366,18.126501300384263
1900-01-01 14:16:03,Thermosyphone,450.0127083321459,342.76048000844526,1.455074149341199,9.490251088809506,1.012323358430818,0.0283951324893649,0.0510823069938115,0.6113752763529815,0.98344998800075,60.003160880120525,1.0031078721874456,0.0004215518233035,4179.995348951307,0.855855495832589,0.9703859814254824,37.511618673967114,310.7151855561305,43.05796324464168,316.2615194480314,72.63938913827803,345.54978180873155,83.46490432279818,356.70464192950885,0.8151459856435812,0.4879385950455796,0.1445735956442861,0.1122837414815275,0.2927919869137221,55.028704521646965,108.46208042489889,103.33510707689626,856.05,0.2529310939821,18.37943239436636
1900-01-01 14:16:21,Thermosyphone,449.992071890376,342.7604818177741,1.4682552606854085,9.483348988524726,1.0092023470379754,0.0441418260447883,0.0495581838820195,0.6145752525373365,1.0107486121785598,60.00053270459736,1.0116767342926605,0.0002234758636035,4179.991983696272,0.8638383746509365,0.9705907889357196,36.78369002734085,309.84476793248115,43.73202030788247,316.72584967371637,57.00004694148447,330.4861051957065,64.17988750312307,337.68065097114345,0.7850212416988193,0.4704488420702394,0.0742681133403802,0.0521641905536316,0.2694582474524096,53.04557676667277,108.36920171503596,103.30158838012863,856.35,0.1340855181621,18.51351791252846
1900-01-01 14:17:03,Thermosyphone,449.9867862522614,342.7604800097948,1.4514115274474977,9.516454872761727,1.009189822931258,0.0340778824106546,0.0407276691087686,0.6129020566222213,0.9962693158157468,60.026435900437015,1.000964707952837,0.0004150372494745,4179.979593021739,0.8426449834732209,0.9744540059905336,37.55823734302058,310.6572303078472,43.24505425819289,316.4342417316079,72.65853856018495,345.6503042254719,83.59982169518567,356.8327145233476,0.8222426861699945,0.4905904823635516,0.1442196142323335,0.114248493450881,0.291715058973911,55.48106280322433,108.47378351505986,103.32682510298312,857.05,0.24902234968470002,18.76254026221316
1900-01-01 14:18:13,Thermosyphone,449.9952270282401,342.7604800049215,1.4482988092822948,9.500234225036165,0.9854313483869724,0.0484397242206909,0.0579857154623293,0.5834917742178496,1.007471436064984,59.99439584726275,1.0141281930087644,0.0004236516283437,4180.0108701836225,0.8559111797292184,0.9495686135337732,37.56371125308461,310.76215065013895,43.296559847283454,316.61765842509163,72.16692510373252,345.7000642861651,83.71258777201683,356.5340244809835,0.7903531603037562,0.484239058654193,0.1456960132921292,0.1132785319411629,0.2882174149200018,55.12181389406722,108.48098465177569,103.31744172386573,858.2166666666667,0.25419097700622,19.016731239219382
1900-01-01 14:18:57,Thermosyphone,450.0004141496726,342.76047997329226,1.4550686227135083,9.47986195980252,1.008362875353653,0.0343836267435206,0.0507953191463663,0.6150010438696878,1.015536374003602,60.006619496792375,0.9897887991945262,0.0004196794655883,4180.003000620628,0.8526933580039945,0.9614051642117314,37.6724685603595,310.81939878846015,43.715331375849146,316.81896700307743,72.29179435036431,345.50525914270776,83.60678282999518,356.83464904946607,0.7950825033040856,0.4798935547086807,0.1435622240283979,0.1120064325685254,0.2895636967546433,55.319152710868245,108.49743426607186,103.3105067922906,858.95,0.25180767935298,19.26853891857236
1900-01-01 14:20:52,Thermosyphone,450.0127110201363,342.76047995334653,1.4605046360342169,9.494409025888633,0.9944919869672166,0.0598103715919429,0.0457960649357837,0.6024598672415008,1.0059062621897423,59.99974593643694,0.9863900635280476,0.0004211928389104,4179.996576567851,0.8489421833482771,0.959767900763204,37.69178427454326,310.84108612258575,43.50417753940287,316.8575332083923,72.74327922961604,345.273393543854,83.50321411478296,356.6964704799926,0.7801399375334074,0.4616994607114091,0.1424951089103459,0.1133650138517685,0.2873114603220911,55.10374472810157,108.49938171625102,103.30067694926608,860.8666666666667,0.25271570334624,19.5212546219186
1900-01-01 14:21:52,Thermosyphone,450.0004242327463,342.7604800861552,1.458994009975374,9.504334752926455,0.9946934558733284,0.0313848659810556,0.0383554615750795,0.5871000416633684,1.0055065965303736,60.001619237623345,0.993695383110259,0.0004187241101996,4180.010592211139,0.8479275913945508,0.9603417446826592,37.6699569439702,310.8248499777556,43.57516698886602,316.5254301558793,72.1616120090417,345.70053813883464,83.63991517427259,356.83283604186647,0.7828281946271832,0.4719944922631824,0.1441830514748944,0.1125294459552862,0.285654540899237,55.14319434175992,108.5070945609159,103.29965420754291,861.8666666666667,0.25123446611976,19.772489088038363
1900-01-01 14:22:42,Thermosyphone,449.9865837060173,342.7604799745226,1.453574754566087,9.488496712979988,1.000905581905808,0.0284380077158472,0.042556188261049,0.5920177116330473,0.9833988688947992,59.98421675739487,1.0012021134455424,0.000416253129486,4179.998147367367,0.8485435436318265,0.963316947903706,37.66320413471739,310.7808412045036,43.510660776430875,316.8182491643443,72.68084465681892,345.62806931877043,83.80602853055328,356.9326744574532,0.7984543702031333,0.4863481891075327,0.143836781239671,0.1133249555677211,0.2876389317178182,55.855945981580625,108.49734435183058,103.30159237138096,862.7,0.24975187769159998,20.022240965729964
1900-01-01 14:23:42,Thermosyphone,449.9877720896518,342.76048001846203,1.4624652559733289,9.493908832001951,0.9753891875918496,0.0474564797126103,0.0370375324223466,0.5982757511743692,0.98225381098604,60.005933956096115,0.9816410698783212,0.0004178641975678,4179.994354156236,0.8499305120144274,0.9451692334178896,37.6373094356384,310.78818500524085,43.58479400770789,316.7440014856833,72.1170417219753,346.0028202957377,83.84941004572887,357.1593144891428,0.8018299736719423,0.4805573061559509,0.1455427310099563,0.1123587004618659,0.2881560177891514,55.8279851273317,108.50073960277696,103.29978272961266,863.7,0.25071851854068,20.272959484270643
1900-01-01 14:24:38,Thermosyphone,450.00413322566453,342.76047998776977,1.4529337605795891,9.50125134731914,1.0076201970029957,0.0349638045180961,0.0579001558774424,0.619625341815735,1.005926544072258,59.99937203062436,1.005690948704013,0.0004183924665241,4179.988804828707,0.8424133803159252,0.9463049663046368,37.6300912093748,310.74831993140924,43.39260760174612,316.8188470705983,72.68852001454829,345.82854720051927,83.71818590281165,356.90909035915973,0.8176194959818845,0.4739530846576482,0.1455651473949593,0.1133471548683512,0.2837020776387678,55.327643033537456,108.50182403744644,103.2995706127016,864.6333333333333,0.25103547991446,20.523994964185103
1900-01-01 14:25:25,Thermosyphone,450.01041797666267,342.7604799470674,1.4557470458608524,9.511714008517725,1.008431614942897,0.0372398730213288,0.0546934971138464,0.6062439181457034,0.9912444856454368,59.985223155444935,1.0086452931717782,0.0004201947152563,4180.018192351853,0.8435625071980158,0.9699602898070668,37.609045846129085,310.75202262667494,43.59427710692582,316.63031109615275,72.62344422140886,345.73939985408674,84.04058414816178,356.99486838978,0.8024585604842758,0.4978218856591735,0.1441903263719671,0.1139902802343274,0.2823860926571199,55.786607434939874,108.50096513518316,103.2987390954732,865.4166666666666,0.25211682915378003,20.776111793338885
1900-01-01 14:26:25,Thermosyphone,450.00104292310425,342.7604800589732,1.4574803887083996,9.503948098421652,0.99854044877771,0.0287787999904709,0.0760182696891001,0.6018261906805065,1.003058228721498,60.00084812193751,0.9853321344749396,0.0004150551742782,4179.9832480200685,0.8632102060417588,0.9650211310181074,37.56540271314864,310.6904459297447,43.47552254471406,316.7105849619257,72.50988168930603,346.0155518613669,83.96194499161737,357.2075618504261,0.7989952257678563,0.4581167279055727,0.1466506908950046,0.1137573633897262,0.281367388291336,55.69810104652868,108.4987702573855,103.29856764630595,866.4166666666666,0.24903310456692,21.025144897905804
1900-01-01 14:27:18,Thermosyphone,450.01204453646824,342.7604800113065,1.4422378567208838,9.493222941026232,0.9802176075208916,0.0420060470254611,0.0400175919922358,0.6027544782118444,1.008011608094886,60.00878209554139,1.0020774984577705,0.0004190700344456,4179.9837854262,0.871812746311751,0.9820901575319212,37.55250528609045,310.71427825172196,43.419988225867264,316.6591497390038,72.76804908504174,345.81403159588996,84.50343469712412,357.3887642604239,0.7937880554828899,0.4759193138995402,0.1462508429259591,0.1124125948687434,0.2853418580391038,55.84698367733731,108.50330780552318,103.30049202693824,867.3,0.25144202066736,21.276586918573162
1900-01-01 14:28:06,Thermosyphone,449.9933020123746,342.76048004520857,1.4606351836419915,9.505957169922675,1.0059384697350255,0.0390938385958168,0.0390503890261624,0.6179890750715767,0.9980655188574048,60.01288259781024,0.9991082047100086,0.000424025628896,4179.99133752153,0.8368379531839628,0.9572061820388056,37.525824538757625,310.7012766830072,43.57655134028282,316.5054492911102,72.68393656302032,345.722953039468,84.1175416233778,357.38752930528864,0.7937909470358089,0.4916652940614134,0.1467912726569663,0.1133814128010144,0.2861901564890023,56.11023086166285,108.50072029721684,103.2994956046197,868.1,0.2544153773376,21.531002295910763
1900-01-01 14:29:17,Thermosyphone,450.0079786797894,342.7604799649388,1.4579646268321589,9.49167193700888,1.008947672143922,0.0297144811226437,0.0436311040798813,0.5938240419136944,1.004804098248504,59.98950604847769,1.0000773235158438,0.000412180680971,4180.008502613182,0.8231431862485558,0.9617674516823842,37.52363871895047,310.6569151177007,43.64679876266019,316.8002782799929,73.03574841359958,346.1960193593604,84.38718761154306,357.40780626082704,0.8026338057184428,0.4910140363676413,0.1465113388078925,0.1121150224103918,0.2808096233380832,56.362266567212,108.49696958166696,103.29915436604324,869.2833333333333,0.2473084085826,21.778310704493364
1900-01-01 14:31:00,Thermosyphone,450.0089668813056,342.7604800182163,1.457793252331832,9.47877825714098,1.0221853771988445,0.0362112353792202,0.0608959944428281,0.6014176203210102,0.9946471334848972,59.99732936961613,0.998313997784096,0.0004178205176655,4179.987069597573,0.8539681543978074,0.9780622159778212,37.54341246688529,310.7053562874205,43.45352408316118,316.9334189559555,72.69043867639006,346.1408593839464,83.96736662198926,357.3194720208021,0.8022223923632651,0.4688636146181745,0.1433131838779575,0.1108213579003782,0.2827650811628656,56.037956594733046,108.50518629082175,103.30036782784616,871.0,0.2506923105993,22.029003015092663
1900-01-01 14:31:37,Thermosyphone,450.00631044017945,342.76047997337184,1.4723186175439282,9.49474632923536,0.9911795952039718,0.0410806373152435,0.0599734102828459,0.5756436975781839,0.9935838830383392,60.01257648207337,0.989601573199533,0.0003992021916533,4179.984088642727,0.8465393108736534,0.947440238275076,37.618885997858214,310.7251979179692,43.626047115628246,316.8093124150227,72.76084706797761,345.97342192471837,84.07824469443132,357.24166906747746,0.8122858142544991,0.4842386886053913,0.1409142731249412,0.110582758907173,0.282803052545595,56.368934772416985,108.5203155551542,103.2996598099238,871.6166666666667,0.23952131499197998,22.26852433008464
1900-01-01 14:32:54,Thermosyphone,450.002090858722,342.76048000151025,1.4719806680349394,9.508248789393106,0.9929688243900188,0.0447834830452319,0.0372002517737787,0.5975254265495618,1.001755519473669,60.00140365407482,0.9983454979576736,0.0003919809920077,4180.003991321454,0.8555553407172772,0.953254461349024,37.66315029187269,310.82475860379043,43.83033285437022,316.9642127887491,72.92557015530251,346.097454886698,84.3142947254593,357.41545730174005,0.7949158017154899,0.4833499268913355,0.1362712645214073,0.1064123145580292,0.2822197180323913,56.60217070256946,108.52478197239913,103.30077549617532,872.9,0.23518859520462,22.50371292528926
1900-01-01 14:33:33,Thermosyphone,450.0046103974778,342.76047995660787,1.4695676154838897,9.504876643729288,1.0046355092987649,0.0401780522545759,0.0367199320142615,0.5833075714606591,1.0007368055832202,59.99628978478253,1.0032689784041051,0.0003910466840665,4180.004157530628,0.8403997495646917,0.9663428213011058,37.70485763467952,310.8772207894376,43.93357210188866,316.95287669566636,73.07378536539044,345.9196846483309,84.11447883689547,357.4918228624588,0.8018706300582014,0.4716838681765438,0.1334162345945404,0.1046346793208928,0.2804401880501924,56.657532250063966,108.53985068036668,103.29973196401744,873.55,0.2346280104399,22.73834093572916
1900-01-01 14:34:43,Thermosyphone,449.9983910585879,342.76047996670354,1.4538952343960732,9.509311615848985,0.9942124555555732,0.051178673061231,0.0500703129560974,0.6039523957055585,0.9927429123974484,60.00032451164342,0.999942484586015,0.0003829034070126,4179.9953449696395,0.8343759610588855,0.9489652197631928,37.75789380804261,310.93708398038575,43.84989050909761,316.9899557627638,72.75768624546161,345.9557502926713,84.02036939441459,356.9513974637377,0.796862242185871,0.4895268388914053,0.1310982889615733,0.1022094444283044,0.2794369678726349,56.86447700152001,108.54085417524728,103.30078819229618,874.7166666666667,0.22974204420755998,22.968082979936717
1900-01-01 14:35:32,Thermosyphone,449.9976856348186,342.76047998763795,1.448009764125348,9.49880781691335,1.0166734660141987,0.0328155727964537,0.0521994468184663,0.6090911966948701,0.9990264896124226,59.98690096040417,1.0033808710994656,0.0003764599782382,4180.001527897174,0.849612188886999,0.959490563995108,37.78075163567176,310.98440920657845,43.989073285514195,317.08863411303,72.99912940509174,345.77995807973764,83.98143433015508,356.8868585708116,0.80336128202868,0.4659233871298783,0.1276215669439125,0.0993779975247148,0.2814247509187446,56.833981524277874,108.55293302286006,103.29885915046208,875.5333333333333,0.22587598694292002,23.193958966879638
1900-01-01 14:36:26,Thermosyphone,449.9826931499868,342.7604799872178,1.4612112868565648,9.501740780892067,0.9846444124746624,0.0511305264077501,0.0505902018528888,0.6099861414612568,0.995771256229228,60.00035579530146,1.00196707877785,0.0003611333675341,4180.022123611664,0.8472782360704363,0.9633833088456936,37.86776941246887,311.0192781493418,44.119193373456,317.2026318328917,72.61251262848772,345.92896297068125,83.81473371993057,357.4301746558559,0.7981705739501873,0.4733995083789033,0.1248635539232237,0.0983960110509876,0.2770774950157,57.479685014113,108.55973775784426,103.29932016287528,876.4333333333333,0.21668002052046,23.410638987400098
1900-01-01 14:37:08,Thermosyphone,449.9953055268321,342.76047995475415,1.4502719837176772,9.496626882044144,0.9985367915008736,0.0425400453217844,0.0526458401339095,0.5992149214725725,1.012966599004576,60.00167938874606,1.0120524246470242,0.0003550230705959,4179.993606550892,0.8364213727072577,0.9320702461240818,37.9269115952632,311.06029217648677,44.22452111997115,317.52717751963036,72.37310649236714,346.01816018502427,83.54094451908169,356.62888614027327,0.8223907088423078,0.4875660365400995,0.1170465356741629,0.0954252694523838,0.2788702441541659,57.69406371127553,108.56931666689349,103.30027330204622,877.1333333333333,0.21301384235754,23.62365282975764
1900-01-01 14:38:11,Thermosyphone,449.9792850075835,342.76048000419115,1.4643158118207722,9.49043239604478,1.0052549768338328,0.0465756974674884,0.0502132373612521,0.6113415575802613,1.006403999916324,60.01614678316028,1.0025960945983254,0.0003501453771984,4179.998559337976,0.8567703490447249,0.9634197316789784,38.00055752493723,311.1576319705764,44.281102685094346,317.4306362896204,72.43205299655313,345.9248722427321,83.53086665685025,356.7544372523619,0.7961637931454697,0.4865520343027532,0.1182918806757074,0.0919962462989623,0.2784651826352658,57.62648249356335,108.57853640797973,103.30212974926368,878.1833333333333,0.21008722631904,23.833740056076678
1900-01-01 14:39:15,Thermosyphone,449.9939944654854,342.76047995948846,1.4447477623880127,9.490720043121588,0.990679283245158,0.0430397046941685,0.0518114878197386,0.6084802343057221,1.0018031054152468,60.00211223520695,0.9970022927817542,0.0003438547848261,4180.0161085594345,0.8420869644161801,0.9630231780893675,38.03979778278127,311.18952537732457,44.343263573535005,317.42458274079763,72.67209748966307,346.0271152972096,83.92458219796266,356.9958151865906,0.8014329252944903,0.4934533605638457,0.1142029123536426,0.0888527117025686,0.2760887927920943,57.962902637159566,108.59463720542227,103.29868238875066,879.25,0.20631287089566,24.040052926972336
1900-01-01 14:40:47,Thermosyphone,450.01991762922574,342.76048000737154,1.445580764522558,9.496915074223462,1.0057655052269616,0.0507448694323931,0.0580875159893206,0.6160855808815575,1.0072683300190046,60.004527128624375,1.012239229709493,0.0003281811045919,4179.994152623822,0.8358778635295693,0.967647753281923,38.05739653250544,311.2284691914824,44.56657957911029,317.66500896399856,73.04083784336113,346.42633936620217,83.93327147053574,356.7096161211028,0.7921960349369903,0.4992885733727472,0.1126319283846284,0.086947643796879,0.2764227087490784,58.08137546761595,108.5996814607382,103.30012945982992,880.7833333333333,0.19690866275514002,24.236961589727475
1900-01-01 14:41:41,Thermosyphone,449.9922164659447,342.76048003630655,1.4605404855197568,9.510089205348695,0.9829828011975664,0.034180782994363,0.0531016914038084,0.6067094877056899,1.0208150549710235,60.002009024195395,0.99108160640857,0.0003272358254577,4179.986600605574,0.8634457026911199,0.9584662423666058,38.031440503902886,311.2213355624611,44.766631943139934,317.72185954179685,73.43054146346903,346.71730235915754,83.3630174146407,356.91418092434776,0.8067925835410071,0.4818441259717836,0.1148937167918168,0.0885978972016222,0.2764219316095667,58.2013000583803,108.6004134019076,103.30224971670285,881.6833333333333,0.19634149527462,24.433303085002095
1900-01-01 14:42:48,Thermosyphone,449.9973657819799,342.7604799986229,1.449582240654541,9.51216888829369,1.0277583828793977,0.0374522381628233,0.0529710370991819,0.6048596200565381,1.000927578710772,59.998341744831315,1.0063627535268165,0.0003246835761458,4179.991266879654,0.8523621775902099,0.9606686843660972,38.02253342416909,311.18139490693017,44.80372255807008,317.69073043512174,73.81244482162737,347.25867200950074,83.72564969014284,356.8934590000328,0.8121104614987897,0.4616595207284162,0.1173597734085268,0.089865523996093,0.2731992322866033,58.18616874579443,108.60661982088112,103.3020851514281,882.8,0.19481014568748,24.628113230689575
1900-01-01 14:43:36,Thermosyphone,450.0069719730555,342.76048001751394,1.4426570061216215,9.525626632008656,0.990069464829246,0.0606580631037516,0.0497007825423299,0.602654998756073,0.9974556924974656,60.01398399031485,1.0178958639338538,0.0003306602780874,4179.993734086552,0.8430169239794392,0.9667081453188394,37.94226646721777,311.1046308821735,44.71941374821748,317.9041411058992,74.25483769735611,347.4135475980546,83.43031980774133,356.82403926769445,0.7984485537753621,0.4829221487018407,0.1176698241623346,0.0888653425416521,0.2770574772269499,57.56959894249433,108.60190099508556,103.29937635889884,883.6,0.19839616685244,24.826509397542015
1900-01-01 14:44:38,Thermosyphone,450.0055211629415,342.76047999382274,1.4532137616799363,9.483341860130665,0.9990975445667132,0.0326922092209082,0.0405701005452024,0.588827974617216,1.0000991349364283,59.995779752603354,1.0087081427448044,0.0003280301427954,4179.985095136315,0.8420993833016681,0.9602586215868398,37.9236227353221,311.1432837700878,44.74512411057669,317.906640077906,74.76709752239924,348.0071044919602,83.90173610647366,356.7926002750358,0.7927780507886335,0.4996714183596016,0.1157366696504899,0.0908653880701196,0.2721721425547837,58.162584129813766,108.60102492364123,103.300433505157,884.6333333333333,0.19681808567724,25.023327483219255
1900-01-01 14:45:22,Thermosyphone,450.0031802313488,342.7604799684691,1.450715910322954,9.492368957068804,0.9927317111175225,0.0299570774503476,0.0520764340461937,0.6029324620380776,0.9917745072152924,59.995349968662765,1.0042381015887951,0.0003305322608524,4180.0143242567865,0.8473744620525053,0.9632108141990434,37.9507621043572,311.0637601874239,44.70001988051046,317.8160525412917,75.22336381283691,348.27035097883106,83.86426308976434,356.9903448988248,0.802032809230253,0.4862975971675621,0.1193749636738057,0.0936724628150324,0.2738123071407594,57.74372981563801,108.59911842179156,103.30213978196706,885.3666666666667,0.19831935651143998,25.221646839730695
1900-01-01 14:46:43,Thermosyphone,449.9995480195413,342.7604800008014,1.4399408004152376,9.501115802375162,0.9993151020892762,0.0343142024439942,0.0676978355274898,0.6021017502188103,0.9900490099444336,59.989071273976,1.007351261996257,0.0003276969335402,4179.990640108174,0.8331302598499528,0.95865664650792,37.922098133931144,311.07740400631184,44.90992518172101,318.2243310342587,75.3629183938581,348.7461535957473,83.92359923999243,356.7042662332094,0.7980880693960939,0.4690409232417931,0.1216507345089348,0.0932210108613556,0.273055446624306,58.32998340031449,108.59918872867594,103.29910076975315,886.7166666666667,0.19661816012412,25.418264999854816
1900-01-01 14:47:09,Thermosyphone,450.00395335114024,342.76047996978366,1.4656482600030438,9.51658393216646,1.0172962417495175,0.0582027518504116,0.0511086134807444,0.6046043631592461,0.992135582040748,59.98670573154297,1.007401612174771,0.0003248144244608,4180.00990813869,0.8413626491048509,0.957920384810928,37.9197370743056,311.0375769292522,44.99602107775914,318.05460568379374,76.11724499390941,349.0784044964772,83.72043569057742,356.85974026833105,0.7843518781589319,0.4674089533445112,0.1236902177601656,0.0950454348445555,0.2695664687965244,58.19520635021237,108.60066708404572,103.30061479331285,887.15,0.19488865467648,25.613153654531295
1900-01-01 14:48:04,Thermosyphone,449.9953636058671,342.76048001138776,1.4536312193079088,9.51005933641683,1.0077335231818425,0.0549752128703952,0.0530579831734665,0.5935876745529737,1.0004595516459978,60.02326861177457,1.010858625816318,0.0003294414721117,4180.007120677119,0.8479502648300052,0.9567893456649806,37.87925774310287,311.0141798491417,45.10027049120369,318.3453575739173,76.2982143083649,349.5842423713497,84.10145522826807,357.2227457664554,0.7962604981368647,0.4805142155701073,0.1267566955936719,0.095674570147652,0.2710812776278901,58.158037277053225,108.5947273427544,103.30089979494272,888.0666666666667,0.19766488326701998,25.810818537798315
1900-01-01 14:48:57,Thermosyphone,450.0021470093477,342.7604800402697,1.451383982012758,9.484805377914029,0.9997636891303034,0.0398054320787823,0.0512068028040082,0.6022700489048897,1.0028404995147555,59.98536371367272,1.0107414783286068,0.0003221208378648,4179.9964479477785,0.8580585124630068,0.9523597524845898,37.79556072153694,310.9602922752833,44.988498889556254,318.4300166882957,76.53863484265145,350.011960904052,83.92693694969248,356.964298996627,0.786181332626932,0.468118306643549,0.1262233243672664,0.0979666007730854,0.2716537803757147,57.899345027819784,108.59218765471007,103.30079722943032,888.95,0.19327250271888,26.004091040517196
1900-01-01 14:49:12,Thermosyphone,450.0116448390949,342.76048144259187,1.45742925216754,9.52177971758417,0.9971084591590844,0.035671453308924,0.0566919929824406,0.6097746224180701,0.9992591037918936,60.00379222884052,0.9969073572600916,0.0002612844555987,4180.002768849246,0.8609278757535139,0.9492414066839006,37.1828806808987,310.2316259032893,45.82684105105192,319.02205072136326,61.97500681348892,334.8920003723685,69.54979593658435,342.73966982690865,0.8100794317493363,0.4691798038174446,0.0864782434709955,0.0591397792768346,0.2386701274847041,55.510418900121714,108.4201584675052,103.29915861558842,889.2,0.15677067335922001,26.160861713876415
1900-01-01 14:50:57,Thermosyphone,450.0118498972417,342.760479938239,1.4713154097664098,9.501308306075924,1.0201783143475835,0.0379066639804569,0.0639080899908931,0.5942051483734032,1.021506143174341,59.99486586950317,0.9848354927950784,0.0003308663404809,4180.011417678905,0.8626725218861734,0.9593935784584336,37.84507806628532,310.98609873571456,45.3120458280759,318.42707159286624,76.83320712685452,350.2323619072375,84.0962216566183,357.46733445448274,0.7962105992730009,0.4809181321321988,0.1252234433283704,0.0958484963096477,0.2658114322739821,58.351022213105445,108.60228256801123,103.29890439022545,890.95,0.19851980428854002,26.359381518164955
1900-01-01 14:51:52,Thermosyphone,450.0003327384268,342.7604800251848,1.4519207280077062,9.499904200090674,0.9884841405086888,0.0514683566656364,0.0552422442515035,0.6011848255145368,1.02445028329282,60.01178976809936,1.0142981018404422,0.0003312098948076,4179.994868343665,0.8545732685123947,0.9605213658616628,37.86532761281711,311.04956646314395,45.17270451001291,318.388866659188,76.65801963333425,349.5333452076875,84.29820164559239,357.491603160756,0.8005503976906315,0.4825898789640622,0.1242271821566291,0.0957394085811932,0.2659540216703114,57.82956698821398,108.60198641504024,103.2981643669311,891.8666666666667,0.19872593688456,26.558107455049516
1900-01-01 14:52:40,Thermosyphone,449.97915117529374,342.760479978353,1.4617961045430097,9.500915149224284,1.0003127813098365,0.0423958271626431,0.0330972942966093,0.6087365381948842,0.9958095389708058,60.00031495961415,1.004366678211278,0.000320347809482,4180.014231434004,0.8466000978228836,0.9655782516937648,37.901571606507986,311.04518486585687,45.417949839707575,318.2728422553434,76.40410830152888,349.4149925752737,84.39446458171734,357.6145247902758,0.8069408893412039,0.4855738756627298,0.1225514635861674,0.095078060978561,0.2667037473169998,58.438961148980646,108.6017322952501,103.29973695680624,892.6666666666666,0.1922086856892,26.750316140738715
1900-01-01 14:53:39,Thermosyphone,450.0091488353398,342.76048001527306,1.4653458445172949,9.495985672990336,1.009081737259224,0.036427443540196,0.0509466231953623,0.6057613933682392,0.9867056650149288,59.99746155508875,1.0027381265755742,0.0003306045057947,4180.008307187379,0.8267694515398423,0.9433729300896104,37.96718090593155,311.1121491014344,45.545841429065874,318.4546215085639,76.27488518359962,349.5985724290812,83.9817353798134,357.24664609151966,0.7950183564641364,0.4657956979554444,0.1239200699993975,0.0940319522958183,0.2641661266589111,58.481379679742595,108.60240209136876,103.29919311165696,893.65,0.19836270347682,26.948678844215536
1900-01-01 14:54:36,Thermosyphone,449.9907852624445,342.76047997723674,1.468132439599542,9.491551250189042,0.9950007779481228,0.0353845670881821,0.0443784592584886,0.5745456395920684,0.9844084664184588,60.00150979977641,1.0137595324687745,0.0003324905299621,4179.9948081375815,0.8487233491682055,0.9432217018077478,37.97621168043118,311.1263973585173,45.30354213515758,318.59232781518233,75.85703945684389,349.03396840808847,84.90314455256335,357.74787671850095,0.780290734209271,0.4660414114770086,0.1206034465240386,0.0923956789255383,0.2640737956104018,58.55177094916359,108.60029425718056,103.2983241063387,894.6,0.19949431797726,27.148173162192794
1900-01-01 14:55:35,Thermosyphone,449.9979698083887,342.760479998291,1.4584749215647803,9.505132156282006,0.992642280857635,0.0406060969845873,0.0624354087095994,0.6123166870636221,0.9918129515253578,60.000159233090976,1.0152482368376452,0.0003290522654664,4179.986563630418,0.8435218260178144,0.9659705784011244,38.01593245544757,311.16906186209076,45.457751706084814,318.54476140330786,75.59379104557205,348.88309622732805,84.67792841742649,357.8460672766866,0.811235401936536,0.4873056653468862,0.120800682132056,0.0902658392142388,0.2637163400965414,58.394917934347575,108.59950222636505,103.29881861232268,895.5833333333334,0.19743135927983999,27.345604521472634
1900-01-01 14:56:21,Thermosyphone,449.9926225672697,342.76048001100565,1.4631217177214129,9.497597347647297,1.0106379974836714,0.0347548839662426,0.0440048885197907,0.6007977461531604,0.9959945792925796,60.00992925157736,0.998270616680042,0.0003319382405171,4180.009382732541,0.8337132787211512,0.95945820002601,38.05716655830408,311.162879217,45.488143668111626,318.60928601324866,74.98381947598264,348.60183877394763,84.72296935198091,357.4377424618135,0.795240768440699,0.4767576078094833,0.1179038536849568,0.0904655953206085,0.2610584528060725,58.40206585061435,108.5964435345863,103.30133500349646,896.35,0.19916294431026,27.544767465782893
1900-01-01 14:57:19,Thermosyphone,450.00236780599784,342.7604799814412,1.457461613413993,9.500595204846048,1.0014930505021973,0.0239238319284784,0.0499293121899969,0.5772314438923662,1.0012237995768214,60.02469813065335,0.9902724396126252,0.0003270534884603,4180.008295419135,0.8415755666152838,0.9496788873181822,38.08574303472907,311.24435192896334,45.63797360627931,318.63182870839523,74.84379792456589,348.0510015121315,84.67059913566922,358.00474822163454,0.813678361031167,0.4716870089267713,0.1152628771339439,0.0901137296993839,0.2610340913274503,58.11786665225827,108.5950940428009,103.29742996647131,897.3166666666667,0.19623209307618,27.740999558859073
1900-01-01 14:58:10,Thermosyphone,449.99257986743095,342.76048005833724,1.4602887461328382,9.489782360469547,0.9889879573622872,0.0353336438699812,0.036378670589575,0.5992157094296352,1.0109978006675284,59.99678483997714,0.993046877123286,0.0003228285628354,4179.985258096272,0.8508569345456232,0.958677695891431,38.13140061117132,311.24511115533744,45.693003862032235,318.68214940833286,74.35247594810068,347.626541068964,84.7824041324792,358.036241139248,0.7833452250748913,0.4887587343836465,0.115394695351423,0.0899810630706105,0.2635350394591463,58.370841451120675,108.59765962602124,103.30079795112157,898.1666666666666,0.19369713770124,27.934696696560312
1900-01-01 14:58:55,Thermosyphone,450.0107817598424,342.7604799980306,1.452076613883689,9.488645435500931,0.986926602154982,0.0368982684307342,0.0546017256665632,0.5998159781966503,0.9769377724932796,59.99312134537686,1.005132930757387,0.000336671786814,4179.998500724347,0.8538050794886717,0.960037741901378,38.154814556221815,311.2876602717763,45.53811348242746,318.6385245952945,74.46005387255936,347.67548157299655,84.96538164244234,358.0334517219374,0.8100943323214974,0.5021647095601265,0.1118787677726785,0.0886728123560482,0.2605584275922225,58.52483332089183,108.60254826936696,103.30213062740384,898.9166666666666,0.2020030720884,28.13669976864871
1900-01-01 15:00:53,Thermosyphone,450.02152932894666,342.76047996152215,1.4639618750208554,9.485708599999615,0.9858121254819316,0.0441892215981947,0.0571993662528568,0.5942110029110196,1.005593831800215,59.992736387288566,1.011110672487176,0.0003246176319152,4180.002069244747,0.8528610795552548,0.962101002408892,38.200029737042975,311.3472829426559,45.48968943013104,318.7692332383773,74.35929905140073,347.4582182552869,85.3121349723418,358.22498278854073,0.8168708378432382,0.4786078844755978,0.1141682959824918,0.0866436346385739,0.2577583250761646,58.736387026388726,108.58558449178742,103.30211137724406,900.8833333333333,0.19477057914912,28.331470347797833
1900-01-01 15:02:00,Thermosyphone,449.99993576412834,342.76048004496215,1.450989458869945,9.497520296452269,1.0023748905194425,0.0344664745031464,0.057039305259422,0.6089322827990575,1.0065049042492502,59.99487081219953,0.9847668627948188,0.0003315155557586,4179.99646104876,0.8338316630862921,0.9479540655639572,38.19376524641119,311.3843755981437,45.92639362427932,318.92890225110006,74.09957708196126,347.26420009143527,84.84061793374676,358.2065962365594,0.8111247030786561,0.5070663816242937,0.1151791481502196,0.0866299509984557,0.2593888666099964,58.64609100238883,108.5882276658865,103.30071268994776,902.0,0.19890933345516001,28.53037968125299
1900-01-01 15:02:40,Thermosyphone,450.00964229865485,342.7604799741703,1.450063776671688,9.496868698686686,0.9973224723037846,0.0191799474494012,0.0601321991703254,0.6267023941048057,0.9876074392948014,60.01352965405742,0.9830249753400429,0.0003297008740851,4179.991698656483,0.851880474451199,0.9652311536220528,38.17176731795347,311.3463067677515,46.05895104375318,319.01413062962285,74.58198616170117,347.73964904239836,84.90414199216022,358.40044853532044,0.7805637633788202,0.4738535741437352,0.113695924191722,0.0880221204779498,0.2588241087662006,58.87791776263275,108.57287233816598,103.30095326069878,902.6666666666666,0.19782052445106002,28.728200205704052
1900-01-01 15:03:38,Thermosyphone,449.9853193319823,342.76048002948744,1.462041165846585,9.49873854219008,0.9942263159085112,0.0594700919850732,0.0406832953988924,0.600721784674579,0.9929809016807586,59.99945503474981,1.0113609486234223,0.0003314903314245,4179.996922751333,0.8581343827286977,0.9693155278885128,38.19853633726201,311.34029347310167,45.97880112690412,318.99214280554366,74.72547400967348,347.4939831031765,84.74241567436832,357.9490362530108,0.7886166823590351,0.4910993192157395,0.1129851100321098,0.0861482618656936,0.2548418062465576,58.56351737234779,108.56777646557408,103.29802222591714,903.6333333333333,0.19889419885470003,28.92709440455875
1900-01-01 15:04:33,Thermosyphone,450.0048904642857,342.76048001200826,1.4586106385372497,9.498608392644725,0.9765126120603714,0.0398320168592872,0.0450345736412319,0.5867916030920972,1.0144724806195062,60.012573869226856,0.9962670228813052,0.0003312995031323,4180.000037696192,0.8311020280388891,0.95570055635184,38.21902090956296,311.3474997492158,46.03784790802765,319.43687287088386,74.61351995431427,347.508761926196,84.81401558833808,357.9908709244278,0.7901615281040317,0.487600618649134,0.1124845463939494,0.0872334896626763,0.2582876434282372,58.69043866546579,108.5504843240373,103.30000160575445,904.55,0.19877970187938,29.125874106438133
1900-01-01 15:05:24,Thermosyphone,449.9966575656057,342.760479970265,1.4408546748502469,9.496063477334882,0.9870693050485726,0.0289842279688393,0.0783990126072245,0.6242303106299556,1.0237670785863595,59.99692239080285,0.9890157284562446,0.0003320167126341,4179.989710123393,0.8472368166012405,0.9506772829718836,38.219529136069546,311.3475993081327,46.28327479908871,319.32444012187784,74.61197305049038,347.4893957812701,84.8633795930177,357.9745718282931,0.8041664910913084,0.4752998175918165,0.1119888434903394,0.0871762144372082,0.2569211083957854,58.85438637242167,108.55201610642013,103.29653629635816,905.4,0.19921002758046,29.325084134018592
1900-01-01 15:06:16,Thermosyphone,449.99730804154046,342.7604799565274,1.4289669886719836,9.50048258462155,0.9900513701366565,0.0319668917560464,0.0485800770230507,0.5978219856820655,0.9937821421464508,60.006194143003206,0.992142992466812,0.0003341326704874,4180.0122424511865,0.8341740701392097,0.951249872640458,38.220160693325575,311.321272753033,46.268888842906584,319.50480784202574,74.90547752655198,348.08452420203776,84.81932280339235,358.09443360572357,0.8033036862989683,0.4962805009512225,0.1133135250508565,0.0869685678033847,0.2533518035489329,58.69833221127439,108.5315749067228,103.29627561969237,906.2666666666667,0.20047960229244,29.52556373631103
1900-01-01 15:07:25,Thermosyphone,450.01961010526463,342.76047994383583,1.4648371326223448,9.50401670867127,0.9979846103100172,0.0462101397487161,0.0489827338249615,0.6265121023587642,1.0090719322860904,59.992121113516646,0.989141617050931,0.0003350137985416,4179.997344844703,0.8478341805770416,0.9614919886943134,38.201453005706995,311.37608571383,46.31677406901432,319.3081933017743,74.73334540889411,347.8430961861389,84.69251582312395,357.65466982110854,0.7905713868714005,0.4654440916361193,0.1146238733650582,0.086039820769889,0.2524662013616589,59.2834376348862,108.52602142052504,103.30051831207712,907.4166666666666,0.20100827912496,29.72657201543599
1900-01-01 15:08:16,Thermosyphone,450.00575176884195,342.76047998098085,1.4459293387271748,9.51290922608518,1.0018808672448607,0.0328206186252945,0.0464755511734903,0.5994814882152036,0.9822224594069572,60.00482745816508,1.0104450744442084,0.0003276160022008,4179.991590748398,0.8458762910040446,0.9580143010713,38.244065240080225,311.3691838142132,46.53915302676116,319.5963772055083,74.93115694051036,348.0370607917251,84.55973103599472,357.8444373199543,0.8044112107850417,0.469292642917597,0.1118146645193783,0.0869469427040799,0.2513546473081897,58.74413307167985,108.52256014311452,103.30162780855233,908.2666666666667,0.19656960132048001,29.92314161675647
1900-01-01 15:09:17,Thermosyphone,449.9954320652072,342.76048001860903,1.4686064584236926,9.505420642067584,1.011507729149262,0.0415992421407646,0.0451314875402316,0.6046892464585998,1.004919679761645,60.00680702721069,1.0109086370563989,0.0003305776267112,4179.997854669953,0.8617843828297198,0.9585059024359942,38.18206971658319,311.37138929322776,46.35944474464202,319.8901665361895,75.15185133283688,348.1591676594526,84.94538990620178,357.81290662821436,0.8030025318880093,0.4656385305359113,0.1119974375344322,0.0875336283349509,0.2505025853855336,58.917868517407314,108.51250786083888,103.29988683158663,909.2833333333333,0.19834657602672,30.12148819278319
1900-01-01 15:10:50,Thermosyphone,449.99836807847976,342.7604800490655,1.4671362969585335,9.50052262384119,1.006433971834112,0.0341900139516197,0.0679930850196766,0.6130939990818542,0.9964110708793252,60.001997368497406,1.009218243648217,0.0003335080333657,4180.010081684702,0.8568501016605158,0.9634556562490626,38.16518755402265,311.3830090026673,46.72416337787874,319.94229267311374,75.10442494465124,348.4367340601411,84.68617287994337,357.70051172102393,0.8146734029439033,0.4869677253637035,0.1154402569103522,0.0868833838718332,0.2500802824666412,59.46325800516455,108.48715626370874,103.29785682134568,910.8333333333334,0.20010482001942,30.32159301280261
1900-01-01 15:11:44,Thermosyphone,449.9936087034979,342.76048005810367,1.4820358141140386,9.49790503026657,1.000928110524508,0.0368042640804342,0.0475656242495189,0.6034216568615236,1.0034054089571451,59.9964750977168,0.9988945002475688,0.0003278026606759,4179.992677823464,0.8459971504486378,0.9669146633774292,38.21061659399532,311.3381556781809,46.9408938970716,319.9843232172181,75.2797157774063,348.2360754952969,85.1569455282878,358.2330022200671,0.807263083097505,0.4944180150423174,0.1124970535357024,0.0884500679216553,0.2466639821696794,59.397086741863895,108.4795598315981,103.29736046725682,911.7333333333333,0.19668159640553998,30.51827460920815
1900-01-01 15:12:35,Thermosyphone,449.995648118487,342.76048001588975,1.452645936212689,9.509379731114436,0.9967232959250022,0.0307421630282277,0.0635907130135975,0.6120694007305936,0.9975400873647248,59.98387363381444,0.9890971743954357,0.0003281205477169,4180.0007568666615,0.8619840697104884,0.960715991739612,38.2063541439477,311.35971960515985,46.75282976842382,320.17254628288873,75.38387205786944,348.36578361402724,85.17419307680584,357.9951282901577,0.8000764637913325,0.4936986069279774,0.1129373150298992,0.0859847959752401,0.2507998232819541,59.44323609565592,108.46976981230064,103.29998442060528,912.5833333333334,0.19687232863013998,30.715146937838288
1900-01-01 15:13:25,Thermosyphone,450.01045253411377,342.76048004396336,1.4439097619133807,9.493286218195845,1.0185795642897268,0.049663428443219,0.0466883922480793,0.5983306476590136,1.0040132655869922,60.01420535463777,1.0077485336730532,0.0003320544850821,4179.997960257853,0.8654325291962567,0.965821664630577,38.17600142449079,311.34122531231736,47.16537958552545,319.8919900405923,74.9576165239222,348.3788823963883,84.92936735837579,357.89687837874277,0.7649652925972199,0.4766856938429155,0.1144893018149553,0.0854341460494441,0.2451281408375601,59.711506158399345,108.46880006513769,103.29878275142632,913.4166666666666,0.19923269104926,30.91437962888755
1900-01-01 15:14:30,Thermosyphone,449.98481982657944,342.760479999949,1.4488651499070495,9.498302056913776,0.9755098484788576,0.0491656318857225,0.0315447073857251,0.5865052988217241,0.9975913404338008,59.97980920126603,0.98385044203702,0.0003265679315572,4179.981610127786,0.8429366539392932,0.9589486719505866,38.23721502980818,311.3696185351245,46.7304693833436,320.1433825415237,74.99968247292682,348.37237642681674,84.9554270106905,358.23230490937664,0.8065021439235712,0.4761018027733052,0.1107279578467665,0.0858320047691528,0.2472188558560497,59.76315397825461,108.4538568199982,103.30092279567177,914.5,0.19594075893432,31.11032038782187
1900-01-01 15:15:26,Thermosyphone,449.9870653379728,342.7604800056462,1.4646984659173428,9.51310334664822,0.9941441109511177,0.0412303263120642,0.047612388071612,0.5865034363755831,1.0031903248327283,59.99064827402374,1.000690698464486,0.0003275729942755,4179.994075220264,0.8493825004622175,0.9608076153200502,38.21081577923876,311.34078335997947,47.04879794474596,320.2746468929361,75.08358687573657,348.3080946149157,84.97651243037728,358.2223185572735,0.808234088594382,0.4881151968841736,0.1137024887211688,0.087245190227723,0.2456070101877298,59.934795894278544,108.44426804282898,103.30139456483025,915.4333333333333,0.19654379656530002,31.30686418438717
1900-01-01 15:16:26,Thermosyphone,450.0166359128765,342.7604800271843,1.4631296112800207,9.5031636260672,0.9949701527536507,0.0335282246061571,0.0584814081549142,0.5871863349938568,1.0156411828219605,60.002062941600165,1.0061466747266017,0.0003335263217944,4180.002506936205,0.84917915798847,0.9385093303832416,38.20777417935073,311.36270530698226,46.97384352477277,320.3179068204495,75.1461417289809,348.48928647447894,84.83334718608633,358.19377651906467,0.7980294286170581,0.4713575411888149,0.1127391771367195,0.0838855515298991,0.2407819601481153,59.831308275021954,108.43838029526292,103.29885429883252,916.4333333333333,0.20011579307664,31.50697997746381
1900-01-01 15:17:18,Thermosyphone,450.0030395294545,342.7604800187975,1.4571191594422943,9.482921532013656,0.9999999000514892,0.0412755221109491,0.0650068859989698,0.5850197721405771,1.0229177060733008,59.9991578994969,0.9893586080038568,0.0003289705641016,4180.011183109221,0.8505163669775364,0.9524720547436416,38.21503221779791,311.3720859713235,47.20975963188688,320.5586922301173,75.52924384343065,347.91404537505844,85.2147300912316,358.698299843194,0.804986641391099,0.4948419100088459,0.1130651882679832,0.0843099039496657,0.2426512031020024,59.92550266266661,108.4321916302372,103.29991336571648,917.3,0.19738233846096,31.704362315924772
1900-01-01 15:18:08,Thermosyphone,449.99460070585553,342.76048000614844,1.45841510861254,9.522964502488906,0.9986129570916102,0.0276135491331083,0.0561840071282665,0.6027204719563118,1.0017489774103308,59.992855795942056,1.004705907801482,0.0003282345657485,4179.994608731355,0.8441128158747179,0.9697886195057708,38.16866589525373,311.34799206109034,47.24172887123639,320.5100489659061,75.15186262824183,348.4859241540346,85.132868666983,358.50183383776545,0.8027615469792757,0.4808506340203442,0.1141630136998845,0.0860635281819529,0.2433054072450635,60.227827361583174,108.41960572161162,103.29965296363537,918.1333333333333,0.1969407394491,31.901303055373873
1900-01-01 15:19:11,Thermosyphone,450.0223309241145,342.76047998181105,1.4627892438025552,9.501360694060208,1.0009485061856638,0.0211422002513068,0.0436402499104453,0.5919684730863182,1.014349414905162,59.98881137716711,1.0132875818895672,0.0003265529064866,4179.998261546816,0.8459724715489,0.9544383534527698,38.165945538371865,311.381378890678,47.467868854898235,320.62726115735865,75.35413530926064,348.49487402847245,85.56353226610332,358.3465192387304,0.8057098299516218,0.4945369696706671,0.112460556847358,0.0851992693728917,0.2405825309845242,60.05861771485567,108.4073739241304,103.2958642454559,919.1833333333333,0.19593174389196,32.097234799265834
1900-01-01 15:20:57,Thermosyphone,450.0152522277418,342.7604800204775,1.458121985834984,9.492751183361246,0.9976197317435848,0.0540370360106282,0.0363243512774453,0.6226533348472313,0.9849795431262074,60.008616506513555,0.9933088075928568,0.0003329157256614,4179.978473450566,0.8594923302284467,0.9643009305566992,38.22349656406705,311.33882937761115,47.62033045238082,320.63530968037884,75.14357590730444,348.2389489074145,85.69057776863092,358.6802579379726,0.8042357221316695,0.4652093206729704,0.1129578385826445,0.0850753276585627,0.239036601776748,59.90076032944939,108.42036123275707,103.29985184761992,920.95,0.19974943539683998,32.29698423466267
1900-01-01 15:21:49,Thermosyphone,449.99015375811,342.7604800060577,1.446398828072696,9.499141195835552,1.0063203560629477,0.0437556820312028,0.0559182590566734,0.5932457353029963,0.9805827590621832,60.002785245191866,0.989332376006872,0.0003379269889357,4179.988224155647,0.8476765010270624,0.966661822636902,38.1928196054962,311.3223817841699,47.544275411997155,320.70871758364905,75.14898108690267,348.3430001554823,85.7539497731177,358.9817182080546,0.8071257996052741,0.4764951030061094,0.1146737714188677,0.0855569068907962,0.2395555333534447,60.6645861161901,108.4361733456866,103.29998419510954,921.8166666666667,0.20275619336142,32.49974042802409
1900-01-01 15:21:54,Thermosyphone,450.0037371324809,342.7604811284382,1.4709528405509888,9.501660780395396,0.981937810818758,0.047100607023729,0.0477377055865039,0.6032600566425455,0.985960358974642,59.994922530507296,1.004147006889922,0.0003047028086913,4179.9966997218835,0.857828539779536,0.95816507853481,37.5633050650432,310.6564023085385,47.945372407726424,320.8330467266896,66.21478527969062,339.4081732074701,74.87293048448639,347.8949381612178,0.804983783810893,0.4803377376052288,0.0966779332293555,0.0704567235391899,0.2128205575851001,57.78064678885555,108.46198110291638,103.29901334877536,921.9,0.18282168521478,32.68256211323887
1900-01-01 15:22:38,Thermosyphone,450.011155591605,342.760479990747,1.4594038405251353,9.4965130441143,0.9878665443056712,0.0382118857757372,0.0399119749954522,0.5932261012594165,0.9942890687134937,60.01721976623381,1.0064775736225835,0.0003447824283629,4179.99370943141,0.8560883646002581,0.958648222623138,38.22669651145146,311.34502857830597,47.79213078655725,320.7138975820257,75.13344400032653,348.1895529492932,85.58613751810628,358.56142855092384,0.7885222366518576,0.4633763784724041,0.1143282376231456,0.0868423832092734,0.2391801060100864,60.24055787419409,108.45397285230432,103.30181512171131,922.6333333333333,0.20686945701774,32.88943157025661
1900-01-01 15:23:41,Thermosyphone,449.98436714400447,342.76048001323176,1.462370395280242,9.498576324182505,0.9905158574179496,0.0436237013468634,0.0474419154507727,0.6026685005755807,1.0058137264011164,60.00419745778901,0.9950761548133998,0.000342313082034,4180.000962777888,0.8487622288910305,0.9583500563876453,38.20711074406787,311.36205370953127,47.5285647241481,320.90328777015577,75.15007815947087,348.26850445992756,85.6664964805247,359.2051848780475,0.8045167555366196,0.4791497150123472,0.1145612853738673,0.0883553257510934,0.2386731355662032,60.17563170317259,108.47218507162152,103.30019666695206,923.6833333333333,0.2053878492204,33.09481941947701
1900-01-01 15:24:37,Thermosyphone,449.984947231914,342.7604799939963,1.4539913788317826,9.500043503571176,1.00417822941904,0.0487761820621408,0.0609736141064964,0.6259527495487982,1.0022061764830608,60.004574771670974,0.9987521194645318,0.0003524396747984,4179.9909451639,0.8482239580954011,0.953514968019661,38.17210671395489,311.35356062807574,47.65258884083506,320.89211091349586,75.01557104147483,348.2988263277618,85.98193187666489,358.9647798895421,0.7964330346206955,0.476319831892663,0.118027506271501,0.0890681991271166,0.2364685779639066,60.69146992291264,108.49196192981636,103.29934452603466,924.6166666666667,0.21146380487904,33.30628322435605
1900-01-01 15:25:28,Thermosyphone,449.9988443524335,342.7604799834795,1.4588445256153773,9.49599136010179,0.9940723008950936,0.0471418533566216,0.0432075604133336,0.6138942922539752,0.9876295992365018,60.00463761083398,1.0039562936383224,0.0003585695073599,4180.0029557876405,0.8590435846802186,0.9574248337718118,38.19180641645835,311.34247437344555,48.01474742167958,320.8100201381475,75.21857873000305,348.04609553760764,85.88010187711556,359.1342650253441,0.7877750213559787,0.4711635478358704,0.1200459700649834,0.0914979490228682,0.2352391599442896,60.86109866281085,108.5080913718755,103.30052856475932,925.4666666666667,0.21514170441594,33.52142492877199
1900-01-01 15:26:29,Thermosyphone,449.9926036123017,342.76048005429396,1.4488801815550911,9.499040439360291,0.9961311658602638,0.0632549951785736,0.0503183710749503,0.6086856876101434,1.0117429451252535,59.99574787280262,1.0089986308478984,0.0003606756275052,4179.9827356875585,0.8463009635502653,0.9605043686356548,38.151144984166706,311.3231484578545,47.836388816552194,321.04558163169884,75.11600363179639,348.15557751020305,85.72503531783101,359.10159498308997,0.7863504825221136,0.4870814212099575,0.1181893419784665,0.0920727171922204,0.2338885255046206,60.87928190459757,108.5257029811887,103.2991435159752,926.4833333333333,0.21640537650312,33.73783030527511
1900-01-01 15:27:10,Thermosyphone,450.00573485159526,342.760479960684,1.453751676803693,9.50427422102788,0.9911210104647872,0.030857442791446,0.0449014867501557,0.586425823033148,0.99277168477112,59.99983192619544,0.984416700401864,0.0003663892272811,4180.000754380466,0.8518589316992453,0.9599287791543154,38.14872177915076,311.3296575599898,47.94513479859663,321.0395414202643,74.79003775293546,348.398069867182,86.13567756997863,358.80777722949455,0.7984535893218485,0.4853608174899191,0.1233549164342102,0.0899624603147119,0.2355968756288908,60.56237000098228,108.5460409108414,103.29958555241949,927.1666666666666,0.21983353636866,33.95766384164377
1900-01-01 15:28:20,Thermosyphone,450.0194821728121,342.76047999094243,1.4470171030281398,9.5255302300394,1.0042653686051812,0.029237520858304,0.0612205304086564,0.5979596492503199,0.9966588068495632,60.01055722486581,0.982756904876516,0.0003743133731985,4180.001797478813,0.8535216689970295,0.9619071459408391,38.163672564045235,311.3325819115731,48.016476862523334,321.18271897863514,74.94320111293183,347.82442985672577,85.92368612251148,358.9763030065391,0.7922942687340363,0.4847874257737068,0.1228697772451198,0.0914178839315204,0.2334934542327511,60.7990968018842,108.56432679115382,103.2997597035711,928.3333333333334,0.22458802391910002,34.18225186556287
1900-01-01 15:29:05,Thermosyphone,449.98817017004114,342.7604800615289,1.457638819786009,9.49128937661569,0.9815180654302744,0.0222682570740833,0.0437222077622627,0.6103150945355157,0.9942572966512078,59.99734784260003,0.9898421889642725,0.0003808587719871,4180.022413175787,0.8226350825745808,0.9562804796571964,38.21065124224803,311.36101755740566,47.97608013304339,321.130431439286,75.04037516778827,348.33286119494795,85.7090748366372,359.0584566348944,0.8045656428446067,0.4697266716042961,0.1229643381441854,0.0950332899721517,0.233344333261764,60.644111950596674,108.58356477648432,103.29811404739227,929.0833333333334,0.22851526319225998,34.410767128755126
1900-01-01 15:30:55,Thermosyphone,450.00450442244727,342.76048003914923,1.462734028529377,9.501360651648849,0.9980407716542689,0.0374898045734241,0.0622346860780027,0.6123642550291014,1.0053799548516738,60.000352284897275,0.991407343002969,0.0003750853827312,4179.995448539242,0.8577560402882367,0.9615994299057188,38.22787883044728,311.3457481084487,47.98233310802666,321.2421208229862,75.18618808390275,348.2369948673616,86.18603024422019,359.3053363009202,0.7949403800397785,0.4863850956953988,0.1245921278211504,0.0952377163200501,0.2312489321147253,60.511152914260634,108.6056567558788,103.2996473005482,930.9166666666666,0.22505122963872,34.63581835839385
1900-01-01 15:31:54,Thermosyphone,450.00587474599007,342.76047999919194,1.4517406198288807,9.502016405193222,0.9946631638241334,0.0316228425241295,0.0448899354858062,0.5832592864234645,0.9899057575945366,59.99857012519347,1.0055517032974712,0.0003726375243874,4180.004780133498,0.8632638084014405,0.9688073525562628,38.22964916372341,311.3228019304267,48.132103593790994,321.2304090974448,75.42141598267943,348.709466921356,85.93320352208761,359.3470481257582,0.7866004043884174,0.4612129551743004,0.1244655313830195,0.0965441917230634,0.229557893897153,60.98932086393833,108.60241434123468,103.2988438273512,931.9,0.22358251463243997,34.85940087302629
1900-01-01 15:32:51,Thermosyphone,449.9890606481954,342.76047998301334,1.4607893293330414,9.496963635912916,0.9974756324581536,0.0480911993654345,0.0614974656499217,0.5819281534038833,1.0002813029546198,60.012628722713515,1.015788115317758,0.0003708362774238,4179.992309150061,0.8508383571539638,0.9558121875806892,38.21573832208312,311.3609133084128,48.381736078690665,321.44023071128186,75.30618631021395,348.64392759732783,86.38831134484496,359.50206278785197,0.8010614856164106,0.4723488962562952,0.1251259248495597,0.0954889517563909,0.231265099556138,60.66091618837141,108.60120326409589,103.30055012868957,932.85,0.22250176645428,35.08190263948057
1900-01-01 15:33:36,Thermosyphone,449.9988102469636,342.7604800208856,1.4485083347887011,9.513899869745812,0.9825381996785268,0.0465878497327435,0.0569262279067374,0.6138328797432564,0.9796002522706788,59.98938224913316,1.01079493102852,0.0003771626718326,4179.999708485319,0.8607479664562878,0.949324245819799,38.17719772317866,311.3277164066025,48.38597756202738,321.4533786886189,75.49104562263264,348.612597448401,86.44603839532323,359.38357678259973,0.8055053558069522,0.4884626512408738,0.12763020370178,0.0960457667361141,0.2280113261974412,60.89258847393706,108.5948404901566,103.3004224934435,933.6,0.22629760309955999,35.30820024258013
1900-01-01 15:34:38,Thermosyphone,449.9934344306184,342.76048004540274,1.4646788995263968,9.519641950565235,0.9887899431882016,0.0407618380474175,0.0433730771303472,0.5958525889395683,1.0076898958244382,60.011539259846785,0.9997417169248168,0.0003787790065383,4179.989134532593,0.8495044904057306,0.9627497895973268,38.21374193239551,311.37109164203207,48.398229340441304,321.53435363287787,75.85173285326063,348.8220280317508,86.10443809780959,359.86175194640157,0.7931638896418308,0.4881073970836176,0.1264971443698251,0.0959267603705367,0.2306462750381368,60.543212055411814,108.59881805754424,103.29899592444572,934.6333333333333,0.22726740392298,35.53546764650311
1900-01-01 15:35:25,Thermosyphone,449.9968538742234,342.7604800301405,1.4606448757278678,9.495279915909393,1.015060656053412,0.0484219510039403,0.041175864889936,0.5962509580236467,0.99321646403721,60.00213517525541,0.9961476728891764,0.0003827112917925,4179.994698618374,0.850119648082178,0.9540051157236707,38.186699370200735,311.3690865627976,48.35971951278717,321.71377339468364,75.9115042241692,349.1435121452403,86.30988848362318,359.8543554528278,0.7989162508269863,0.4809064870625392,0.1276807826261766,0.0948415965314531,0.2292244254012387,61.04222388751681,108.5975779555168,103.29918146319066,935.4166666666666,0.2296267750755,35.76509442157861
1900-01-01 15:36:35,Thermosyphone,449.9979768754162,342.7604799976025,1.440027886124715,9.497681826557216,1.0052200591844602,0.0345403273691055,0.0514509451408285,0.6032315689052594,0.9963019050207632,60.01003181473195,0.9980847692851444,0.0003796905649895,4179.999888722571,0.8320006684900192,0.96577852749418,38.216798884569485,311.3675045889786,48.66109347367339,321.7489870652934,76.01011848141144,349.52845537549933,86.34376497022814,359.80604387969527,0.8048987312366708,0.4884156365655155,0.1259297838459531,0.098343915134156,0.2283593951770441,60.883057259340305,108.606722597574,103.30022890354448,936.5833333333334,0.2278143389937,35.99290876057231
1900-01-01 15:37:29,Thermosyphone,450.0021637586917,342.76047993440045,1.4560850881795244,9.49546992524579,0.9862587513730738,0.030111367855771,0.0528058275163894,0.5925097527420301,1.010013863202019,59.98315938192821,0.9975308699702484,0.0003817110985891,4180.004064782256,0.8443813883783698,0.9627139534554888,38.177383846429095,311.334151297193,48.51560770390448,321.98485585318144,75.99543859431607,349.0458683555453,86.55626523471345,360.00827024325537,0.8175805276885416,0.4710611324091331,0.1304516488925616,0.0965849635847029,0.2272964789960328,61.113275423792054,108.59717722808443,103.2990490701401,937.4833333333333,0.22902665915346002,36.221935419725774
1900-01-01 15:38:00,Thermosyphone,450.00037703014925,342.7604800134124,1.4543252792172034,9.487611154491,1.0045392625851564,0.0481013720789028,0.0516849098312441,0.5937631434862523,1.003396109390455,59.990599629214415,1.0027547823110052,0.0003813733281161,4180.010608826526,0.8685854989935097,0.978455297843542,38.2193382679525,311.3380248716243,48.832684674353054,321.73961683831925,76.2079319144998,349.33826228065067,86.5807861966296,359.9150808126955,0.7956875950669269,0.5001196970237947,0.1283460189702363,0.0987438789509327,0.2250420183229883,60.773937203169105,108.60041921620228,103.30296815940818,938.0,0.22882399686966,36.45075941659543
1900-01-01 15:39:04,Thermosyphone,450.0009048801041,342.7604800180215,1.464303398518149,9.50753713362506,0.983082863203952,0.0326891905680737,0.044692197817939,0.630396313945065,0.9920244364732967,60.001382404194985,1.0269098132226242,0.000381843224192,4180.013457604191,0.8585172694558483,0.944167129043731,38.18986970332564,311.344431312163,48.616273316694674,321.73404492421,76.52315735150091,349.82897406468663,86.54122955388554,359.86509723831614,0.8145692003886339,0.4905262245888339,0.1271863833319572,0.0971086334282204,0.2244111841752326,60.62292986761927,108.598008419384,103.29922888757572,939.0666666666667,0.2291059345152,36.679865351110635
1900-01-01 15:40:40,Thermosyphone,449.99204662932544,342.760480004134,1.4605882490142794,9.48699421560893,1.0053947334467164,0.0380211072703888,0.0486860357024669,0.5940709422953762,0.978286328351102,60.00863941235543,1.0046631513512647,0.0003799074729069,4179.994716661328,0.8364633062327924,0.9640523830061124,38.11711020426978,311.29026761922427,49.042314944694155,322.05487856218707,76.39465839473685,349.6402308693775,86.96028021254507,359.73431207588663,0.8018749512843224,0.4654462954477629,0.1288527939768007,0.0994956294306175,0.2206962560660615,60.859083367315286,108.58939826580344,103.30878154786524,940.6666666666666,0.22794448374414,36.907809834854774
1900-01-01 15:41:41,Thermosyphone,450.0034191848039,342.76048002078295,1.4614260265500418,9.503480125112976,0.99728667012612,0.0305354696391892,0.0503423810669617,0.6052454405364904,0.99153789898106,59.99789613349411,1.000118607724278,0.0003882317012729,4180.011282120012,0.8635292086403316,0.967034629044173,38.04112266065001,311.21836239751184,49.20565092203552,322.06138327597904,76.54665294681153,349.708160684526,87.10263826516639,360.36349295048547,0.7980186524963437,0.4784298426438301,0.1332384104120185,0.0966229932954626,0.2195053486212127,61.13567358907401,108.57974769870566,103.31794771402276,941.6833333333333,0.23293902076373998,37.14074885561851
1900-01-01 15:42:42,Thermosyphone,449.97717676389755,342.7604800028077,1.458641889018283,9.511849047475046,1.0017272675967308,0.0515632252607519,0.0664190150518214,0.6052522962682354,1.0046181292768528,59.99670191353411,1.0062252432426766,0.0003787984443815,4179.976521188898,0.8487356752534377,0.971392691322285,38.001177514468594,311.12576810721015,48.99829639341189,322.20985127283325,76.5485808187595,349.507062552887,86.91562060569227,360.2353065316507,0.8021583121461717,0.4857725224128135,0.1281422935436444,0.0950574045609616,0.2208889040746281,61.35071121305131,108.56729580178832,103.3260880376489,942.7,0.2272790666289,37.368027922247414
1900-01-01 15:43:34,Thermosyphone,450.01646396202074,342.7604800361477,1.4530349274103498,9.50778156122124,0.9929511957263482,0.0396624080611359,0.031606175061057,0.5902059570802768,0.9904597499295508,59.98831453958892,1.005560498259071,0.0003763852280937,4180.010073009615,0.8555635578359485,0.9623771741886004,37.93465100769191,311.0647753166204,49.071200384700376,322.25392478149564,76.68533639872892,349.50739097588,87.3664813610119,360.31294650116473,0.8061870480935136,0.4811778233805744,0.1280978165022595,0.0983290504559,0.2202436177094879,61.27597160369949,108.56167663046809,103.3352500093526,943.5666666666667,0.22583113685622,37.593859059103636
1900-01-01 15:44:33,Thermosyphone,449.99497965342863,342.76047999798266,1.4576938472346772,9.494678494137146,1.0098448020074735,0.0460017143863289,0.0294573605395574,0.5908609547250074,0.9962721717834204,59.99017888847391,0.9926932420079876,0.0003823422819941,4180.0048637022355,0.8338546629276468,0.946997657708994,37.84185226486386,310.97950467700616,49.31382098369306,322.2917220894417,76.59666030547307,349.5933778917764,87.24828097409574,360.5596912502464,0.8038221430660099,0.468887764738269,0.1303374546268005,0.0965649450394459,0.2208014782723353,61.3549625711948,108.5528654494714,103.34665921846008,944.55,0.22940536919645999,37.8232644283001
1900-01-01 15:45:22,Thermosyphone,449.9962163297559,342.7604799602147,1.4408914163097153,9.521965883291,0.998334387027174,0.0358866781778341,0.0687526283969258,0.5825754076495274,1.0121954454379165,60.00245865926971,0.9986085277450562,0.0003791529476116,4179.997005188903,0.8648893968258049,0.9701352183886474,37.760707802886095,310.89581044599714,49.284562713273075,322.31353694165716,76.471861890317,349.708268245424,87.26073622157885,360.43132865194224,0.7963651745548924,0.4696063235453139,0.1308641619563922,0.0943998205690787,0.2206736053258089,61.45492862170733,108.54479241762228,103.35431750990806,945.3666666666667,0.22749176856696,38.05075619686706
1900-01-01 15:46:22,Thermosyphone,450.0004279991446,342.76048002274126,1.4617667585049878,9.49591254543737,0.9901146395928836,0.0431312213618427,0.0557119355963474,0.6078418657536857,0.9944721753348532,60.02475606746017,0.9826894355286804,0.0003866988081782,4179.991904305762,0.8489334931309525,0.9774995417077716,37.73155891531474,310.8759943540104,49.43861259397068,322.54295204158484,76.3927011996418,349.57629000010104,87.48604370886308,360.76096852049955,0.8072031958069761,0.488462169483102,0.13063186877261,0.0977002800574212,0.2190204175657201,60.98259311322315,108.5400783332808,103.36333180063596,946.3666666666667,0.23201928490692,38.28277548177398
1900-01-01 15:47:13,Thermosyphone,450.0016769091308,342.76047995780675,1.4540833224543013,9.485521489508436,0.9767783174855944,0.032925922304247,0.0645761979401387,0.6011839782747845,1.0077364175291468,59.998809173661066,1.0039832938204545,0.0003731091231015,4179.992699734015,0.8412192275374275,0.9462629805739312,37.62059115660619,310.77692818003294,49.44969181099387,322.5518116031829,76.76287331138974,349.8051620147972,87.64927534672101,360.64269075226457,0.8054180671330736,0.4841773712564392,0.1274738056134457,0.095520853079365,0.2201499572683926,61.18570014278807,108.5257386086,103.374136979293,947.2166666666667,0.2238654738609,38.50664095563488
1900-01-01 15:48:14,Thermosyphone,450.0097595000579,342.7604800196627,1.4527383216686758,9.48220545070362,1.0205340703114965,0.0480986366180236,0.0411399221867413,0.6012099859331832,0.9936615883539172,59.998957712499426,1.0058979609326149,0.0003774200594352,4180.018905857282,0.8466356676648715,0.9554669702483516,37.57118562681957,310.66927955121474,49.48741884000496,322.8701958584819,76.67930729019623,349.8511554036957,87.59435864161235,360.6790936659024,0.7977644863165738,0.5027654061182287,0.1298732408467219,0.0965309959387964,0.2189678070658834,61.673842316031035,108.5169664883131,103.38179539949448,948.2333333333333,0.22645203566112,38.733092991296
1900-01-01 15:49:05,Thermosyphone,450.0044916258746,342.76047996852026,1.4433028204189648,9.49262330383224,1.0039005168640422,0.0290047733787738,0.0577077646701221,0.5885348205854949,0.9978455275418784,59.98617826950525,1.0061297038464936,0.000374429874607,4179.979900642559,0.8506277877828714,0.963244413364603,37.4894853852309,310.62667411219724,49.585801753819936,322.7080706591386,76.71643082222549,350.0641769886373,87.76110227056849,360.7716528248451,0.8130859219064365,0.4896723103408201,0.1293612406833986,0.0953256780508819,0.2180601366206161,61.867648541020344,108.50734402615758,103.3918421697335,949.0833333333334,0.22465792476420002,38.9577509160602
1900-01-01 15:50:46,Thermosyphone,449.990743286973,342.7604800320119,1.4629509789370692,9.496514936100944,0.9891650243754392,0.0325809563263884,0.0704762237959978,0.6006216127959808,1.008678348621683,60.00583757204994,1.0027225595676337,0.0003816258977914,4179.996745310417,0.8613091547876319,0.9609068413872044,37.39311723750076,310.5621828816085,49.66866287763362,322.86937492203646,76.55772007275179,349.5515288733122,87.54378276258373,360.82613358391006,0.7899684592486169,0.4742229408811197,0.1282935470940382,0.0959053341145879,0.2170335348731087,61.421176885641195,108.50698035429406,103.39984168334496,950.7666666666667,0.22897553867484,39.18672645473504
1900-01-01 15:51:45,Thermosyphone,449.9990432701805,342.76048000876335,1.4598846795774167,9.494508536799051,1.0153735609473529,0.0244236584964221,0.0547794461110315,0.6076979778498108,0.9995056374390116,59.99051572937924,1.0008068206048788,0.0003833782525373,4180.000793639471,0.8447801337824757,0.939586304138904,37.4066133369848,310.50603479834894,49.87408342799221,322.80464978521223,76.89506510890266,350.0171554956869,87.98579812892322,361.1038024234013,0.8195194729028322,0.477364151468136,0.1276339225329736,0.0947191777172119,0.2143363858674971,61.692855529561875,108.49944068189151,103.39627916725068,951.75,0.23002695152238,39.41675340625742
1900-01-01 15:52:37,Thermosyphone,450.0127646149421,342.76048002805027,1.47970298931594,9.483304201815413,0.9801420649109972,0.0507994959115562,0.0394876217033359,0.6088050065787326,0.993536738938364,60.01181745764078,0.9968313563979188,0.0003794735406168,4180.0150069139345,0.8575935072450649,0.953555260840245,37.33939662677746,310.58580381009256,49.805838958689336,322.99974779015463,76.54641013203788,349.8305208706422,87.88790714268946,361.0597835227287,0.7747855280472148,0.4873207271634616,0.1280158606159477,0.0941335434554872,0.2169151853555387,61.69357696516473,108.49837396900188,103.39857398493317,952.6166666666667,0.22768412437007998,39.6444375306275
1900-01-01 15:53:47,Thermosyphone,450.021122660092,342.7604799656674,1.4459800625271826,9.497272651458443,1.0077826780412793,0.0405455676764389,0.048313167510187,0.6078886841783981,1.0020759034147348,59.99724305181719,0.9981748156401108,0.0003786747947231,4180.009962511486,0.8498084915795174,0.9596971667001936,37.3998172857514,310.57094843607445,49.84286000202809,323.26743672547497,76.55341453652926,349.60097476279014,88.12542882272294,361.296021405703,0.7957048141396394,0.5128877130482808,0.1280220871247983,0.0958664394846797,0.2154602168103043,61.84698751509608,108.49660330176594,103.40021733830504,953.7833333333333,0.22720487683386,39.87164240746136
1900-01-01 15:54:29,Thermosyphone,450.005498907264,342.7604807652089,1.4523387186159322,9.496762500703824,1.00325904690688,0.0471716038182065,0.0622377854224744,0.5858170944946168,0.9869826457231688,60.000039846305235,0.9942567092604748,0.0003466617251829,4179.99512663728,0.8550824846049169,0.9537205782039088,37.9878922561233,311.04509184403264,50.036635800410224,323.5000048045901,70.8246987989485,343.56017857023556,80.24844609073374,353.515223772377,0.8002461249159715,0.4798992153504797,0.1089983347581914,0.0800321604757069,0.1860606613469239,60.891275429955904,108.50203117296026,103.29771460390928,954.4833333333333,0.20799703510974002,40.0796394425711
1900-01-01 15:54:35,Thermosyphone,449.9868197198052,342.7604799247281,1.4685566791857048,9.506348967546463,1.004500300783106,0.0372300378943181,0.0581702775695152,0.5861253228657745,0.9941086225938812,59.994221195678314,1.011799778556604,0.000379013290883,4179.9939057281235,0.8583656401615725,0.9695723884920088,37.397085312631965,310.55905731436667,49.81327352415685,323.0466922990427,76.54279971956787,349.8034380106812,88.26676191680554,361.1393894932183,0.8069567156934215,0.4882612352647973,0.1260483582654561,0.0964817916108041,0.2134494970563691,61.61857343230723,108.49654457508515,103.40063489286862,954.5833333333334,0.22740797452980002,40.3070474171009
1900-01-01 15:55:26,Thermosyphone,450.0012661722872,342.7604799235843,1.4472573434171134,9.485237864876508,1.0080049454987177,0.033641615729863,0.0443795053987698,0.6005534842652118,1.0119693943061516,60.00872503639955,1.008978090994899,0.0003772237992373,4179.996662902347,0.8503347084504593,0.9500189654998352,37.3980429498248,310.55141198848946,50.12065302469226,322.9632177932506,76.64531543669916,349.8639597886793,88.49705017232512,361.4387839406445,0.7946999304890401,0.4727166404568397,0.1277863841946494,0.0945820345675613,0.2118464145415027,61.892624626541526,108.50561015433324,103.40084861624332,955.4333333333333,0.22633427954237997,40.533381696643275
1900-01-01 15:56:17,Thermosyphone,449.9854159841675,342.7604800208811,1.4585640637987354,9.510135273533203,1.0129235239593473,0.0328895201564705,0.0502098323926619,0.5911961744525918,0.982537265667632,59.99728731966539,1.008192220687923,0.0003804126773926,4179.999922562342,0.8348101377606899,0.9614401841811084,37.40013872277648,310.55012582991435,50.06186118008102,323.2230272209541,76.79364080299804,349.915254071937,87.87678998768692,361.42502174581824,0.7968245515878214,0.4811699917797574,0.1275858453691845,0.0945419660220238,0.215796617921431,61.8798033305112,108.50252371473256,103.39853962302584,956.2833333333333,0.22824760643556002,40.761629303078834
1900-01-01 15:57:20,Thermosyphone,449.98638503846183,342.76048002865815,1.4456333541987445,9.48704458155257,1.0058639386753223,0.0473580903558361,0.0669473787402396,0.5966389359360098,0.9948856948811712,59.99934151111293,0.9874382228524244,0.0003770243954713,4180.001235268121,0.8374777025918635,0.9380346834310304,37.36760157902658,310.55147999906154,50.0415384477628,323.4461129469447,76.83696024176048,349.9594940957593,88.2248155824742,361.4334678901989,0.7875770796388329,0.483433597236746,0.1274574678795191,0.0936481612102773,0.2100515309870679,61.644407539122355,108.49920721750335,103.39972046356608,957.3333333333334,0.22621463728278002,40.987843940361614
1900-01-01 15:58:23,Thermosyphone,449.98585439853014,342.76047994879457,1.4595581045185422,9.49523922370953,1.0278943263921363,0.0276703318247139,0.0653409577819097,0.5907391491446095,0.9998134472263684,59.997296800118335,0.990421024241786,0.0003849032242994,4180.005612533449,0.8404810976860589,0.9727835639819608,37.38157730353696,310.5802748595895,50.27614025933047,323.3125540557598,76.71134965503202,349.707024681356,87.98879939826497,361.7110056734281,0.7940486911427338,0.4723142652708282,0.1242770638338087,0.0935796240465585,0.2082678500769916,61.80804789346428,108.50071427413197,103.3983310536677,958.3833333333333,0.23094193457964,41.218785874941254
1900-01-01 15:59:09,Thermosyphone,450.00642984455817,342.7604800289824,1.4537786870232527,9.49247694510093,0.9931567045045392,0.0587748970791284,0.0554455473560647,0.6024340579292945,1.0037921165706924,60.01832482158192,1.0144406057834392,0.0003739257141424,4180.002494299987,0.8680582862724735,0.9578716801762576,37.39825303500273,310.53351979523734,50.38573801535104,323.4346796549998,76.92121141195504,349.6727142778822,88.29603177969778,361.5366867389215,0.7962384737262467,0.4768116519831584,0.1261205784488419,0.0927525359035827,0.2112526721033558,61.794720117817434,108.50450342350614,103.39735634028622,959.15,0.22435542848544,41.44314130342669
1900-01-01 16:00:50,Thermosyphone,450.01396755857047,342.7604799296948,1.4772043489607352,9.494029021564712,0.9970150804149804,0.0398318414501197,0.0607261285279389,0.598493098648197,1.0065311841671547,60.00962108137917,1.0156096802635388,0.0003841289757861,4179.993903648883,0.837748610814147,0.9530518730490756,37.42915426105606,310.5730878899337,50.54566348867078,323.37444494234666,76.64471714996508,350.03805315471857,88.33227660329815,361.5295929432179,0.8063981447316461,0.4948631577181743,0.1282122644159528,0.0928587312779826,0.2068154414580369,62.19048794481532,108.49622960090734,103.39932874446116,960.8333333333334,0.23047738547166,41.67361868889835
1900-01-01 16:01:44,Thermosyphone,450.01112204708545,342.76047998342915,1.4543849420668271,9.509635509693611,1.0043254555948316,0.0372698553360848,0.0526920475689114,0.6154013150784383,1.0082345143690776,59.998505116566065,1.0047813730070936,0.0003871459425648,4180.013463895794,0.8465328320091758,0.9662213156387276,37.518711960143904,310.604138825962,50.507507602399286,323.8414444688484,77.12036937691497,350.10070608359325,88.47071074739816,361.53564115317346,0.7825659705838371,0.4710677587279375,0.1291317573060794,0.0939233051154155,0.2089180108241515,62.30221574020964,108.49942204952696,103.3993649446688,961.7333333333333,0.23228756553888,41.905906254437234
1900-01-01 16:02:30,Thermosyphone,450.00404966570335,342.76047999934076,1.458807579529643,9.495914593561238,1.006615795581577,0.031382413154031,0.0646678738437673,0.6080659803980546,1.0096618403377704,59.99770244306912,0.977403877957646,0.0003859529643618,4179.982445240877,0.8503511673059737,0.9638753087554116,37.55391826570888,310.64340334014884,50.505752147799555,323.5229650519266,77.32743778726748,350.1184166899032,88.63498229955978,361.4734990672748,0.7968816374006249,0.4773389480822297,0.1259603178385266,0.0944510288547189,0.2087471114760875,62.40073930076625,108.5042732079858,103.40036557732066,962.5,0.23157177861708,42.137478033054315
1900-01-01 16:03:34,Thermosyphone,449.991388488502,342.76047997908137,1.4747351490358769,9.502048764502154,0.9996286970459968,0.05620451114932,0.0558750237238403,0.604648648045523,0.988546450988908,60.00966972332379,0.9883552474209024,0.0003927414000469,4179.987355245128,0.8661296451228184,0.9654817293811788,37.53767154286473,310.6729349977055,50.56109706862395,323.7964443521994,76.58512855512065,350.20502804846546,88.57417913444426,361.5308087235917,0.8037138632063479,0.4900465726598193,0.1308394157251571,0.0962520393826949,0.2072389111497494,62.354853317317186,108.49987773588548,103.39710128612371,963.5666666666667,0.23564484002814,42.37312287308245
1900-01-01 16:04:34,Thermosyphone,449.9875167989892,342.7604800056418,1.4562500313721494,9.496551185352269,0.9820269361384734,0.0446141051701537,0.0524101662777436,0.6012630312488553,1.002710265082967,59.99144698129708,1.0118240945402082,0.0003964729719778,4180.008311944702,0.8410305516923094,0.9529405780441272,37.58809516864231,310.7380899117237,50.67254418349433,323.96926350567304,76.6976416920924,350.13149458990864,88.14694725612715,361.86807400042807,0.8029332385036331,0.4955288128250603,0.1331420038991645,0.0961897499481444,0.207044470384035,62.777149431370574,108.49713608933052,103.39981659931556,964.5666666666667,0.23788378318668,42.61100665626913
1900-01-01 16:05:24,Thermosyphone,449.9887987461078,342.7604800660611,1.4634971137590096,9.496151289990198,0.9865950823041768,0.0387447761200296,0.0566290148240204,0.6177795920768696,1.0207198882593949,60.00200782398544,1.0163357579245682,0.0004004926560796,4180.00936057207,0.8522416169062493,0.9549407161632394,37.65168057646981,310.76334935111413,50.65159170044018,323.7732331352342,77.1767676541618,350.30780455497364,88.544393637245,361.5810930069157,0.7860089709218407,0.4924639766037154,0.1330683663515916,0.0979991207487996,0.2056278231658027,62.44886612943589,108.50236100239438,103.39896400907858,965.4,0.24029559364776001,42.85130224991689
1900-01-01 16:06:25,Thermosyphone,450.0018696276815,342.76048001387153,1.466080807269049,9.508077067564448,1.0027517779076311,0.0310676157797566,0.0476136414761969,0.613517212249345,1.0022273766886125,60.01771862209074,0.9859266461787204,0.0004084482413945,4179.989985433002,0.8358470956740582,0.9508982551285416,37.63233021395043,310.84022461505845,50.668700719884654,323.98155014410867,77.04598606378418,349.9588581423082,88.4824077738121,361.58091382255674,0.7878051381159693,0.490334750976917,0.1321873480924544,0.096666948016708,0.2082595774681181,62.59178897042283,108.49571600213292,103.3992094567924,966.4166666666666,0.2450689448367,43.096371194753594
1900-01-01 16:07:12,Thermosyphone,449.99929385001593,342.7604799603616,1.4675774622948108,9.504733410862444,0.997575498444626,0.0578482483239389,0.0517079109773866,0.6040297937890253,0.9987176633599424,60.000005297106696,1.0125111484084746,0.0004042779635286,4180.008541248715,0.8429138055631705,0.9537092434955964,37.670307662470094,310.8077420162442,50.895544786483335,323.8375982366861,77.29179905917626,350.44045017353807,88.33811312415143,361.67942179183984,0.8048229261657472,0.4900492862024276,0.13306513927058,0.0996026466594861,0.2078371452940459,62.70809260539717,108.50144155167555,103.399194974668,967.2,0.24256677811716,43.33893797287075
1900-01-01 16:08:24,Thermosyphone,450.0085065615819,342.7604799925938,1.469888703525434,9.49857550561292,1.0033478453886584,0.04727559052149,0.0654120995525466,0.5967025041635066,1.0198927792722077,60.00983553139773,1.01011413167355,0.0004124979804904,4180.011062071239,0.8546930627651337,0.9615111774364976,37.759488729872125,310.885481517723,50.989542692005934,323.9225476305785,77.45001786990294,350.41084146636524,88.66889333597301,361.6580542657929,0.7995612712253625,0.4877031944404358,0.1344006410533067,0.0982679410503499,0.2038376175156053,63.07841666045655,108.49724403184364,103.39924121563833,968.4,0.24749878829424,43.58643676116499
1900-01-01 16:09:11,Thermosyphone,450.0050673137589,342.76047997607003,1.4558390612342291,9.49558315437786,1.008563327413048,0.0445739566521233,0.0406919715740216,0.5871669307742254,0.9841075381592432,60.00553427803669,1.0069596884061485,0.0004135072477131,4179.991225770144,0.8378245199163611,0.967928160149808,37.7057605672055,310.92477095069154,50.895615511387305,324.04751030203533,77.6199118919174,350.5032516015265,88.43540597925302,361.52811075448096,0.7859313403743434,0.4685038945635427,0.1343861589352911,0.1006849125029359,0.2026864750432354,62.90523360472371,108.49857326393972,103.4007997044667,969.1833333333333,0.24810434862786,43.83454110979285
1900-01-01 16:10:55,Thermosyphone,449.9977495513787,342.760479995252,1.4466615369186473,9.504041719293925,0.999944657347782,0.0607065500912786,0.0609321641207951,0.6018819368006936,1.0116829369658844,59.98874764670217,0.9943164885495736,0.0004108566857294,4180.008000806167,0.8570495553350854,0.94998222409513,37.850697620056586,310.98537377246817,50.938945593798074,324.1943303033978,77.57958241050662,351.08688059058227,88.37249999171787,361.691002103163,0.8007433285938468,0.4970687983927021,0.1381684574451032,0.1034015504074513,0.203727052129728,62.9509151615095,108.50033631004342,103.39315490058236,970.9166666666666,0.24651401143763998,44.08105512123049
1900-01-01 16:11:53,Thermosyphone,449.9935212212514,342.7604799768557,1.465864004209036,9.512511935818967,0.992561733253786,0.0313826561758732,0.043296726749759,0.588670743664135,1.0063353192854747,60.00240048448877,0.9954165241553012,0.0004098816033035,4179.995946896975,0.8389134060716221,0.967270826040746,37.86551112257622,311.0179124237471,51.10395108587502,324.37609453827986,78.09021932906113,351.1728522955421,88.65659904839659,361.54299352932816,0.7884265790464956,0.4672601245138729,0.1425520673866403,0.1023911441542887,0.2040068276487302,63.10033523279963,108.49960694728324,103.38357279707682,971.8833333333333,0.24592896198210001,44.326984083212594
1900-01-01 16:12:52,Thermosyphone,449.99299447575856,342.7604800060192,1.4582268901207371,9.486093336933273,1.0063930714710214,0.04531848749773,0.0496631574985498,0.6150104131038091,0.9833741157607008,60.00771233587195,0.9947061428131022,0.0004122075631149,4180.007348869413,0.8488088373824875,0.9551084366620184,37.91916416280833,311.002834312464,51.05494277595087,324.25284050675623,78.30588029062976,351.4026525742846,88.41516736242367,361.4063262083594,0.7902700503537621,0.4832362852862895,0.1395412040392081,0.1051195957316633,0.202149457119235,63.34716311220309,108.50155441105284,103.37338702571604,972.8666666666667,0.24732453786894001,44.574308621081535
1900-01-01 16:13:39,Thermosyphone,449.97783622727167,342.7604800125767,1.4547263507314128,9.51063371022514,0.991815582128036,0.030097205936557,0.0605621610695373,0.592196038473882,1.0073863313559306,59.98670112369548,0.9992750587500004,0.0004175436429582,4179.9984644529595,0.8473223533586695,0.9687333918336642,37.86621232945108,311.0402159372938,51.0567910648097,324.2961068656698,78.4392018201427,351.78898597646247,88.38844113286791,361.6906112353366,0.8114047458964158,0.4943638333259491,0.1428414003070787,0.1026083727615768,0.2025342292732394,63.40581510136717,108.49546673730536,103.36276585846596,973.65,0.25052618577492003,44.82483480685646
1900-01-01 16:14:36,Thermosyphone,450.0047902957092,342.7604800191816,1.461771655544819,9.480701340241763,1.0077932358941988,0.0346492733374437,0.0716986107276743,0.6166934160410167,0.9988239008893984,60.013182696129135,0.993232489629159,0.000417565681137,4180.005272786671,0.8588772149416456,0.9457738240694432,37.98281420902325,311.0946887903742,51.459326372481854,324.4318065660224,78.8968247609452,352.02230237061684,88.46617831135096,361.5591243001231,0.8069208332812455,0.5028231577143187,0.1427304115443904,0.1058252597023419,0.1983938935771509,63.18014747736887,108.49950567949855,103.35518619645153,974.6,0.2505394086822,45.07537421553866
1900-01-01 16:15:24,Thermosyphone,449.9814210886533,342.7604799673922,1.4599903675028436,9.498361597636952,1.019926776621252,0.0562044157612819,0.049294712995227,0.6069517361047313,1.0062432532752967,60.0156106005021,1.0084632212530913,0.0004155412061499,4179.991188416362,0.8419690885764783,0.9596435119039372,37.945775076230255,311.09383986869705,51.412809988311146,324.35119973680804,79.05701070214116,352.7116822429523,88.0664413906154,361.7772111182164,0.8023963233675269,0.4715938025729502,0.1469818350066178,0.1062875048007277,0.2012378599103252,63.23695487666969,108.4996908848922,103.345323524751,975.4,0.24932472368994,45.3246989392286
1900-01-01 16:16:25,Thermosyphone,450.00736276131425,342.76048004571,1.4511192767061198,9.499450437450594,1.0057043188016568,0.0463530149545487,0.0350279942727955,0.5986466256643891,1.006514648726881,60.01745059632221,0.9827378382887834,0.0004197719655121,4179.986992958497,0.8537310063557902,0.960074972749928,37.97693938769397,311.13543339858467,51.49859500691891,324.7049971585391,79.51372125101064,352.84187129352625,88.23824892760713,361.4824386571606,0.7854439888394321,0.4814467503430508,0.1478016469807857,0.109217688143716,0.2005104050372624,63.47584072922582,108.49345693140307,103.3365952995819,976.4166666666666,0.25186317930726,45.576562118535854
1900-01-01 16:17:11,Thermosyphone,450.0058906987622,342.7604799854092,1.4568864166412403,9.515697470706543,1.0133843078068423,0.0402564962810121,0.0417741193834542,0.6087088837736139,0.9983024903563168,59.997405330311544,0.995770765185002,0.0004128914512284,4180.001926036772,0.8616846784439598,0.9701119754085986,38.00763347447623,311.13084708876073,51.29875260950341,324.68065680490724,79.6718721753485,353.0072797549196,88.48714161717304,361.7737970319594,0.779020596076548,0.4790123006214983,0.1488159696384741,0.1091167175510047,0.1999665455486681,63.216350839722594,108.49848771439716,103.32852981123708,977.1833333333333,0.24773487073704,45.824296989272895
1900-01-01 16:18:05,Thermosyphone,450.0035976045236,342.7604800219701,1.4522129601935494,9.498754852216848,0.9909720052908968,0.0435850746385216,0.0421943132545421,0.5890007926008778,1.0069985927045355,60.003402838186425,1.0058826564572727,0.0004097622342053,4179.982781404932,0.8432280989720503,0.954156831652922,38.041990906548136,311.1926815216625,51.536151730365674,324.5152475239992,80.38605908554587,353.4552860203129,88.74782285896647,361.46818562449334,0.7862104868530712,0.4752406049341523,0.1489067419046959,0.1103283443145516,0.1995345522059282,63.514856691577926,108.49288595153618,103.3175714583389,978.0833333333334,0.24585734052318,46.070154329796075
1900-01-01 16:19:06,Thermosyphone,450.01782579508694,342.7604800247781,1.451570932800932,9.50348541982679,1.0158809249958232,0.0425205100650275,0.0490023121980646,0.6235581646419623,1.0029803552376284,60.00805496931216,1.0060494828307671,0.0004138850542022,4180.000553564848,0.8477025158455568,0.9668553541279032,38.07503862640057,311.2058894345264,51.62791040807378,324.8458710250793,80.53413622166116,353.39104439363336,88.69504686737024,361.861586012246,0.7994720263058062,0.4841796248973405,0.1532975619916478,0.112116430242962,0.1987966879151394,63.25734226551709,108.50690384874903,103.30933208343868,979.1,0.24833103252132,46.318485362317396
1900-01-01 16:20:51,Thermosyphone,449.99648602612547,342.76047999487173,1.4386803442239673,9.504679007194383,1.0128152748290933,0.0366311554547129,0.0581781718466072,0.5978289067067931,0.9998311126998592,59.99898686217739,1.00665357414616,0.0004155243738513,4180.014551317731,0.8418361795716589,0.9614830101484626,38.17483311398095,311.30978341089633,51.62985170551565,324.85427055170135,80.74702491400168,353.6084947997492,88.61933568783263,361.80226559755823,0.7899988367614692,0.4801863465617546,0.1502998690712901,0.1121970113160515,0.1984508033946279,63.66737309552624,108.50366020038564,103.29978367621436,980.85,0.24931462431078,46.567799986628174
1900-01-01 16:21:49,Thermosyphone,450.0095493054735,342.7604799568366,1.4508030189666596,9.490981305717506,1.0158263597525,0.0444261403791475,0.0493222526413337,0.6097198557910632,1.0174861496148873,59.992430803954825,1.000485216227315,0.0004191760112291,4180.010740968499,0.8341972918776611,0.9626543125918724,38.1400273264218,311.2978735575942,51.81882316130008,324.8704700772598,80.28771908099093,353.63747069573424,88.83059578892666,362.0171174099453,0.7906327153143209,0.4759245682568505,0.1519092703759158,0.1102885907366552,0.1970657480945422,63.32410044077484,108.496939756315,103.29966102357332,981.8166666666667,0.25150560673746003,46.819305593365634
1900-01-01 16:22:40,Thermosyphone,449.99280510243045,342.76047998998064,1.4447275493171106,9.51980498421691,0.975643045163144,0.0441079004777877,0.0523067879876912,0.5969573116777934,0.9907824932691814,60.000257259435266,0.9940583270461416,0.0004159745030038,4179.9939711776615,0.8252978494523322,0.9702135577629146,38.20408483813955,311.33757776431935,51.96440956448824,325.1989285338377,79.83838673808467,353.2907446350858,88.67777187771257,361.9506669031064,0.7969037488068422,0.4902356685250974,0.1477332242454549,0.1112709670693015,0.1955163539914441,63.537540593875136,108.49733936170728,103.2991167477722,982.6666666666666,0.24958470180228,47.06889029516791
1900-01-01 16:23:36,Thermosyphone,449.9955262538711,342.7604799781755,1.4553640183790584,9.488057899785574,0.9896042681837522,0.0324492774144805,0.0490760015851063,0.5771744250179178,1.005422303725337,60.014312928351295,0.9929412267541852,0.0004171762423772,4179.995685251554,0.8314133846005998,0.957130530666038,38.23171795261671,311.3605346213466,51.943723039800304,325.103498930587,80.03534380344168,353.01986771479324,89.08022880007421,362.38306555800995,0.7912839398744382,0.4778940459868943,0.1483971765319308,0.1084832303598783,0.1966962656417543,63.9748512448928,108.49754449922098,103.29964003911331,983.6,0.25030574542632,47.31919604059423
1900-01-01 16:24:23,Thermosyphone,449.98339985653826,342.7604799906972,1.4746697604528216,9.508955836697004,0.9902310540595562,0.0351968498437861,0.0631464675362258,0.5937047482092564,1.0043791265024886,59.985808511379815,0.9962594236926386,0.0004178480459846,4180.002690319585,0.8490173881026681,0.9519544255133714,38.23553936825527,311.3968116450629,52.01791828950617,324.9737843967987,79.67885600866639,352.6632683007503,89.12465065163892,361.9981304112704,0.7969094437793439,0.4978821746251655,0.1469297715505631,0.105943722078853,0.1942936927088216,63.92835341738976,108.50230301989512,103.29592933811338,984.3833333333333,0.25070882759075996,47.56990486818499
1900-01-01 16:25:36,Thermosyphone,450.00979146436174,342.7604800118518,1.4611252194600886,9.506234493453745,0.993735198875538,0.0425990617298811,0.0480087816865551,0.5892656094460482,0.9992090983724458,59.99546140833573,0.9923429944315624,0.0004141838290093,4179.999988226775,0.8409532856833689,0.9564086059347192,38.24499242664301,311.4304964462123,51.973487989158336,325.3088432648552,79.0929263986365,352.519315138006,89.45890444603423,361.9771734657462,0.8178388150650536,0.4736395945529545,0.1435958805224281,0.1040987264090212,0.1929379633160478,63.908716395762674,108.50135706808268,103.2979572680097,985.6,0.24851029740558,47.81841516559057
1900-01-01 16:26:15,Thermosyphone,449.9961949791075,342.760479995729,1.4581950629826332,9.492555313615869,1.0083711979052512,0.0322242006329202,0.0358476393115971,0.6028902214076434,1.0124799489781091,60.02367737459958,0.999687583065421,0.0004143114429428,4180.00422826495,0.8499781727889989,0.9585352544009944,38.26596156035089,311.45072152222957,52.18261287133282,325.23537541049336,79.343563325237,352.4493812830733,89.31751742144411,362.8900869228283,0.7979543785717664,0.4783764043629401,0.1425074816648393,0.1059259205506378,0.1966053090940193,64.15293634612848,108.49990154448857,103.30193950842302,986.25,0.24858686576568,48.06700203135625
1900-01-01 16:27:14,Thermosyphone,449.9995682938734,342.76048033261634,1.4670793014428816,9.505068049214216,0.9988589139816482,0.0415839342644549,0.0609444074153007,0.6096856804656721,1.0081299326042232,59.99424143246781,1.0194945165680875,0.000378634988191,4180.010025109969,0.8541418169670004,0.9595904032673472,38.33554785208653,311.434704160069,52.03174022059331,325.57170520544804,74.94751710880222,347.98534729503854,85.74219355313197,358.7132854109415,0.8161710615364275,0.481705047848884,0.1200786359854209,0.0885944672402559,0.1627316638513066,63.35412933172573,108.54801923145486,103.29961056241432,987.2333333333333,0.22718099291459998,48.29418302427085
1900-01-01 16:27:27,Thermosyphone,449.9966422099978,342.76048004877896,1.4389891070035572,9.51414229341788,0.99975397689043,0.0286948980939577,0.0506898306722877,0.6117793896705019,0.9882112561291994,60.000985331240734,0.9973889580186204,0.000423580992334,4180.003819881026,0.8593288953827215,0.9733970748408208,38.32617663673223,311.45949062692586,51.938424774801504,325.3958747014901,79.20755743308436,352.21477242785693,89.52206565572843,362.6270895261414,0.7724606640551145,0.4721707726172678,0.1418891011992674,0.1050081203498645,0.1967211411597932,64.19258924552946,108.50185874014088,103.2990150423664,987.45,0.2541485954004,48.54833161967125
1900-01-01 16:28:07,Thermosyphone,449.9789738034915,342.76047993300193,1.443875821080138,9.476365745679608,0.9975649071535032,0.0243512762731836,0.0608995300165498,0.598227144406712,0.9967923394342234,60.005360240848205,0.989487699364433,0.0004157992564581,4179.995848362488,0.8424735926720099,0.9627955184281952,38.3536699540798,311.5208480433026,52.28114005808685,325.5125448318941,78.76166097658115,351.89299266673936,89.53833636523085,362.88182346499343,0.7929564348015923,0.4908781597316831,0.139297475535439,0.101475323136221,0.1922281679978251,64.25822749025377,108.50501571215536,103.30120640677158,988.1166666666667,0.24947955387485998,48.797811173546116
1900-01-01 16:29:08,Thermosyphone,450.0122965113326,342.760480054364,1.4527068463363475,9.501687970029538,0.9932022330030812,0.0370971179566661,0.0529200940467927,0.5987886277510737,0.992570366793935,60.00747764863,0.9877645342622664,0.0004179284298883,4179.99622118587,0.8501955359522605,0.954666721224239,38.40500676440694,311.5343357696721,52.273584709626085,325.4533386377827,78.47890785834494,351.7880031791651,89.82541795515316,363.18314301227025,0.8036962502524615,0.4874986690364135,0.13807218273475,0.1008590425133823,0.1902963101622835,64.33412259727419,108.4969297059585,103.3016134155144,989.1333333333333,0.25075705793298,49.048568231479095
1900-01-01 16:30:46,Thermosyphone,450.0043912380029,342.7604800043833,1.4539657074332115,9.505010310737289,0.9914944209922566,0.0333162088746524,0.0483754169622916,0.5972683895951726,0.991182409484009,60.00666114382885,0.9834524178110128,0.0004176716387548,4180.014959039253,0.8311844269921055,0.9595547823383253,38.4480728286903,311.5859917695373,52.38597866814811,325.4332832548419,78.29456187049124,351.49496882895204,90.02812826158744,363.1550206125799,0.8021344722469618,0.4850562489133015,0.1357999954599137,0.0999120846068152,0.1897519984620206,64.59472551592923,108.50559415624429,103.30045431201472,990.7666666666667,0.25060298325288,49.29917121473198
1900-01-01 16:31:40,Thermosyphone,449.98533923666025,342.76048003407595,1.4568675521916772,9.492667625009476,1.0124496455167813,0.057867827879772,0.0630173950493779,0.5961164333626238,1.010521649819094,60.000818816143465,1.0019306831401542,0.0004178232269744,4179.989713670696,0.8405089588799785,0.9550913454243656,38.457509649217926,311.6661890923728,52.44362526364884,325.7085185820793,78.23931371244578,351.73928145044135,89.70372423731861,363.4670114039177,0.8121838122478541,0.4681830721410774,0.1379734100778022,0.0996239611334044,0.1882677540331956,64.59320340121364,108.5035711147928,103.29960049536216,991.6666666666666,0.25069393618464,49.54986515091662
1900-01-01 16:32:50,Thermosyphone,450.00213828986807,342.76048006011195,1.4465681971002449,9.523356442209234,0.9948155088168296,0.0485272472676175,0.0754062031920191,0.6000613195666478,0.9947251959592294,59.98734361504229,1.021980856406389,0.0004196188915535,4179.998405325678,0.8517849026528036,0.9421059533884728,38.52366804160398,311.689842967429,52.584270048024656,325.6685319596304,78.51509947419561,351.4631827762367,89.99939034718675,363.0968155036545,0.8012567981815136,0.4841616436302078,0.1367106053426148,0.1016797149854336,0.1911136110796218,64.30209413606622,108.49664926728072,103.30018059846876,992.8333333333334,0.2517713349321,49.80163648584872
1900-01-01 16:33:29,Thermosyphone,450.00277984196487,342.76047997721156,1.4353923560456583,9.490748569035857,0.9835563568012724,0.0353909534618352,0.0336677274444937,0.60432257481497,1.0029704846560084,60.00043831658403,0.9946640300056973,0.0004178586636512,4179.978859643475,0.8568744767789386,0.9453410758115868,38.562365311969934,311.7421185103889,52.712839094366174,325.7998430286265,78.43197167504835,351.3715171729736,89.95343326637564,363.305778837397,0.8010739030461933,0.4704617277374924,0.1352818503621247,0.1016325823180333,0.1875274595324559,64.26874080904717,108.50455718616156,103.2989804301715,993.4833333333333,0.25071519819071997,50.05235168403944
1900-01-01 16:34:35,Thermosyphone,450.0049222863287,342.76048000841064,1.4667253986182247,9.492224899135026,1.012322219076728,0.0326856530082081,0.0536857618483978,0.5859407174296272,1.0121127198869195,60.02462682939351,1.0054765936239445,0.0004149937126552,4180.002821774707,0.8421808152961672,0.942728805497948,38.61841803900775,311.77932129008644,52.6424840278765,325.7638441582568,78.6795733197483,351.40017789288606,90.09632145783496,363.0986740118047,0.7912202896702107,0.4755485737608267,0.1350400597828688,0.1003157960687102,0.1907031327787441,64.442696028038,108.50041851876064,103.29883429750348,994.5833333333334,0.24899622759311998,50.301347911632554
1900-01-01 16:35:26,Thermosyphone,450.014159631243,342.76047995328315,1.4454331920939345,9.490808215399724,1.002969365343627,0.0310905167671511,0.0514946094460775,0.5907017938421999,0.9979201222607036,60.006216132707735,0.9725911027975388,0.0004135858318565,4179.998053286068,0.8473990991203205,0.9549176548825214,38.64620382705317,311.86766641151695,52.67085902705316,325.8447047502542,78.62290938314635,351.4168452307874,89.90819502453724,363.1297475802006,0.7989922183247059,0.484990387045307,0.135134043697663,0.0999607356075634,0.1904478607962787,64.32260523007305,108.49995116270456,103.30125616393676,995.4333333333333,0.2481514991139,50.549499410746456
1900-01-01 16:36:18,Thermosyphone,450.0177223907294,342.76047998026695,1.45468327602464,9.49883014372982,1.001471832078101,0.033575075964543,0.0626819213101077,0.5922497200742151,0.994677281644736,60.01595140290423,1.0037356249038252,0.0004172858724652,4180.004190072465,0.8633477388802057,0.969018806816552,38.70261022239172,311.8504159885337,52.760777060646205,326.26794664543525,78.50730770235555,351.5874095635869,90.1497197516502,362.8319726659668,0.7986780337078508,0.4678948533359387,0.1357560731589405,0.0999004383523706,0.1873057288354067,64.60436985169724,108.50519154776828,103.29971391304524,996.3,0.25037152347912,50.799870934225574
1900-01-01 16:37:20,Thermosyphone,449.9933770369878,342.76048001310966,1.4558476700265943,9.514934607462434,0.992676692718568,0.0381193313055117,0.0509953103598469,0.6073336485322417,0.9976354223673772,59.98813260588164,0.9830249100148072,0.0004194661336868,4179.990888411969,0.8548541967073363,0.9643574337919792,38.76235670982052,311.93276775313603,52.65311705978495,326.0115912225687,78.60277671451601,352.04307656732414,89.87243180342276,363.3153371812145,0.8007213099395508,0.4693062854836065,0.1361018709322911,0.0980089443680993,0.1869770792921061,64.82623684811884,108.49360813363778,103.29814455753016,997.3333333333334,0.25167968021208,51.05155061443765
1900-01-01 16:38:08,Thermosyphone,449.9928183469383,342.7604799947075,1.4574191810363586,9.495473197612853,1.002703128649252,0.0385540853841859,0.0634427575878334,0.6086515145194316,0.9986797085466284,60.000342260823246,1.001878963599955,0.000417040274311,4180.003237382257,0.8462844934135075,0.9753354917806756,38.822618570485425,311.93249538367843,52.885356116364505,326.02629117365916,78.32888519233857,352.0271687571376,90.2119496920338,363.2086287606815,0.7938294960789565,0.4889140405227118,0.134012825116394,0.0999801633644303,0.1874527521761885,64.84995417828773,108.49868371917314,103.29905814589075,998.1333333333333,0.2502241645866,51.30177477902425
1900-01-01 16:39:16,Thermosyphone,450.0039379501627,342.76048004513353,1.4535030887111495,9.49147076802399,0.9965405798324368,0.0476305698157347,0.0779279629404492,0.5943440579005487,1.00608461784295,59.99402048149818,1.013737713200522,0.0004228218567144,4180.002586315457,0.8546510775338839,0.968063814984869,38.78881530190365,312.03569204181395,53.338878843773955,326.2234367899542,78.47970847241633,351.74553288753896,90.11227589693448,363.6333565073493,0.8092505112793307,0.490063753760708,0.1362806886763726,0.0991433865012539,0.187280760036045,65.16431856543511,108.49791486486252,103.29962651319828,999.2666666666667,0.25369311402864,51.55546789305289
1900-01-01 16:41:00,Thermosyphone,450.014586773711,342.7604799967806,1.4462707646578064,9.485998940797018,1.0090695415486783,0.028224615123376,0.0566500435246482,0.595987297818991,1.0086110509517356,60.01637453043102,1.0128069795205092,0.0004239670058735,4179.995812418821,0.8448834708885653,0.9712798308899172,38.84812102019026,312.05981384559306,53.03307095750461,326.3178765119744,78.83945809993969,351.7408011695362,90.28343974920487,363.2791601161296,0.7970521827593806,0.4919771642035648,0.1351734461844692,0.1003036277814922,0.1850492485427793,65.05857596215154,108.50510924495217,103.30134789868646,1001.0,0.2543802035241,51.80984809657699
1900-01-01 16:41:55,Thermosyphone,449.9983442678458,342.7604799703456,1.4458483850654549,9.50896206468587,1.0106374929419288,0.0535289970327875,0.0499073330103742,0.5972999672812216,0.9760295922690864,59.99655596715591,1.006757163162853,0.0004142748798468,4179.9952331455925,0.8580890893228688,0.96520266165484,38.86163461640598,311.9668991590425,53.143256418521624,326.2551114971314,79.02424907711332,351.7101597874014,90.3564618461704,363.56274665721446,0.8043792800090269,0.475601427320083,0.1385745596792387,0.0984817021911866,0.1804113619867847,64.92447503177245,108.52015775343855,103.2994194479555,1001.9166666666666,0.24856492790808,52.05841302448507
1900-01-01 16:42:39,Thermosyphone,450.0018107991234,342.7604799213697,1.4380690910728615,9.507774665271654,0.9742997836044004,0.0351454190542152,0.0499934438729456,0.5928776584561658,0.9945461931724908,60.00516452187931,0.9971673607955804,0.000408945400371,4180.006026638257,0.8525610567987791,0.960110832607544,38.82599054364114,311.9548322292632,53.5237200626842,326.4343753410032,79.02217308351683,352.0886834004307,90.32716877092908,363.7852487730741,0.8125475889800204,0.4919295088441997,0.1350298858550977,0.0983295951053045,0.1805474503803208,64.90518325275991,108.5268128076182,103.298860194996,1002.65,0.2453672402226,52.30378026470767
1900-01-01 16:43:29,Thermosyphone,450.0110772544923,342.7604800036453,1.446911192503022,9.497507972061069,0.9882911400303164,0.0337615418169928,0.0414553651103191,0.6039959392998916,1.0039488578245048,59.998534672399366,1.0186200991886296,0.0004180397931835,4179.995132143671,0.8550312274431432,0.9690109049218576,38.801446599022526,312.01939397801385,53.37722862946627,326.4274702459721,79.11649528861601,352.2068632506003,90.77762716829548,363.7532148853565,0.7925181219533473,0.4803963388234555,0.1359523736467345,0.1000681631084633,0.1736037893387332,65.0780781494313,108.53487667344822,103.29829495810132,1003.4833333333333,0.25082387591009997,52.55460414061777
1900-01-01 16:44:24,Thermosyphone,449.9905358932078,342.7604800160838,1.4629620000602224,9.501743170956374,1.0094677783029606,0.0346025938136118,0.0563015510432305,0.6055211670935798,0.9980040993118464,59.992430537635016,0.9915334077894948,0.0004151751667141,4180.00308397223,0.8493932821586266,0.9445995223971776,38.82008822256368,311.9740251240227,53.29383103921745,326.6788902455381,79.0873640191766,352.1431094004008,90.42989462718384,363.88825699189965,0.7990545274045773,0.4959535172031101,0.1359420326497602,0.0959726845357558,0.172092255408172,65.20233766626745,108.54707615839786,103.30111608951688,1004.4,0.24910510002845998,52.80370924064623
1900-01-01 16:45:33,Thermosyphone,450.0162452720323,342.7604799875836,1.4652538874110923,9.507643434352456,0.991374974791942,0.0459393061397426,0.060663606218578,0.6096362313390119,1.0190265052565526,60.02413738543959,1.0021642830623558,0.0004162849199396,4180.00719443091,0.8512980511164134,0.9679717325610988,38.79766060273688,311.90170965703294,53.41724948319141,326.54295091183155,78.66655862884043,352.271528810968,90.8822809730895,363.546358367589,0.8098945164354917,0.4655864392293767,0.1352027377841341,0.0990758961881892,0.1723716314400117,65.41504348776468,108.55319601506272,103.30037610729168,1005.55,0.24977095196375998,53.05348019260999
1900-01-01 16:46:20,Thermosyphone,450.0032740255216,342.76047996189317,1.452283853739031,9.49888548989434,0.9797301433873687,0.0433357980752765,0.0493731548820729,0.5931037900774057,0.996927766485476,59.9993744350386,1.0163887111062864,0.0004160492204066,4179.986522714299,0.8504721322325928,0.9752898633436148,38.7667032648892,311.9244894701457,53.43071812703594,326.60157873179867,79.17385407905093,352.2913345200076,90.70496044916771,363.7646947980258,0.8099763484889667,0.4730476720571212,0.1369966550187489,0.0994067785565104,0.1674424776709804,65.10721723779078,108.55918261777668,103.30038244642316,1006.3333333333334,0.24962953224396,53.30310972485395
1900-01-01 16:47:17,Thermosyphone,449.9914067476042,342.760479985625,1.4514180228619735,9.503105695161503,1.0027871974695932,0.0440578233498272,0.0618267669398102,0.602521714415082,1.0112794854725082,59.988030033347954,0.9944288551415312,0.0004191367488221,4179.996275217618,0.8631112278706927,0.9486612277632752,38.76799006072235,311.9429564722462,53.51190783993292,326.6740471690822,79.4193336718974,352.2872439442816,90.58314793106103,363.77777585048625,0.805299400036837,0.4906529091045985,0.133083553971117,0.0988955339623346,0.1659541912877411,65.69241452665734,108.57274542702612,103.30111101942902,1007.2833333333333,0.25148204929326,53.554591774147205
1900-01-01 16:48:06,Thermosyphone,449.99677275364695,342.7604799165878,1.4664663739532178,9.510897241665596,0.996130577337114,0.0285970967963383,0.0745489383463581,0.5941341411471708,1.0010996436030115,60.009746653446406,1.0042584940196873,0.0004152123019071,4180.021448841717,0.8366448245413112,0.9649796443515036,38.7228936401211,311.8829232275476,53.70843573991513,326.62749640367997,79.23655873222276,352.5348963978664,90.7405355912886,364.1899559312709,0.8067416553829744,0.4850894617160909,0.1349617259393191,0.0982675513145165,0.165175268828938,65.51010616151702,108.58248287560384,103.29758235677816,1008.1,0.24912738114426,53.80371915529147
1900-01-01 16:49:10,Thermosyphone,449.98901667216165,342.76048004502854,1.477261299801381,9.51445721021785,0.9982800708297735,0.0441934723045996,0.0331175341381448,0.597176508352612,1.0230688955752123,59.98060876372939,1.003449425543498,0.00041732732763,4180.0052824737495,0.8453066254151591,0.9680834908921556,38.71746385049512,311.843534321088,53.63201570917816,326.93928576339385,78.99723314531589,352.5378165379385,90.52137211778243,364.3412157695956,0.7890361919168773,0.4943918963821015,0.1384217432488719,0.0987760134221148,0.1648501035356687,65.54547592904078,108.5924126188195,103.30212492162686,1009.1666666666666,0.250396396578,54.054115551869465
1900-01-01 16:50:52,Thermosyphone,450.0092896978202,342.7604799748279,1.4722684077880217,9.49413373980508,1.011391685297725,0.0421728036512892,0.0566096977200798,0.5803018585916212,0.9996356597113262,60.00584477825369,1.0046425624928914,0.0004161020020013,4180.010169124389,0.8479768795028946,0.9489169385553192,38.706594805579186,311.8487510718941,53.758347422228475,326.8541793435658,79.45487922818857,352.33523529987986,90.9529305362874,364.3955511599487,0.7967291103504087,0.4832701103363696,0.135391896191669,0.0981522337261941,0.1550542527520137,65.91664031586393,108.6015151939812,103.30047764150191,1010.8666666666667,0.24966120120078,54.303776753070245
1900-01-01 16:51:49,Thermosyphone,449.9911414556583,342.7604800053237,1.4461433976076163,9.50330451780312,1.0046564681753622,0.0379813892557334,0.0563680843115537,0.6063833270584161,1.0039396313705036,59.98477728109408,0.9925147928495992,0.0004176988869653,4180.01227828602,0.8494590922472056,0.9620313143418756,38.70113493659784,311.8416143147038,53.95034180060868,326.87932979097536,79.15240614095175,352.7363089310743,91.16453891972468,364.03833581011025,0.8047745856574119,0.4757684706815336,0.1343801926772526,0.0987232066279664,0.1540298149489018,65.84906880973823,108.599195231479,103.29898078233391,1011.8166666666667,0.25061933217918003,54.55439608524942
1900-01-01 16:52:43,Thermosyphone,449.9978364335592,342.7604800245702,1.4633512803568316,9.490821244183476,1.006999714984813,0.0517065552362239,0.0536442113277374,0.610236215218867,0.9937698200000477,60.01066683710464,1.0010896030598664,0.0004222196034883,4180.002371836497,0.8552784817110975,0.9431358907983156,38.671463026789134,311.85148076356245,53.8370918962979,326.9712331835327,78.85397035457936,352.240555759249,91.043063222148,363.928701353465,0.8058173102000771,0.4615417072531712,0.1379287386443442,0.0994178143588823,0.1489217294289687,65.21685134311896,108.60007531994836,103.2976365599747,1012.7166666666667,0.25333176209298003,54.807727847342406
1900-01-01 16:53:33,Thermosyphone,450.00338490126336,342.7604799358913,1.4625598998858604,9.498992942733125,0.9855361152144502,0.0529532964424257,0.0563989034955129,0.5934491123339731,1.010349877586532,59.99346111008522,0.9826669554025528,0.0004173096008533,4180.000858869954,0.8489931298497407,0.9594890613655204,38.70201265063667,311.8461173497453,54.03732364572274,327.29017903596014,79.25697069568977,352.5333455684776,90.92569040014769,364.005199154606,0.7857207970850255,0.4838819299276711,0.1354092033279272,0.0967544204522562,0.1485064305193971,65.91135036146866,108.6014233611125,103.2994098248316,1013.55,0.25038576051197997,55.05811360785439
1900-01-01 16:54:33,Thermosyphone,449.9932758788939,342.76048000313335,1.4584443010805668,9.484524332220053,0.9884682676950975,0.0422941232887395,0.0377494526012738,0.6085482541664639,0.9974967220883008,59.99711386261,1.006630998492433,0.000418790543054,4180.008212546798,0.8429308477157342,0.963642084467298,38.71408238209894,311.8438477585265,54.03364759138125,327.272883767754,79.40078875543861,352.29671246422845,91.08952977297278,363.99676732818574,0.7845063184841115,0.4856935391926759,0.1348425169535563,0.0968211939737993,0.1466704517794702,65.66320579576269,108.60099141699312,103.30130261480188,1014.55,0.2512743258324,55.309387933686786
1900-01-01 16:55:28,Thermosyphone,449.9959428611584,342.7604800327042,1.476058294805611,9.499187815074244,0.9949706241168368,0.040210157559615,0.0449399642086908,0.5864048219484898,1.0009318244452277,59.99998258894209,0.9912697925530192,0.000421823110592,4180.027044551471,0.8529069633603847,0.95101318943218,38.699646505314576,311.860989899687,54.11366778421213,327.2810448553542,79.30168066690614,352.2342506513268,91.10709250233069,364.016314783492,0.8179366374275017,0.473635420937711,0.1323847796638566,0.0982874629633123,0.1438183075029084,66.33124186876395,108.6045611056559,103.30100645187574,1015.4666666666667,0.2530938663552,55.562481800041986
1900-01-01 16:56:16,Thermosyphone,450.0072143888576,342.76048002492644,1.4539346719761626,9.494687709386072,0.9929376756860656,0.0447967960705192,0.0558532190034167,0.5951921737403009,0.9979345409970394,60.0086020868692,1.0127882308010154,0.0004180996465547,4179.996457190804,0.8564842713658899,0.9410144001623924,38.688820475909395,311.83156569126425,54.12289557813678,327.3667267195749,79.42192207036395,352.7363968980445,91.29410538876888,364.0848418524752,0.8023424981902069,0.4741180695676323,0.1348027560047552,0.0969587612281452,0.1445774789781729,65.79088011870358,108.59822015979198,103.30182084567484,1016.2666666666667,0.25085978793282,55.813341587974804
1900-01-01 16:57:20,Thermosyphone,449.9957512727541,342.7604799753682,1.4721214211399931,9.489720365662691,1.0182661129483408,0.0598108080594459,0.0543267709989515,0.6026420506158308,0.9984054392521454,59.9903257000882,1.0094298035391305,0.0004158931541777,4179.999074557359,0.8712361834327217,0.9619991261444352,38.754491852766726,311.88677343766284,54.337501068095186,327.47264494801493,79.55791194337498,352.34259561165067,90.90427721045732,364.1275100082198,0.7886592767830697,0.4713989103808432,0.1335407725357627,0.0980528180956354,0.1419317767632696,65.54269730644165,108.59805101355128,103.29890120669124,1017.3333333333334,0.24953589250661998,56.062877480481426
1900-01-01 16:58:03,Thermosyphone,449.9896068739152,342.76047994632023,1.458660485173891,9.503951578426154,0.9947002207883254,0.0410105377657695,0.0551756163625073,0.6066849665042376,0.997463834765532,60.00388093000647,1.0022036031665311,0.0004117528857932,4180.011861387316,0.8556527996458811,0.964397757678776,38.71280297544267,311.8803566816186,54.14107414994032,327.71912143081454,79.11780748214896,352.1899857831544,90.66419597217892,363.973099204479,0.8003301625806559,0.4746956406832843,0.1321500077595972,0.0974655710255671,0.1354938915716495,65.38674768031764,108.60782184366415,103.30064249469751,1018.05,0.24705173147592,56.309929211957346
1900-01-01 16:59:04,Thermosyphone,450.0020742129396,342.76048000665116,1.4623537779629954,9.501641479020355,1.0020609336659514,0.0416498930147607,0.0442905435272186,0.5942654478440635,1.011699652202226,59.990866355239746,1.0009303146718949,0.0004133738564574,4179.986668015855,0.8402957582612972,0.9548851498474934,38.70667220946824,311.88067629329316,54.289294359763446,327.47880144714384,79.15621314097177,352.643014415837,91.14737475896612,364.07360435358675,0.805992898271344,0.4752004424827947,0.1340318115951694,0.0954904645336797,0.1342181203617485,65.51481487359433,108.59833940411016,103.29889690112547,1019.0666666666667,0.24802431387444,56.557953525831785
