time;mode;I [W/m2];C;f;ha;v;Kb;Xb;Ae;Ac;beta [degree];N;m_dot [kg/sec];Cp;Tau;alpha;Ta [C];Ta [K];Tin [C];Tin [K];Tout [C];Tout [K];Tplate [C];Tplate [K];Ub [W/m2 K];Ue [W/m2 K];Fr;effi_thermosy;effi_forced;Ttank  [C];Pin [Kpa];Pout  [Kpa]
10:50:53;Thermosyphone;449.9982709639967;342.7604839963695;1.4633684622509886;9.49872411716217;0.9850264658565904;0.043323183440677156;0.04732662521502832;0.597830413158548;1.0011588478670086;60.00232297736907;1.0116355868659914;2.387371387489608e-06;4180.001105071775;0.8426167839765518;0.9498533763251228;34.574472830134916;307.5986700291112;31.423055128782718;304.5557433774039;34.207958611799924;307.02278792648895;36.47921351473803;309.7761052757328;0.8087340438537945;0.47759370327344863;0.00047812977740676276;0.00024186435729752325;0.42790125430534637;37.28748296141848;108.10209205923378;103.29790311520088
10:51:33;Thermosyphone;449.99393109271796;342.76048397013125;1.4651087474305637;9.506642658996128;0.987809252587043;0.04847361423348;0.0399779717575765;0.5991375615366371;0.9970610022204347;60.00114419857461;1.0081863631154377;2.3211180032424995e-06;4180.003498851019;0.8564994809780629;0.9647849203765011;34.62448385520532;307.6219973044258;31.981383468443536;305.2447783227499;36.994138028792875;310.5806959075889;40.52278788916571;313.62162135312366;0.807684735154697;0.49421849981343463;0.0006420255561157071;0.0008144378386729551;0.4283740652543352;37.48204990837182;108.0947612656871;103.29926332901674
10:52:49;Thermosyphone;449.98556321593924;342.76048400109363;1.4588809985934206;9.496844078351863;1.007236319863681;0.045807797415265666;0.07321408516900732;0.6061996776777313;0.9939059654135693;59.99438202407666;0.9916841889875799;3.462236147744706e-06;4179.994331671652;0.849297392262994;0.9674930261928967;34.691466987250756;307.70064754904536;32.4391389395887;305.67790955267725;39.858697703646754;313.17473604793526;45.02751306764912;317.95571128284075;0.8026136427919981;0.4816796936854723;0.001377183275974993;0.0008705039213863524;0.4258793299494399;37.307008082672745;108.103325883505;103.30052756762782
10:53:45;Thermosyphone;449.9997009340732;342.7604840636996;1.4527598615967818;9.51593060414263;1.0011511897260723;0.034837309907544974;0.038715521272076045;0.5984896944846116;1.0142332102616718;60.00816374496615;1.00688883864266;0.0;4180.007109642046;0.8555585241091984;0.9545007371559467;34.76265695846327;307.7763115105678;33.47451533334404;306.2992942309256;42.80050335063584;316.25262974635115;48.863804130740455;322.0287925914641;0.8009777634728869;0.467587106233643;0.000279241898617941;0.0;0.4262984391300661;37.500607227401794;108.10840663106848;103.30038882949812
10:54:40;Thermosyphone;449.98696736028285;342.7604839960165;1.459580081540141;9.51745720918371;0.9831908406197903;0.04990619679808822;0.05591354013815917;0.6153354619573812;1.0071238551807873;60.00052071185104;0.9947835034958185;0.0;4180.001954227649;0.8480830323100468;0.9802026733807964;34.83210527990414;307.85268286322577;33.70735635710118;306.99464511914954;45.834997221282926;319.08001363367663;53.34683642997409;326.2237385887506;0.7888275512093912;0.48457850399491537;0.0006563648938902018;0.00047908213443827516;0.4230887945388506;37.71636605222824;108.10032359565247;103.3009689216595
10:55:34;Thermosyphone;450.00609272320565;342.7604840093446;1.4778765773510052;9.502437030409721;0.9970403576722792;0.0411196703758303;0.06482768668437136;0.6011871248688679;1.005193776551392;60.01195731440332;0.9948714138977317;0.0;4180.002994231522;0.8522973479452397;0.9539198982143918;34.933576372579054;307.9282527012623;34.39268975303557;307.71971571855056;48.67598360991605;321.6087200792079;57.30107660268544;330.3599070531825;0.7925471710081013;0.4852294558689675;0.0006196813997757682;0.0;0.42431580420276205;37.69377855691933;108.09737626218784;103.30052735011886
10:56:21;Thermosyphone;450.0226601031065;342.76048393926175;1.4633014643140645;9.496937549802189;0.9989980245117017;0.059015889763832693;0.04991426848739206;0.6224094370377556;0.9955785203458646;60.00350512041348;0.995091524983251;0.0;4180.000624831265;0.8471742847465089;0.9620249158398643;34.9376471096646;308.02881377060413;35.10773626365971;308.4811699745449;51.45724764148082;324.8266598878516;61.9337640404208;334.345375620981;0.7850470022689174;0.47453490464663356;0.0005998695468716095;0.0006756049828556469;0.4251949254661684;37.4509356594881;108.09410118884236;103.29939769224029
10:57:23;Thermosyphone;450.0046566265317;342.76048393617526;1.4559981098831183;9.513981680913222;1.0212654813695043;0.045616866387847774;0.05309302312799502;0.5875979433201427;0.9915675712603249;60.000469158575065;1.0050319774081353;2.109409274403652e-06;4179.995217914448;0.8384805777157648;0.9522221815890008;35.027450462822635;308.0672431416533;35.47494776768836;308.8564653565656;54.62140497840896;327.95240740837755;65.50395770147834;338.8241548656847;0.7960099592821891;0.4725559601346791;0.0;0.0014882678125085322;0.4241148749731963;37.59304554168689;108.11226064460497;103.29995522270099
10:58:14;Thermosyphone;450.0030759155256;342.7604839927633;1.479510338477715;9.515066048030372;0.9860052036537944;0.03600153677714785;0.05428336538368288;0.6078318321504205;0.9865155293018663;59.97744438412978;0.9809363303123821;0.0;4179.998967968209;0.853452193761145;0.9523032522212094;35.095071848307676;308.07617653156825;36.402146997773066;309.55692785775807;57.631277909812326;330.7471419596938;69.59236971623719;343.02420205544536;0.7986363308847345;0.4733916361368193;0.0;0.0;0.41830468688102335;37.52984305326328;108.10091997329886;103.29949843549402
10:59:01;Thermosyphone;450.00371803824356;342.76048405599505;1.4567311765250497;9.494923663927903;0.9940855279757707;0.039302435618548376;0.03735234428958558;0.5987473931180192;1.0006118226433678;60.01844678687766;1.0094347376411337;3.7594799945766226e-06;4179.992870514589;0.8566992154323624;0.9486061752545007;35.19772460149178;308.2003561665019;36.89215826069241;310.3657195821327;60.477604691765386;333.2105912453607;73.86481569375802;346.83907560074084;0.8000137621581631;0.4846576479091418;0.0004958188193227045;0.0;0.419377720948555;37.64749597700734;108.10479048494638;103.30263495452436
11:01:05;Thermosyphone;449.9794446339537;342.7604840250964;1.437185722988849;9.51613600728542;1.0025334940282205;0.02858831212022961;0.07009900947091141;0.6064397087029086;0.9810885111104852;60.00293468117461;0.9926886009233462;4.0464342400526927e-07;4179.995348053854;0.8637349388626865;0.9457671361181642;35.261479912335275;308.2954751162052;37.50325641409683;310.77464315193004;63.42501189380693;336.4244705427125;78.03675334838474;351.08594306789394;0.7905623249521688;0.4976201610489885;0.001005031450171089;0.0;0.419057499910729;37.368444937698534;108.11362271430322;103.29979719785544
11:01:51;Thermosyphone;449.99815543299104;342.76048402010395;1.4551888336987409;9.507638538724771;0.9981678909017847;0.04829587297118521;0.05672384109349638;0.5988339019933882;0.9914022275957342;59.99059880009456;0.9925926317985923;0.0;4180.008657964213;0.849533976874896;0.9757010097757253;35.29888819678433;308.2496373890364;37.41890214635337;310.7053749042819;63.46909753163592;336.3805328175864;77.8905206612953;351.1388779099504;0.7954057215380262;0.4723157407708714;0.0;0.00174098185777821;0.4192544955696456;37.37792780212969;108.11680896366784;103.3013213085974
11:02:39;Thermosyphone;450.00481847309334;342.7604840237397;1.4638398033220097;9.513996946711966;0.9944951802036359;0.051327328621819976;0.042071464001886306;0.5960346012300077;1.0119608717306037;60.008223754031114;1.0000209755059841;0.0;4180.0056165982705;0.8436962730051677;0.9507611517179009;35.229476355927325;308.24919748285896;37.35186686476883;310.7922045908938;63.602087457402575;336.62404496204334;78.14431434803883;351.2164456556244;0.7939371585453485;0.47329983378229074;0.0008825617231631335;0.0;0.41837788272335097;37.4340770184061;108.1275299866834;103.30029230903585
11:03:38;Thermosyphone;450.0113484807622;342.7604840074382;1.4531987024878277;9.487891450924424;1.0072184979685772;0.045281465458516884;0.06450809544896753;0.5925254516654819;1.000264180400857;59.99941307302406;0.9991238914075043;3.777629323909506e-08;4179.982854605098;0.8582498553402566;0.9665320587133196;35.26287965194334;308.28893416601613;37.56268499208944;310.74577171903144;63.66528806800604;337.141524628826;77.65589536633186;351.21162805755864;0.7852916863255157;0.4541842921787681;0.0;0.0;0.4201020650377694;37.406954993821095;108.13552623324773;103.29838909252479
11:04:36;Thermosyphone;449.988980384755;342.7604840429747;1.446417570857327;9.492351725620214;1.0012274104540244;0.040247112208278625;0.06424690088752885;0.6012040728809316;0.9879216571163912;59.99439664725904;0.9942721605663216;2.6360780059116677e-06;4180.003837930088;0.8488060897698785;0.9686960722000338;35.22118103320929;308.2296537212661;37.621146613357716;310.92877730936885;63.73791065092866;336.8453220443403;77.79950961799074;351.2664640498045;0.7941235462575297;0.483436850178679;0.0;0.0010165031105994434;0.41554550279800384;37.44251239620015;108.14935179447906;103.29815239767227
11:05:26;Thermosyphone;450.0007425608108;342.7604839674325;1.4697779550154997;9.514987783023244;0.9802838249640505;0.02551009702601495;0.05808232202493007;0.5869697586463268;0.9961136264643298;60.00129552088334;1.0069185008231336;0.0;4180.000952209198;0.8422326708264952;0.9729236159843389;35.21645143834346;308.2349373957264;37.54014500666799;310.7624384638201;63.81706451269506;336.96802663152874;77.82355806322741;351.3048430516771;0.8141404241673826;0.4824314809777943;0.0009297701349226678;0.0008166308066308817;0.4186872926966203;37.66700250805778;108.15532689627923;103.30119623593377
11:06:22;Thermosyphone;449.99026081606235;342.7604840007778;1.4374644710846056;9.499940997612448;1.004133723362975;0.052359807763139525;0.05151277277397093;0.6092813982118155;0.9999946248580859;59.98976523653953;0.985886202822807;0.0;4179.986338522814;0.8563370781051926;0.957923853143017;35.234278043619994;308.2234748585319;37.72214020061515;310.8740287501915;63.82741484377856;337.04005241283176;77.92975934135596;350.8805551072774;0.8067521714540088;0.49188794788193607;0.0;0.0;0.4183654761209341;37.17961327988786;108.16428975241448;103.30019837962492
11:07:12;Thermosyphone;450.0139157453076;342.76048403166016;1.4537370525230204;9.499133040099482;0.9961197603645129;0.034878800913456985;0.03691800073136135;0.6137994845369639;1.010280001502907;60.0079816633114;0.9890566408022392;7.565449310854236e-06;4180.019801652656;0.8518805716900129;0.9509577934786002;35.19743444603232;308.2258064563153;37.49318923529855;310.74599777205265;64.21106250140045;336.9228841347299;78.41252455857435;351.4821791047172;0.7876291415036254;0.46586358705752956;0.0;0.0;0.4155371415359574;37.152699379077255;108.17188528827073;103.30249609206379
11:08:04;Thermosyphone;449.9972693116317;342.76048395141703;1.4627310002524196;9.497746808107529;1.0194073305965923;0.042068394434394;0.04627820031761331;0.6055027249575579;0.994937720408119;59.98660691822181;1.003019477697886;0.0;4180.001663150503;0.8537545733256006;0.9548968032840555;35.22011941214061;308.2501130319853;37.47040188132259;310.9532561587524;64.07719070854274;337.1387565458094;78.50784394208591;351.2420069967285;0.8137040300459119;0.48817594240917866;0.0;0.00011772913456583962;0.4145141514251325;37.40748464026126;108.17529548821746;103.30014162295755
11:09:08;Thermosyphone;450.00390668185236;342.76048399002553;1.4483634552039182;9.49013138818383;0.9944483940554055;0.029669447968792676;0.047967253487001316;0.5997711291603126;0.9910401183505604;59.9976794986557;0.992396799615116;0.0;4180.00507087708;0.8517812523394875;0.9647215087449102;35.169362425659095;308.19691082415966;37.6323749032437;310.825007658245;63.93930897339319;337.3859640799723;78.30260618981592;351.19913049549297;0.7990524188852327;0.4845045688202601;0.00031374032560818393;0.0006573806921851928;0.4149105145339426;37.710930081358;108.18802846067773;103.29976402525668
11:11:02;Thermosyphone;449.9979583024434;342.76048399450235;1.4514335912808047;9.507871858824407;0.9914532092233722;0.0491050219505205;0.04063026605739535;0.5894221887485671;1.002059394620941;60.00130179469602;1.002975573030139;3.863127764437117e-06;4179.995875040348;0.8544299359289395;0.9509018273465081;35.245691308762964;308.2324506339663;37.67185661783079;310.7810702459297;64.11282620207017;337.34018624273483;78.16455833344838;351.2192163716641;0.801237446624716;0.4664018049319829;0.00022991624210801724;0.0;0.4118197519461275;37.67047015369279;108.18407422568305;103.2827853664147
11:11:54;Thermosyphone;449.9994656390075;342.7604839675882;1.4468949367958608;9.498488769465318;0.9757626626883045;0.04180476783074357;0.05664432023980077;0.5968810515148414;0.995055976305904;60.00181967258569;1.0035064406703988;3.978070909750965e-06;4180.000183966792;0.8431024234846616;0.9553873495402765;35.240338666366696;308.271472865873;37.580714012275294;310.6450499055423;64.04401387546956;336.98699668926855;78.10581040879808;350.9463174982435;0.7876649047238743;0.46023985385845295;0.0;0.0005538749109492154;0.4108522279352516;37.365988691906324;108.18247447145163;103.26316400493221
11:12:46;Thermosyphone;450.0074055980491;342.76048399972285;1.4433710167361817;9.49876200038773;1.0050025948014998;0.034170110429388;0.03562538752287106;0.6110261206087548;0.995847523568155;59.99590769987585;1.000159622417312;3.746548046666624e-06;4180.00263619752;0.8466677401364294;0.9668213334526574;35.301452222953266;308.2858551155818;37.70598992103548;310.6459805260078;64.76980264791867;337.0840010849115;77.95013787137464;351.0400945368501;0.8162689186152307;0.484202400754758;0.0;0.0002607425215050013;0.41333059276863765;37.63920075602256;108.16823504883477;103.24445072169536
11:13:35;Thermosyphone;450.0002273152894;342.76048398304334;1.4637008290424445;9.490500525019472;0.9826861313149086;0.03260606556130761;0.06348890646381451;0.5942684369284931;1.0234080888779122;60.00491484234385;0.9883557393575567;0.0;4180.002433724714;0.8382235607771522;0.983745786530316;35.251078947553296;308.2880899473944;37.80717981900755;310.77358861080455;63.913692539309615;337.1857179243904;78.05719860357475;351.3011811820061;0.8005671693599625;0.4659977757401914;5.373427413591538e-05;0.0;0.40823032917208524;37.566833931695264;108.15836268473616;103.22808523933438
11:14:44;Thermosyphone;450.0185875365676;342.7604839813051;1.4516746812977672;9.506887819993239;1.0106128561207286;0.03581261413440313;0.04857364061728424;0.6220692934915288;0.9989254848111278;59.99514678557709;1.0011991398387496;2.1076574608321248e-06;4179.989783581428;0.8475159719432976;0.9483363938128151;35.28482977318164;308.3332541353593;37.732226381294296;310.7846281902634;63.869740662976035;337.12469946988233;78.15593191051055;351.0108416111461;0.8145042065752013;0.46626363644738167;0.0;0.001698185882075737;0.40792912212006704;37.9268711867036;108.14772946542507;103.20896619167999
11:15:26;Thermosyphone;450.0082429349071;342.7604838971159;1.437170526871487;9.494339837063663;1.00036895040276;0.031067831455408864;0.04779133023446824;0.5881382683318945;0.9959872703272821;59.991532338513096;1.0024402130101373;2.113901831860035e-06;4180.014329300628;0.8434358145478373;0.9568200817674767;35.31013401955149;308.3024372747637;37.64846323758055;310.62179088669495;64.03548855236298;336.9682206199697;77.76122933425638;350.7957193893215;0.811610016306614;0.4785939089870279;0.0014593907379069648;0.0002653364330153464;0.4078411168271684;37.49311951085106;108.14824493114048;103.18984898735874
11:16:15;Thermosyphone;449.99820620871725;342.7604839942283;1.446229951009067;9.496738547443865;0.9952150732666369;0.01410010362541066;0.05502663526953067;0.5918862503364657;1.0130443942475857;59.988498757647406;0.9842040162027864;4.317913173598022e-06;4179.984149448842;0.8436382573062083;0.9659733671848587;35.32007083771646;308.2899238445474;37.6856340374003;310.79090311359613;64.13492786040891;337.16755993883606;78.46465941129296;350.7578745248873;0.7997832524670522;0.4693334550896621;0.001466066933340784;0.0008008160509829716;0.41130907505757025;37.55160529201273;108.13362030271193;103.16991713895374
11:17:26;Thermosyphone;450.00508219294295;342.76048399149215;1.46568377843539;9.507509155366344;1.0097526419473748;0.02376462555413494;0.042861640570032604;0.6019544198106754;1.0035542114521008;60.00957234863449;0.9899136444974547;4.625016243214457e-07;4180.022053537919;0.8569192197761079;0.9687056288410746;35.345035354688065;308.3627728763139;37.88377058534476;310.8352029964938;64.07027376566305;336.8658914958867;77.98981262916531;351.1972995988994;0.7924799662074181;0.4909812419854889;0.0;0.0;0.4094707578752372;38.06882190589821;108.1284108979855;103.15584106792608
11:18:06;Thermosyphone;450.00077497455743;342.76048396162713;1.4506375612666087;9.508356406687922;0.9996160269408891;0.0545129634214403;0.0479758355878932;0.5980206407252755;1.0127668154773355;59.99351383494387;0.9848023539415982;4.731127885406577e-06;4180.00414187876;0.8283480505242177;0.9604452932136919;35.35481469284489;308.40300145894696;37.59653567974985;310.76387588234064;63.65539304953426;336.78114053800687;77.72634713571901;350.74175576776173;0.789688026187279;0.4639341476335224;0.0;0.0;0.4080210238296484;37.56948206462217;108.11366647173982;103.13702581227963
11:19:05;Thermosyphone;449.99568024047494;342.76048398486773;1.4722774206159583;9.502398141078775;1.0047537832699467;0.01413960056123614;0.04346265510595472;0.5782899321599412;0.9957379567281749;60.00373310146343;0.9932570223290257;1.88553616772892e-06;4179.989772500249;0.8557580314754755;0.9444639066936621;35.376100990309524;308.39128939613084;37.75360484411124;310.8260209347358;64.08201652410823;336.8345812802393;77.74473563565672;350.47225305843676;0.8176893382445004;0.4763100170882463;0.0;0.0012871168182180509;0.410331585405262;37.720679645663395;108.1038081334023;103.11876189918777
11:20:50;Thermosyphone;449.98829228204636;342.76048403402916;1.4350227041361379;9.505671632573671;1.0045935509657016;0.06051010803122676;0.053251738318299276;0.5794156850883626;0.9916387901242927;60.000646669213054;1.0035556364360978;3.5660098285865846e-06;4179.980403242379;0.8467005031279994;0.9696986094610253;35.43373162899202;308.4419863107508;37.65434943787092;310.97840552147727;63.98897878431299;337.05226335104027;77.91426040055494;351.0833139597958;0.7921011568839839;0.46552750228985545;0.0012478200681821864;0.0;0.40706262288216727;37.59861173428964;108.0985534828123;103.11850406453146
11:21:42;Thermosyphone;450.0006850001191;342.760484008025;1.4555750707921125;9.492563701923457;1.0078661985351836;0.05872636963993299;0.04398757040193576;0.6123446285062797;1.0088926405927943;59.973467482819494;0.9923880590005358;0.0;4180.007817715507;0.8518848788103749;0.964743980894695;35.413900999079424;308.37971965965414;37.61266337760836;310.70693791641315;63.67125417069107;336.8298924743275;77.79496878749106;350.78053121315514;0.8090652459814306;0.48917110815941867;0.0019634545172695483;0.0006931132355089492;0.40682458935692034;37.8465493170988;108.10224484877695;103.13546118515669
11:22:51;Thermosyphone;450.01718518152165;342.76048406447757;1.456700882090464;9.503242704432981;1.004163588905215;0.03997454436799408;0.0561928876621379;0.5987882014919276;0.9980621659625186;60.01758982168987;1.0016471543990189;2.436328700363483e-07;4180.00882019277;0.8515033296244932;0.9629162225720926;35.39861129199265;308.3724663459741;37.6963767125827;310.7169992879183;63.73547865153357;336.65054441968283;77.91322221696663;351.0325725992781;0.8028042825225362;0.4789986612231059;0.0005285345533896386;0.0;0.404115663426619;37.698879157497544;108.10127109953719;103.15443552945712
11:23:32;Thermosyphone;450.0013344603462;342.76048398520277;1.4456626545660287;9.503295020150839;0.9979002179362898;0.051964831756964515;0.056655320669543346;0.6073467133384647;1.0032166662350606;59.99154822022772;0.9906437285787165;0.0;4180.028790124976;0.839205552108473;0.9579016816554452;35.39212645632295;308.39365819398074;37.6316736965452;310.6314279831242;63.531480555685135;336.61522107116394;77.7040706929041;350.75205684675484;0.7931281974110641;0.48215879245648396;0.0;0.0009082519497508575;0.4046985133432501;37.77934664594289;108.09512081675012;103.17363672700732
11:24:30;Thermosyphone;450.0040875808329;342.760484010763;1.4546141934425405;9.50217439116295;0.9961470356404721;0.05346109750341253;0.059342888546843546;0.6048249426079874;0.9881985958494666;59.989006943444195;0.993361384306183;0.0;4180.00448015669;0.8410346215135468;0.9717707407134357;35.400078537377254;308.35458989830886;37.64439408758105;310.5475669872468;63.57308986301665;336.75729382827024;77.59737926204858;350.79956599812675;0.7960589818511782;0.4740626564639869;0.0019075644813415405;0.0011838260662263744;0.402859484788768;37.984827322694436;108.09403080913769;103.18978124351582
11:25:36;Thermosyphone;449.97760446661914;342.7604840187464;1.4438136838344027;9.49855999875197;0.9981979678929711;0.05697204211704793;0.0418939655851642;0.599309848167533;1.0062701981558522;59.99748222508537;0.9917793267323456;0.0;4180.000935114858;0.8588405543390905;0.9505694765439652;35.39018769415456;308.4072858670304;37.68044358676662;310.8283246257838;63.697129461530174;336.7325253260109;77.54455711077156;350.9215674734709;0.7890489990720836;0.4916538385120757;0.00027588950813224757;0.0;0.40462201904735434;37.786479377567055;108.1028059565882;103.21069536028544
11:26:19;Thermosyphone;449.9929223729229;342.7604839802362;1.4465377407119908;9.492535584331689;1.0028450243761133;0.040152658128188315;0.0450864299276708;0.5926174418921758;1.0034788626951148;59.99498400987278;0.9895984325722692;0.0;4179.997355064019;0.8392995870690332;0.968271763562614;35.41848311896313;308.40092259697275;37.7153300166914;310.9116881808097;63.69477953262281;337.0004718654783;77.97579471028247;350.83745836883264;0.8044025342397697;0.4887345166796136;0.0;0.0;0.40506007120077037;37.46415513602441;108.10658574181582;103.22847786035285
11:27:17;Thermosyphone;450.00051095933907;342.76048405711987;1.4468863654322628;9.488398065396764;0.9940186407528786;0.037382025159297796;0.03993530759604471;0.6015386107357096;1.0013594494734275;59.991861428520124;1.0160305265244356;0.0;4179.987232771414;0.8537612003170845;0.9579251711575535;35.40912621952247;308.3860354862142;37.579112702621536;310.77447982014934;63.58459244237771;336.93863212848265;77.56670789222856;350.9438954370577;0.8058807534580494;0.4904059633230046;0.0011435495229835532;0.000764289736008272;0.4042442877203381;37.67408936416612;108.09903585310342;103.24292069659215
11:28:12;Thermosyphone;449.9932623408651;342.7604840130963;1.461623465785806;9.486479062954047;0.9898616063400645;0.03650653664249198;0.044823993443680564;0.601670201841355;0.988445762333876;60.00047178332155;0.9831151445818601;0.0;4180.007166636396;0.8369468651088392;0.9544008229239968;35.36903439376152;308.3682146536446;37.6533389766183;310.8020203212157;63.86588466880711;336.9258885890051;77.58857612395761;350.92502790544;0.8111655421800706;0.4841129798187663;0.0;0.0009925483558345474;0.40530287225451095;37.90791591459553;108.10651888399245;103.26491925899639
11:29:10;Thermosyphone;449.9890981351508;342.7604839636821;1.45585379015335;9.483305423060964;0.9940704618700953;0.04867337394201239;0.0433484458198022;0.6053319101865577;0.9864874910344013;59.99506358982814;1.0102344042941733;7.581007461534896e-07;4180.002902825272;0.8670472383159462;0.9729680350248794;35.380843011422144;308.42973293525716;37.62802444965639;310.84794221863507;63.70256833963659;337.0311553602658;77.41151382729377;350.85087724004916;0.8052401487957968;0.4881151327283789;0.0;0.0009777457893011367;0.40061565715879466;38.00988561223808;108.10129679965567;103.27987973809375
11:30:56;Thermosyphone;450.0017930459378;342.76048398840044;1.4489860889396848;9.497598070431769;0.985578429868057;0.05690719464084124;0.03871721194931962;0.5933871689599329;1.0114489904805857;60.005850308456054;1.0072024537132227;5.514384780724543e-06;4179.996878572643;0.8395350507596119;0.9684426796924078;35.481032924073084;308.46989781855103;37.56103453905355;311.0040553868088;63.77903526325121;336.59994229102733;77.7972854264538;350.5408310268911;0.795173695586796;0.4687669054930943;0.0;0.0;0.3995960899815213;37.9746275250963;108.10108455962532;103.30087049190374
11:31:55;Thermosyphone;449.99627297495414;342.7604840026058;1.461730154978376;9.517067385725989;1.0089907825338205;0.053815511554204165;0.06018964724458728;0.6105726541747339;0.9821532983408106;60.008808591942234;1.002129248467188;1.9711034169139053e-07;4179.994727448617;0.8457472592171935;0.9641618073882703;35.54562396115121;308.52075411288763;37.74369712494569;310.80258876661406;63.50311767090652;336.87992057798306;77.64893199570874;350.7384800789458;0.7923083496358485;0.48281298848657517;0.0;0.0;0.3986291122612929;37.837886307393106;108.10149158326729;103.29854664856065
11:32:46;Thermosyphone;449.99175997275387;342.7604840889643;1.4469385963786336;9.492098744597124;1.0019400337485365;0.03097619032837555;0.05827631230604216;0.6180141634675678;0.996123801958904;60.00172771041215;0.9948224033371651;0.0;4180.014317344185;0.8589424619770669;0.9509577506649611;35.62468298509741;308.658035292776;37.7841714868415;310.8001528742109;63.65654758047131;336.6611604968226;77.84921326961835;350.85571873476226;0.7776503797121953;0.4892620305627737;0.0002430680633023637;0.0010508963759947134;0.3992023456705418;37.94506968063404;108.104106160204;103.30053691306414
11:33:39;Thermosyphone;450.0321439097191;342.76048399448814;1.4580404824977842;9.517340287011738;0.9919499229847151;0.029590026985147712;0.03567934199417496;0.6053366245934534;1.0062563074474693;60.007414876465546;0.986464399199533;3.6570604167271563e-06;4180.011972658814;0.8490268867534231;0.9603256646595604;35.669305423430025;308.71737398472595;37.81146572713472;310.7593057111188;63.59779221031271;336.5725776574129;77.9337123181853;351.0652171571046;0.7990118500919197;0.4829679922941033;0.0;0.0008359802550656939;0.39806457547064467;37.970090722172934;108.10410632062688;103.29895260926516
11:34:39;Thermosyphone;450.00124075309515;342.7604840009194;1.4619090806836308;9.487529744175331;1.0059410617756108;0.0406150945870525;0.06036276962604935;0.5978319296870468;0.9963668255321799;60.00369638152657;0.9994063220747583;0.0;4179.998060422702;0.8626763001985418;0.959068962741333;35.699164585763285;308.8025157958376;37.528625772470924;310.6474108882754;63.60839023788994;336.78963550000805;77.91306270876153;350.8593383616036;0.7984950037986481;0.4660126674815682;0.00027875549156749005;0.0;0.3979989514142705;38.03175435794247;108.09353284545874;103.29927658389546
11:35:32;Thermosyphone;450.01548967883593;342.760483950949;1.4597478095843155;9.487640506252845;0.9865474199809162;0.05596073831064355;0.05668182235849736;0.5919580570267114;1.002190276688299;60.00641946336264;1.0018129265639184;8.170561515956988e-06;4180.006057791411;0.8200701837957115;0.9570980023743291;35.76572595269685;308.85903063535693;37.75612078905304;310.82837021170474;63.40774854278844;336.97108518506747;78.03659276344571;350.9545201822045;0.8067964965343405;0.48675180566507226;0.001608968830776907;0.0;0.39894267016617857;37.90215343013332;108.10425238669083;103.29973355016593
11:36:08;Thermosyphone;450.00035353973686;342.76048394181026;1.454177130740559;9.499418083697948;0.9959869498418991;0.02513080114701445;0.03884271092781322;0.5915540940066751;0.9975189138897754;60.012884997799134;1.0070908543037425;0.0;4180.012738777054;0.836319375128986;0.9668502131706398;35.84162613384261;308.9462407830529;37.83832812603521;310.83413493644645;63.707982302347084;336.7211555200228;78.42320342827516;351.07613511721166;0.8126917483653135;0.48647090425995687;0.0;0.001325818662556783;0.3953121636923736;37.62845172620734;108.10314154826251;103.30147998806541
11:37:16;Thermosyphone;449.99738980688073;342.7604840516512;1.4634673057378564;9.493441340762722;1.0073153297963597;0.02756708370279798;0.04441032062302149;0.5894886996779908;0.9779998261996163;59.98822707452545;1.0122232790308006;0.0;4179.9944996797;0.8383902631667904;0.9686560721662407;35.909117070144994;309.0292534574253;37.760363295709375;310.785732367241;63.390120160593895;336.84589636239394;78.02585759109296;351.32808750892127;0.7683740412949231;0.49110108735688535;0.0;0.002117277378887728;0.395629116884293;38.096305692608624;108.10243123175512;103.29878744349114
11:38:16;Thermosyphone;449.99354784091145;342.7604840420436;1.4642806875673486;9.50495636646626;0.9927580582127693;0.037894288314112665;0.05299911608359689;0.5796665725945619;0.9944825070353381;60.00938073503892;0.9873181922758363;4.650055525500261e-06;4179.993716848119;0.8532325734304048;0.9485233615029177;35.983309648078574;309.10589409096275;37.91475913644878;311.0902267505508;63.74798900329071;336.7216342554135;77.86650781470318;351.4831723978748;0.7869586526419405;0.47561290169664255;0.0009358303436259487;0.00043221185777935585;0.3985130724781814;38.126498917507476;108.09377787923857;103.29961889904706
11:39:06;Thermosyphone;449.99649390972564;342.7604840460666;1.4538724988852028;9.485641527000562;1.0046678946561838;0.028523147831010474;0.06699892339660947;0.60270094204767;0.9859671560034994;60.01079391826829;1.0236924654815827;0.0;4180.00903073509;0.8548402758033952;0.9617568029694848;36.043864448182354;309.1838246397353;37.70983654981709;311.10597652737783;63.290349231017544;336.99883507557837;78.42503780501016;351.07837902169257;0.7999459986899953;0.49419858987144316;0.0;0.0;0.39462630532256504;38.38650998276313;108.09776276854095;103.29998639626122
11:40:57;Thermosyphone;449.99792398287974;342.7604839717417;1.44293313897718;9.484817435613943;0.9882019574972144;0.022794504460128852;0.04273123212077696;0.6030021480525856;1.0005409536881569;59.99173366918835;0.9898198104461708;0.0;4179.986121019773;0.8376412242225025;0.967143615737723;36.05113116037216;309.2322088423746;37.72769574812812;311.2340378870874;63.196634729043964;336.6826338980441;78.04801094589025;351.1179657242002;0.8031521295429215;0.48155584617274516;0.0;0.0004153735412239464;0.395167029283563;38.531799384254036;108.10684525248726;103.30203586072999
11:41:47;Thermosyphone;449.9802398764897;342.7604840170606;1.4555327229323662;9.491176490440637;1.0093324034385087;0.035283717157367486;0.06016885607700249;0.5991729887238649;1.007503217358087;60.0067947776115;1.0047316791551453;0.0;4180.009197129772;0.8502176172502771;0.980022607736458;36.07409402605928;309.2305824226173;37.71051748500956;310.90248672345695;63.51632835595679;336.4523951015236;77.80400842051766;351.14831000079465;0.799221288010706;0.48202074886828616;0.001418271246283664;0.0;0.3954730822147695;38.33602509880284;108.11746754818418;103.30035591603382
11:42:31;Thermosyphone;450.00066356864505;342.7604839791835;1.4470502396077376;9.481130085826278;0.9955710890903294;0.021225639281269276;0.05870123159361614;0.5976069268071695;0.9831792822387583;59.993264751252696;1.0075495375199384;0.0;4179.9971878219385;0.8463081678582935;0.9587172389538943;36.00831916142822;309.19442893571176;37.73471042229582;311.2955537083644;63.46403899115373;336.5730794582088;78.10817469508433;351.04871715510933;0.8025334219074776;0.47125884033462206;0.0019745117635730823;0.0;0.39479269055479677;38.66162456613734;108.12615166864099;103.29999979363738
11:43:41;Thermosyphone;450.00682681913463;342.7604839644469;1.4581634572992135;9.490546309644172;0.9925462979391544;0.033516088234159414;0.06215977850072284;0.61596577334121;1.0260545259387965;59.999434495816196;0.9915859311816393;0.0;4180.01607480789;0.8346162180084484;0.9568303144151679;36.01490575694441;309.216754137702;37.681451936678116;311.07888026406744;63.72172602567669;336.6218451527536;77.92155430264448;350.70476229563513;0.7991179218817388;0.47784972944561704;0.0;0.0004047519737175714;0.3945835954373679;38.2040028007588;108.13116423273084;103.29896259368468
11:44:29;Thermosyphone;449.99693634104096;342.7604839687512;1.4462700536925301;9.503065132438008;0.9952475196093705;0.03893199396622594;0.04770320131053608;0.6045720031010592;0.9984572511801689;60.008615394691475;1.0010299852806452;3.232313501746685e-06;4180.01247082225;0.8353952454363842;0.9692199512141597;36.0480408260143;309.13714980889154;37.79627154225817;310.9082117726714;63.57442351767711;336.7377873084067;77.62296622186676;351.1356665646296;0.791433191883124;0.4786168104630103;0.0012995489493860275;0.001903470587674313;0.3929744632537799;38.75843300099832;108.1462646461552;103.29780907403166
11:45:21;Thermosyphone;449.9879522923246;342.76048398358455;1.4521807433584601;9.500279487937554;1.012776939313762;0.04422476180472562;0.07653062656060874;0.5975657205834356;1.00789252921362;60.00414411694695;1.0150656669257863;0.0;4180.008452578464;0.8662907275714935;0.9527918715371648;35.989273344459235;309.1522866783527;37.74913646619387;310.8476078420873;63.80941002176215;336.6112294622491;77.97190321847025;350.7114981306924;0.7979291108245394;0.48797139146307195;0.0;0.0;0.39245638257527343;38.74296295882184;108.15209310382606;103.30012193162584
11:46:08;Thermosyphone;449.99441877724263;342.7604839941192;1.4512222079453851;9.490064133818333;0.9911649542023194;0.040705208907463736;0.06487059525606853;0.5860157365946733;0.9972373979005941;60.00977049602686;1.0033445785491717;0.0;4179.995492873965;0.850132618852838;0.9589893588321958;35.92495890500485;309.1065785825264;37.571923484895805;311.10103680089355;63.638883128576545;336.5169268638154;77.7109376872122;351.16176530003;0.7937692353894129;0.49299275106906887;0.0004602351455471489;0.0;0.3916430727043508;38.66659972308051;108.16218246240176;103.29679376075386
11:47:19;Thermosyphone;449.9967826870517;342.7604840149781;1.4521563527368149;9.529982727434595;0.983427153641899;0.0306694054531276;0.05705205443151864;0.6235846774095014;0.9900758130022034;60.01829214895003;0.9908297059062436;4.702369778798185e-06;4180.000753945489;0.8722999854052078;0.9778198526738187;35.940394438839036;309.17077742451784;37.668488052545015;310.9133104630879;63.80521813618029;336.5259506937235;77.3553530481339;350.64663404623957;0.804524866714997;0.4838718231019798;0.0;0.00019185714463919169;0.39434677022089093;39.14166120146374;108.1739354211634;103.29826522405904
11:48:11;Thermosyphone;449.99379406427454;342.7604840430197;1.439594400033714;9.505597331386976;0.9893460369764769;0.05272057123705748;0.05771162123736632;0.6021933114193041;1.0050493871181438;59.996631199212196;1.00675777292475;0.0;4180.007312040068;0.8505857627564782;0.9351880851469466;35.925141583654124;309.12059958155055;37.96992828954927;310.9622308856119;63.47872245862729;336.59340193900346;77.49721763733078;350.6377883389687;0.7902090816102858;0.48661650144529184;0.001565280943645239;0.0;0.3928095773704356;39.024859379419176;108.18447905324751;103.29941776045834
11:49:02;Thermosyphone;449.9953611465201;342.76048401256423;1.4606398161519047;9.499805824561237;0.9863577604457426;0.02910013188080876;0.05636824033531489;0.5877891178689127;1.0022635703799712;59.99639202378299;0.9939777149388127;9.706914265929975e-08;4180.016763520912;0.8528881658206686;0.9570433427337431;35.88599257193893;309.0797383607265;37.93297948968321;311.02105508792124;63.696841485644015;336.73046139449076;77.05239572550764;350.43268279921716;0.8052486798343587;0.4872101152546834;0.0;0.0;0.3935467284210597;39.26087498729134;108.19460995597339;103.3008948410792
11:50:56;Thermosyphone;449.98974718633207;342.76048396409266;1.4554300784541332;9.510415833830757;1.0039535342348165;0.04561095935316603;0.034984440879492;0.5853834624349362;1.0111988382653498;59.999653615716056;0.9868631212103566;3.2073472164888777e-06;4180.002580361614;0.8795146427450774;0.9725000044733161;35.99848350432101;309.13749992823193;37.83626645847864;310.9470819418922;63.23891421061847;336.7884065336922;77.28666553052018;349.882222543912;0.7936447677486497;0.4717125816089237;0.001245334521192217;0.0;0.39504764797730246;38.88708382891891;108.18694850040255;103.3105683235282
11:51:45;Thermosyphone;449.98941367608376;342.76048398282285;1.4487503822782137;9.50539327847292;1.0111816761115684;0.02413080768868653;0.04709223505806535;0.6001424387974271;1.0008219363457393;60.00833255569661;1.0011984710614756;0.0;4179.988881064791;0.8317529072863966;0.9562888807756146;36.08213299921779;309.25261309416663;37.77398775162335;311.24002495787056;63.450724744518595;336.5320361504823;77.34238031607205;350.2451045020128;0.8020890804134095;0.45935903145015056;0.0008583665196999126;6.497307178434828e-05;0.3927629497172565;39.31137157949167;108.1771287494881;103.31693765828066
11:52:53;Thermosyphone;450.0049459758048;342.7604839805205;1.4605594305456784;9.504077109007023;1.0195448446335573;0.05110350885866972;0.05411168693977622;0.5955081475790355;1.0178368991513664;59.99898451347889;0.9912948807769824;0.0;4179.99137603462;0.8463591475583295;0.9676540148311631;36.192677942749505;309.3486964048944;37.8451690084496;311.0745465251904;63.82688210913383;336.7491335974761;77.60243573132759;350.18262773937806;0.7925820104935348;0.4724888504432178;0.0;7.179364420877984e-05;0.39453929162875695;39.27053387742354;108.17344680854612;103.32609027157744
11:53:35;Thermosyphone;450.0028530984252;342.76048396100026;1.468088955310943;9.480812408068328;1.003222340880863;0.035085182272968723;0.06489144745045752;0.607618450919294;0.9791584085867803;59.97577603393018;0.9899864358941295;0.0;4179.998109930593;0.8503024540836427;0.9667359601811417;36.23379310370142;309.3730144702904;37.86589833986013;310.94413355892016;63.4098207879691;336.4689161978691;77.31375547095423;350.7675013630588;0.7837672970486684;0.46774469551600406;0.0008145750039971162;0.0015273147894180011;0.391723967586384;39.22258059671866;108.15626908445702;103.33672436276858
11:54:25;Thermosyphone;450.02175578925636;342.76048407637046;1.4586116379321374;9.50485461701597;0.9988208725754878;0.05141795661244426;0.04996929522271866;0.600633567526043;1.0136040326230435;60.00626182519761;1.0213098128391707;0.0;4179.994444175819;0.8409609398489211;0.9684177916932584;36.34376181959385;309.5181345863436;37.70869817794776;310.9844178660468;63.79687975264055;336.8356874172565;77.03802654980713;350.59854144230115;0.8082635292091412;0.4750659259427274;0.0;0.000645054711189538;0.39205441140403974;39.66002695463259;108.15396357585783;103.34868209185278
11:55:21;Thermosyphone;449.9950400126265;342.7604840167928;1.463666042636581;9.486212863692295;1.0129731271377018;0.02541881555180952;0.05006399600046155;0.5969297336942864;0.992923751890582;60.011332504296206;0.9765294721572696;0.0;4179.990972361491;0.8587489740681333;0.9755042131601357;36.46239647335989;309.62693338510894;37.59430158029235;311.0236845377575;63.15741932771298;336.47760578977005;77.46295937233114;350.5854991421676;0.8137575379677454;0.4602136465967087;0.0;0.0;0.3890053425889883;39.83746047645648;108.14612613463673;103.35670061851718
11:56:28;Thermosyphone;450.0006815024694;342.7604839683764;1.4662665429310113;9.493083969344054;0.9880057618457374;0.028495898903391277;0.051218571124674046;0.6126552984645124;1.0005260881697828;60.01224428532291;1.000913420675159;0.0;4180.027211737391;0.8682104452991573;0.9619690697977147;36.518182397382525;309.65006253708714;37.91058997978748;310.98374481889147;63.451568397801054;336.57726450835145;77.53438870752255;350.813585444017;0.8031421987538967;0.4727655596715409;0.0;0.0005682109684882399;0.38976603499346063;39.873497044354465;108.13899299511716;103.36357560603821
11:57:11;Thermosyphone;449.98223661269486;342.7604839633424;1.4400893250843;9.50026671092337;0.9955771246284113;0.030793384629697475;0.05872605470908274;0.6012932788545355;1.0004758692856552;60.00558116780482;1.0103645244614023;0.0;4180.0070667984655;0.8319106320069545;0.9520561645896262;36.64938541318192;309.7928673060725;37.95049330098142;311.04402883548613;63.59309035334423;336.24442070896134;77.43506237290178;350.6495744787209;0.820352851581382;0.49026549906175265;0.0013183838914357059;0.0;0.3950763553890986;39.917342179733026;108.12356933801793;103.37597447117068
11:58:02;Thermosyphone;449.9913130024791;342.76048399236817;1.446544427622177;9.505272111962839;1.0027676268596732;0.04113508316802327;0.06893806831690438;0.5836603083262978;1.01366385768267;59.99175348170425;1.0146216390298581;6.926896886305186e-06;4180.023015530388;0.8480948571677961;0.9483674053080321;36.72534613027478;309.86697777701585;37.675587760402976;311.1178673668465;63.180593095190545;336.7298098899622;77.70390808914853;350.62578494609113;0.8003616436196949;0.47757432760742174;0.0;0.003019058466770605;0.38963853902928763;39.92874590887308;108.12183199811018;103.38128605643614
11:59:01;Thermosyphone;449.9867089895259;342.7604840388778;1.463468654949357;9.504699336138938;0.9849120412470547;0.04503582838678804;0.05285304407212512;0.5966193622410495;0.9862325920402603;59.9994331739174;0.9912915792861952;2.9098707001779563e-07;4180.000633400633;0.846618417361889;0.9688202346323588;36.8076478803079;309.9710275694789;37.93985671508912;311.15885222013475;63.15542503249242;336.4098859396767;77.73237131605458;350.7417345307162;0.8112580525282127;0.4874524279586667;0.0;0.0008579882082930635;0.3905838036228457;40.191709214600365;108.1159156874456;103.39242042607555
12:01:08;Thermosyphone;449.9844841806489;342.7604836184786;1.4536851791237462;9.495997094585672;1.0037244803952714;0.03631891457119803;0.061061074247650345;0.6098476048490945;1.0041347341110958;59.98987786712407;1.0054737377912577;2.451555272341379e-06;4180.003538854303;0.8503000709180896;0.9740033487303431;36.824382976447694;309.9780906235128;37.98712775812323;311.1211865787451;63.50757561690085;336.4656884186546;77.35030368003952;350.5144181938804;0.7956732728490918;0.4879242516588235;0.0010058556550190626;0.0;0.39153940745004084;40.15607549180749;108.1143452241285;103.3939422642402
12:01:50;Thermosyphone;450.0082741522565;342.7604833564661;1.450537430961195;9.496032098067094;1.01489015659129;0.026923290253196966;0.05073965696291351;0.6004621508676411;1.0097018103768043;60.004053908928114;0.9908682013232358;3.534852292308586e-06;4180.0084514941245;0.8394899590378757;0.9531219680580751;36.76123977895975;309.89679716421824;38.042733969502436;311.0302964288435;63.380368217218546;336.4020742537108;77.50961331014848;351.0035803675117;0.8074828825703639;0.4638260279206844;0.0;0.0006193428739558347;0.3896590735940967;40.1398396635013;108.13319566737691;103.37997528908565
12:02:44;Thermosyphone;449.99619728091506;342.7604829462839;1.4556815455986518;9.490348288619739;1.0069380550109628;0.05346147316118024;0.04264263085701564;0.5829742409562176;0.995210339520108;59.98650090186511;1.01641617773092;0.0;4179.9967230514185;0.8647352165045121;0.9687121252782124;36.697868776495405;309.8414243054039;37.90603999220838;311.0491776959915;63.74353765718944;336.6147978075123;77.32566821362998;350.9031343756037;0.8103653289218081;0.4777320397179426;0.0009802870669085057;4.9935720214267784e-05;0.38831280074029584;40.30270445718121;108.15033123335601;103.37184927191262
12:03:32;Thermosyphone;450.00332844873174;342.76048255153665;1.4431518314210154;9.490801449776187;0.9999730795175351;0.04464367923966411;0.05072241157438458;0.577932054766296;1.0128690495131163;60.017723116893364;1.0158379268645312;1.9782302512944004e-06;4180.006719858863;0.8434580766116868;0.9618857866835903;36.620753311145315;309.79820156442884;37.769108182969596;311.15482462251896;63.49468776065993;336.834045381382;77.59704933340774;350.62953204004737;0.8084332597371745;0.4682659529932484;0.0;0.0;0.39135911676862406;40.376493028753856;108.17372136780465;103.36436388913722
12:04:18;Thermosyphone;449.99073681847284;342.76048218559913;1.4664733839957085;9.505725877615355;1.0131076616805987;0.037783761279893045;0.05100680452985683;0.5950020100039597;0.9956432774637007;59.991695631482145;0.9945671940656804;0.0;4179.993484459404;0.8502657489683447;0.9418136588675513;36.59116739591074;309.7358217619909;37.99765750229935;311.0412314401159;63.53238193824746;336.93402829982665;77.52626960355852;351.0681054464233;0.7859388231025233;0.4775263517426948;0.0;0.0;0.3886497221552418;40.37186331175256;108.19379118520736;103.35296170958284
12:05:30;Thermosyphone;449.9855911224495;342.76048180495576;1.4695467186865045;9.504620427891634;1.0027228033549216;0.04630105928122933;0.05575975014837987;0.6062800564330247;1.0140366303600117;59.9896154563758;0.9992926076524964;2.316955362200782e-06;4180.007496422853;0.8555805791065698;0.9730653657942065;36.50723640604007;309.6377309605306;38.10339815434413;311.10445150914944;63.58918653745259;336.8378552741095;77.4663433306419;350.87960147204745;0.8089016655864719;0.48311732846821487;0.0006866860142776344;3.1773549511882655e-05;0.3914742651181453;40.085199732237534;108.20479010762489;103.34539926080834
12:06:19;Thermosyphone;449.9904948445082;342.76048147476547;1.4465647881739023;9.50217361269793;1.0012428970989642;0.040576969660145734;0.041708152023693046;0.5980683441685176;1.012269369409447;60.00543523344738;1.0096283871397933;0.0;4179.9829771689865;0.8453353182461782;0.958493220597734;36.482979942436245;309.63017355866805;38.0133377141671;311.01343378257434;63.767139567565465;336.85126788701336;77.491798995435;350.4606157699371;0.8046390465279332;0.4797015723882633;0.0010212401604762008;0.0;0.38774160290468934;41.30517385973804;108.22403275407358;103.33676180067071
12:07:18;Thermosyphone;449.9901781446198;342.76048114725427;1.4556924238499775;9.50149480040671;1.0181838633498002;0.03208979076717244;0.04512359022206336;0.5965448720146865;0.9862735358134412;60.00275839468484;1.0047305391760553;6.665069952161462e-07;4180.006558303518;0.8586565407737394;0.9633870280751079;36.38563424603483;309.56844274837937;37.891226672095456;311.28608292122215;63.776515168091116;337.0882082662399;77.86155146578918;350.26279030126506;0.7980773962110635;0.4759605163848159;0.002167691569534962;0.0;0.39393477402818083;40.39013751271315;108.24674127739316;103.32673788434646
12:08:13;Thermosyphone;449.9943485630413;342.76048071256247;1.4381203446258373;9.501081736714134;0.9850207798271495;0.026903310490429842;0.050868700772973084;0.5987865084036699;1.0102708993322638;59.98646870399198;1.0042101202858296;1.172532455040005e-06;4179.996976288181;0.8419636454618932;0.9592090758953703;36.34658546557616;309.4688404737118;38.080940664797055;311.09978619178395;64.16391482453062;337.02725235727394;77.48605566698309;350.37338290583017;0.7857284820960794;0.4838129026327406;0.0;0.0002740817883459591;0.38812069719880155;40.72582641114879;108.26134018257578;103.31859052676472
12:09:04;Thermosyphone;450.01864651597657;342.760480341195;1.4675367226014107;9.489455070409885;0.995346678226296;0.031584561296909994;0.06259637231862847;0.6043698942638709;1.0013717316709903;60.00234454961948;0.989156316483352;5.100652077991803e-06;4180.013895288824;0.8496570022474138;0.9601326067610686;36.27781824700668;309.4096824747799;37.9674910464919;311.0832573854636;63.87796884659359;337.0059930776483;77.64266188465255;350.59900905225896;0.795716354799724;0.47373177594122695;0.0;0.0015202735956905146;0.3899158018885881;40.99268999347812;108.27986732283397;103.31110843342088
12:10:55;Thermosyphone;450.0145263648837;342.7604799995638;1.4559019776617914;9.494720454755015;1.0007748692204363;0.042249840971605515;0.06492696471934471;0.615397129166483;1.0008994684204626;60.01219038429022;0.972823486418183;0.0;4180.002497114029;0.8588712163872942;0.9642310091532783;36.216957205687606;309.3577700313554;37.92461964642818;311.3906864194045;64.1712772595114;337.3526028550274;77.56557734397555;350.6158227020235;0.8055469417989555;0.47975378551046777;0.0;0.0;0.38767880150405415;40.94273542618869;108.28092575051943;103.28899094594232
12:11:52;Thermosyphone;450.00838550754804;342.7604799749018;1.4380743256351056;9.503935795273051;1.0023843245888764;0.04020507037263192;0.036655719092857406;0.5808225953855558;1.0171155936398495;59.997835920394735;1.0050439915079936;0.0;4180.004135401053;0.8372173402330143;0.9555429057326631;36.20675256172346;309.36183652444237;37.95341753654115;310.9750208716046;63.88577467195624;336.99362098319796;77.41018258959733;350.7529617367295;0.7998865931651432;0.47163026483861326;0.0025543915064288342;0.0006998362698988988;0.39040111670497174;41.255492581467216;108.26692621961922;103.28287813642895
12:12:37;Thermosyphone;449.99317790068244;342.7604800950788;1.452236448186464;9.504868612003149;0.997853983799124;0.04831397181400999;0.04005414687844044;0.5899470760365384;1.0113434061023936;60.001985324299376;0.9752237912356074;8.512891086160758e-08;4179.998180322934;0.8571066823387913;0.9632105410647881;36.26202154164813;309.4065187292959;38.08852651604068;311.06970350971557;63.80787960078463;336.95156376030644;77.44546241039116;350.98516806555745;0.8107758392832495;0.48613995411968147;0.0;0.0;0.3876461896694852;41.73972792084549;108.24739336690106;103.27513482993442
12:13:32;Thermosyphone;449.9977436396561;342.7604799588834;1.4421762071892406;9.498447401611367;0.9966429401127889;0.034871830142563544;0.034652762178357464;0.6019676979167529;0.9971613035800567;60.009148655091685;1.0055050252112314;0.0;4180.003956918759;0.8440113176817234;0.9753250570646804;36.27208084484195;309.4113675732097;38.0251672506859;311.047141847129;64.1424320971963;337.4350715089472;77.43797394203744;350.8584646228747;0.7988959533266158;0.4740572301111203;0.0015457799114066357;0.0012155306581228195;0.38779173752892265;42.131776837150355;108.22739337553995;103.26330144235374
12:14:34;Thermosyphone;449.9925396710099;342.7604800473933;1.4625149874901928;9.496450540157381;0.9981448129455116;0.03092227859687085;0.05262509347480612;0.5870636204601428;1.0000316994463943;59.9948279458542;1.005670558451908;3.7905259203979144e-06;4180.007869380921;0.8487742942354802;0.9529037621614772;36.284362271476425;309.44053383982805;38.14798922719722;311.17444004649354;63.74579058248125;337.0883695607461;78.06685729718723;351.310837441538;0.8079319978199868;0.4700973609937491;0.001788344514363923;0.0;0.38674846414924546;42.027086550869825;108.20400913390793;103.25565539733965
12:15:26;Thermosyphone;450.003991228696;342.7604799731442;1.4648128985822608;9.505131236157952;0.9963667160080751;0.049452812793881265;0.02339713924853371;0.6036231151166483;0.9989246233332902;59.99205001124307;1.0017720943273505;1.817154628431573e-06;4179.992630376167;0.8488047349497805;0.9595858009087854;36.31767454406796;309.4867680079263;38.054814812284306;311.41315315073587;63.67072462161202;337.09168759950444;77.56711121659092;351.04495415105134;0.8072225427622829;0.5002296925347347;6.266308036858075e-05;0.0;0.3895409103360929;42.16240247893261;108.1912711294122;103.2467241755653
12:16:28;Thermosyphone;449.9826787093879;342.76048000168123;1.456184667882872;9.489304300169776;0.9837610029692267;0.039331538089104265;0.045362678295629844;0.5927530190765501;0.9986263169741334;59.99648975816199;1.0001759542526647;5.732830462719622e-06;4179.999698710014;0.8688037027139411;0.9724409866934925;36.348411838856045;309.4608370383474;38.092944637398446;311.16967691882456;63.94293709928564;337.0114057115823;78.0262900758994;351.15081979191933;0.8016784696765274;0.47643091059790366;0.0;0.0;0.38885332664502775;42.332350769154495;108.17250628661765;103.2375651386371
12:17:19;Thermosyphone;449.9852519215933;342.76047999737733;1.447635679048098;9.499458168417567;1.003902711467386;0.045094148386522044;0.06663784596276787;0.5949918311458228;0.99705056436294;60.005740279926144;1.0096198605395923;0.0;4180.006867171469;0.8566547895494067;0.9584964334543316;36.33931321794438;309.51198371596325;38.1954278791044;311.3423315774449;63.73100093690057;336.71377866714107;77.99188730714788;351.10947688557053;0.8045814820321353;0.4723548702783283;0.0008058089478175386;0.00039913162288498816;0.38627147342062146;42.75313577519876;108.15328298073364;103.22630845130263
12:18:12;Thermosyphone;449.99985287239167;342.760479970482;1.4625500174543882;9.49990845288122;0.9924178671645091;0.022460341509811667;0.05426417378959756;0.6009902380238715;1.0011938279134078;60.01376824475898;0.9750938516777636;4.614530563064943e-06;4180.013637989612;0.8401992410334664;0.9701467472688515;36.34589719719174;309.49011652884815;38.15177440504355;311.52744776254883;63.8974219158115;336.9947797695838;78.23481596477396;351.1088034705981;0.8149751456587814;0.495706205956302;0.0005449238978138358;0.0;0.38908882183984617;42.838075663392075;108.13873333663739;103.21975541870691
12:19:08;Thermosyphone;449.990974624669;342.7604800486062;1.4591413538336797;9.50324157457726;1.0061509503238648;0.043117329900221324;0.057479483282893075;0.6019745867587462;0.9982241053788943;59.994498169157566;0.9948867466336293;0.0;4180.009894389972;0.8466310699256581;0.9588892290977038;36.37961024316561;309.54386269871827;38.257740511377214;311.56280261691626;63.5829987570368;336.9296983609286;78.24123298455892;350.97796811637494;0.8174134047223948;0.47883891601718287;0.0;0.0009459235581753215;0.38351199135374586;43.03142621816767;108.11453153766914;103.20907026511435
12:20:56;Thermosyphone;450.00792532116964;342.76048001341525;1.4772125170156873;9.500619771596298;0.996580723752501;0.05226118375530033;0.049346962734889185;0.6041821438071088;0.9606272540705153;60.00453243159382;0.9992523223010565;0.0;4179.993436538361;0.8590315137138389;0.9395833172896711;36.47789176313813;309.5851288735144;38.270534803496645;311.5995917538367;64.11000491425499;337.0625438606512;78.50614867327509;351.16876932533927;0.8060006543184504;0.4919810096527079;0.0006791906661190215;0.0;0.38712970124995033;43.258320424961376;108.0972674920196;103.20588992671314
12:21:41;Thermosyphone;449.9949926615046;342.76048003670945;1.4838801741038665;9.508567895485493;0.9921174106708858;0.03578962479794977;0.06082186997367832;0.606137905827502;1.00390917126375;60.00238092325534;1.0119929200771902;8.12935425118518e-06;4180.000096024012;0.85158779776755;0.9650441929595763;36.4080849137751;309.51871422937904;38.312305513313106;311.3187262551906;64.54954743875413;337.5080709851468;78.71040844142428;351.429421099012;0.8113119081039643;0.4636836897202865;0.0011904570461238801;0.0;0.38816350038381164;43.29527153467478;108.10251254787791;103.2188777256712
12:22:45;Thermosyphone;450.0044267898505;342.7604800548067;1.4507356401442717;9.514034121631209;0.9964588161589618;0.05206949398020405;0.07339720148480522;0.5920167815620018;0.9784396719099561;60.00163725767231;0.9930831046488018;0.0;4179.996707364716;0.8446621150278472;0.974310037397396;36.45185954430183;309.6034230860275;38.55230787626133;311.341647954604;64.16939149582659;338.08253349254494;78.60038470361818;351.69435477890664;0.78197085235885;0.46648304418623354;0.0008784374649597204;0.0;0.38288351388146;43.26591436946949;108.10386246000625;103.22904307442016
12:23:39;Thermosyphone;450.0283399697724;342.7604800334862;1.47445127610214;9.5133329364799;1.0083123830785787;0.026607982851847553;0.03399640479083105;0.5925865034814956;1.0025835712948528;60.000010809661255;1.0037470444680434;0.0;4180.0047776140445;0.8598754879468951;0.9600794969256758;36.430071930590174;309.52722497686597;38.41112891309227;311.36862056537393;64.70106000528916;338.151032243355;78.84081210704028;351.94716835614975;0.8095300742132691;0.46905939145823117;0.0;0.0;0.3891208099578355;43.69217507122414;108.0991019101826;103.23752864880635
12:24:34;Thermosyphone;449.99882562979394;342.7604800152271;1.4648544757735038;9.498578481973347;0.9874951072987042;0.04354582608895555;0.04735940000582906;0.5885464880040981;0.9923177705307981;59.99750541829107;1.0002716483908778;2.0421628846175935e-06;4179.997875227467;0.8544990706298791;0.9562662819957429;36.45737575948265;309.60454819880437;38.40294920360316;311.6544909934234;65.07043226956243;337.99920064139405;78.7766575622138;352.0890437834651;0.8002493910392883;0.48318115213016094;0.0;0.0;0.38697767402910827;43.757572167414;108.0972372457003;103.24596267967938
12:25:23;Thermosyphone;449.98847555197665;342.7604800023159;1.458518949002541;9.503963888794473;1.0073004500952674;0.0567711480044049;0.059487497527900696;0.596391513157354;1.009396888158007;59.98532482469179;1.0010069242813115;3.830192608588053e-06;4180.006791619415;0.8582824082206135;0.9791003937633673;36.438362205409604;309.62247631644215;38.35271707601356;311.6440378501568;65.40167521606061;338.663852589815;79.19216643415348;352.17455525847674;0.7979018416014805;0.4763232300121629;0.0;0.0010115601435872238;0.38807966376121367;43.64426900493554;108.09333867089693;103.2536683411024
12:26:24;Thermosyphone;449.9905321748127;342.76047993612445;1.4519043567649477;9.479598111233175;1.0032544219758937;0.035989255177702864;0.050602672029971596;0.612966566562252;0.9909206423593795;59.97852096892191;0.9997163759499171;1.7050357411841157e-06;4179.985704565765;0.8463154163707548;0.9565280278676701;36.46424415200658;309.59975025437166;38.70249957643503;311.5102062499753;65.6769443560851;338.71361663050993;78.54355572751629;352.4299930276738;0.7684320028544834;0.4935681852859784;0.0;0.0;0.38555649539382153;44.19193091137236;108.10117664270342;103.26337156227184
12:27:11;Thermosyphone;450.00650723123334;342.7604799879296;1.4634866634977346;9.480365230881215;1.0052844194174047;0.043179916078583756;0.036397761737562505;0.5896736525073523;0.9985262380101089;59.995134907563475;1.0029002619087255;0.0;4179.9911543579265;0.8711400592313194;0.9515762321285588;36.4634179659781;309.61873228398326;38.38560224772322;311.70937333335854;65.81249432956949;339.20342382061307;78.98889752573729;352.4369362586766;0.7978592203294812;0.478252381136955;0.0;0.0005361726059259816;0.3835893726624132;43.66928387999289;108.1075002060777;103.27342852093919
12:28:08;Thermosyphone;450.00642088772054;342.76047999803853;1.4338345736892977;9.50161329993603;0.9987812552718112;0.04349134543796487;0.04225272629478538;0.5977954869245622;1.0114212533699083;59.99849155456405;0.9957103669394176;1.3272459907757356e-06;4179.996058334572;0.860678600932764;0.9582549465888706;36.48975686899835;309.6159324700423;38.29947846581573;311.67960421935595;66.21695815720192;339.4303423846684;79.39845703161373;352.1447456878256;0.8011978541784313;0.45994181603863926;0.0006593780264576733;0.0;0.3861566952372538;44.07495025570319;108.09801391433545;103.28178627273344
12:29:12;Thermosyphone;449.9834610230043;342.7604800209918;1.4575323912945795;9.509481453545023;0.9834810884158589;0.04003536513149113;0.06104196427010938;0.6135916429721406;0.9923074577049489;59.99720463813514;1.0184141239836726;0.0;4179.999542520436;0.8517742498342514;0.9617492955402535;36.470498298092245;309.6626683769243;38.576674098698;311.83519187074154;66.30249132208569;339.50504193525046;79.58250664206848;352.8640429301837;0.7999002584323649;0.46471973721494203;0.0;0.0009400374982290535;0.38632910618664185;44.23064612136555;108.10708676646247;103.29031192164771
12:30:49;Thermosyphone;449.987972921669;342.76047999599547;1.4665394060536239;9.51727181856018;1.0021877109646986;0.04014732174050744;0.0486711440198034;0.6122638754350197;0.9923799326203171;59.99895071239199;0.9992260845754217;0.0;4180.018082177859;0.8410802816478523;0.9845527262140068;36.476592449107486;309.6223981569837;38.41359592275349;311.7168019160809;66.8521681832815;340.1938349058049;79.40380585836155;352.3983287526455;0.7962906566485388;0.4827977378008893;0.0;0.0;0.3857421915486256;44.07327966229747;108.12423917850437;103.31666552608168
12:31:48;Thermosyphone;450.0045632649224;342.7604800896104;1.4680007474477978;9.487382939455612;0.9846320253560288;0.03889720622667303;0.06571987503729353;0.606571375941923;0.9947267743906437;60.0100163993882;1.0137735194864517;5.314534319052101e-06;4179.989335855902;0.8543741955628833;0.9471882393552482;36.464220964232695;309.6029717753166;38.45117314260856;311.46382365714004;67.13991709545118;340.15701032047383;79.45088501918909;352.8479312973524;0.8153074633756459;0.4834538526855381;0.0;0.0;0.3845098445068137;44.22062070289748;108.1482435907003;103.33583959769848
12:32:51;Thermosyphone;449.99172759789843;342.7604799370429;1.4554608061412209;9.511028071881439;0.9827757145596852;0.041900369620517665;0.05411445670663085;0.6053685637100286;1.0055709522557852;60.00608138183828;0.9841605928035619;2.239839967047088e-06;4180.013775135115;0.8477834606349368;0.9637141974958612;36.450564983565705;309.65212362810803;38.40038477163596;311.81569538788034;67.09949280353237;340.42805968563624;79.56601503074377;353.15728541528256;0.7802786545989558;0.48369318477535955;0.0;0.0;0.3876310522114616;44.65516179984737;108.17441621838552;103.35453710519374
12:33:34;Thermosyphone;450.00569796436633;342.76048006035023;1.462887565223121;9.50434652568371;1.0050804120099242;0.02907490060117774;0.057011348546655315;0.6092109587881718;0.9938764378488262;59.99357516302207;1.0144998045689155;7.603212243770629e-07;4179.988626820338;0.8457591491814681;0.9554248170549308;36.46222691166433;309.6119958804809;38.4344742722641;311.80946511436423;67.45869110900789;340.7185466925114;79.40804211268622;352.8885216656668;0.8117477677325836;0.4872541201456247;0.0;0.0;0.3859159590082492;44.568521380917275;108.21147768255166;103.37294410877288
12:34:32;Thermosyphone;450.001204796812;342.7604799729428;1.4733604550570998;9.505481798767363;1.0139933764606355;0.034708030835880734;0.04459464257161352;0.5968075619736554;0.9913840900463736;60.00678153274268;1.007125067068178;0.0;4179.9968033567375;0.8537660223746949;0.9524741059770271;36.44560272402021;309.6397514058679;38.36720574878119;311.544083975532;67.89558679822329;340.26374382726794;79.55597393404898;353.25165301886125;0.7959045205184115;0.48499829946817824;0.0026911088094977924;0.0;0.38317755856927055;44.8147838367483;108.2360844881746;103.39018231799217
12:35:26;Thermosyphone;449.98671872289566;342.7604800151894;1.464693567739699;9.498385487176476;0.9977618726000024;0.04548783343710931;0.044617633666443286;0.5969186936552202;0.9993166630887772;60.01472011586595;0.9995077956666559;0.0;4179.99835852228;0.8461620549504829;0.9503508125698634;36.42537436702315;309.6148648140087;38.378876669994334;311.6062584610074;67.54686684213634;340.553088458277;79.74221807769408;353.2329277776466;0.7958541829941349;0.47323626656209533;0.0;0.0;0.3843562152060498;44.78505148497639;108.2632770511313;103.40841122450269
12:36:23;Thermosyphone;450.0031125888122;342.76048000690395;1.4626799000790383;9.499007505528631;1.0121294675386998;0.04466192382229293;0.0648783540313388;0.5992028860460272;1.002721256262237;59.99317818982592;1.0001562741458057;2.9741511251612703e-06;4179.9963450270225;0.8649217575812174;0.9602567296269285;36.47095182643102;309.562701728246;38.40397438631396;311.52829596968735;67.95243744467827;341.04022082281784;79.86783355153864;352.948402251842;0.7997316270339286;0.48724586290137;0.0010610533649581847;0.0;0.38306459494412265;45.01039401100988;108.29138501436232;103.42762237269191
12:37:13;Thermosyphone;450.0174047217263;342.7604799794921;1.4714733354427418;9.51393663629244;1.0094711324330172;0.05874063479875216;0.055558370761159374;0.5968331400800382;0.9947692837889224;59.9932892319621;1.0083734526035144;0.0;4179.98577644402;0.8653247654697533;0.9701288129559631;36.43632475401579;309.59810429556575;38.517854931054146;311.55541141896475;67.68842189468492;341.30298050504626;80.01802224382851;352.8345010720667;0.8014229627265674;0.4753127845042655;0.0;0.0;0.38453769990620496;45.07839483996942;108.31392976635628;103.44638634099043
12:38:13;Thermosyphone;449.9857422001572;342.7604800133435;1.4652248884084655;9.49847501453991;1.0018767880217332;0.032356701610447264;0.03249928017798133;0.6052183069408388;0.9991211408666826;60.00429602650411;0.9976522097602053;0.0;4180.001622951715;0.8493667883741465;0.9686627915249841;36.40892096429601;309.53559496077753;38.435041163137655;311.4157240051606;67.66311238441328;341.05574590816263;79.91064265799139;352.99524260373937;0.784633309674083;0.47775354650114255;0.001544420520182231;0.0008082018393269647;0.38346511842259123;45.42129877019038;108.34383320303172;103.462415220694
12:39:09;Thermosyphone;449.9891642203482;342.7604800108936;1.4560919095587075;9.496372526397682;0.9954194029134477;0.051372189175712984;0.03410635754529166;0.6026899740633027;0.9971143088881277;59.992585788307274;1.000389436162934;1.148184397663575e-06;4179.99940055531;0.8524503778951178;0.9741484060610931;36.39596291428299;309.5685202163875;38.20569763253664;311.6125485919832;67.93026947653125;341.5020438356656;79.9584924289059;353.22549221933474;0.7854451557268953;0.48024023118904924;0.0010461638612435005;0.0006039924260823549;0.3832472657476034;45.37149163674243;108.37694429060305;103.4828371756344
12:40:50;Thermosyphone;449.99420170145544;342.76047997782644;1.4559921334211245;9.488393314348757;0.9784162817942571;0.03781692764297676;0.05252881991579495;0.6018642526296284;1.0108499025613207;59.98707496393996;0.9948684403668714;0.0;4180.002458297021;0.8489541707504407;0.9551917591894523;36.419087215477596;309.55223382131567;38.307708660616825;311.76217156561825;68.56407879648103;341.5461814234192;79.94517201927293;353.3380545916969;0.8057425117069426;0.4816988423225675;0.0012812043562139084;0.0011954957542551427;0.38184671585642044;45.463368781618016;108.37999803461489;103.49033662733784
12:41:54;Thermosyphone;449.9957585155136;342.76047994518206;1.4609982877239636;9.499010678479697;0.9953281100103227;0.02036492209431444;0.061700525102330116;0.6069635058086699;0.9886311784881674;60.0015177359326;0.9891626824437013;0.0;4179.979012955345;0.8577933421576743;0.9687991624000533;36.42959445801659;309.58501358113585;38.65984997463019;311.5161740014685;68.2545302825199;341.6260780191782;80.45510977941085;353.4502123315942;0.785739146565877;0.4723278767283492;0.0008696807185958956;0.0006964700040304261;0.37811326140727225;45.37205578576153;108.36000945491347;103.48178295017266
12:42:56;Thermosyphone;449.99714178347153;342.76048000202553;1.4483771726647081;9.525853149206366;0.9939807744280783;0.03488251670331446;0.05156218363652907;0.5867563566689128;1.0080876446308937;59.99991670033748;0.9915727965545206;0.0;4179.981059641663;0.8444444515625912;0.9372537619462356;36.44470402165788;309.5933648779863;38.412915147313505;311.56363215585924;68.33967158846188;341.8401528556343;80.74521308561941;353.6007868063334;0.8114367273412427;0.4769350082119554;0.0;0.0;0.38091109253436933;45.7761717743109;108.34070357252669;103.47294876571523
12:43:35;Thermosyphone;449.9909807861611;342.7604799991619;1.4371602308449631;9.495660602947995;1.0188951601231142;0.044356733280813826;0.03864423267937428;0.6055337084182425;1.0008861554772752;59.99679188853438;0.9941423266657381;2.503823533798318e-09;4179.994076026077;0.8482680194576006;0.9673950196659481;36.49054845837315;309.59347793265397;38.45429538658948;311.84707845660125;68.81239137588057;341.72151671492577;80.90366035008711;353.9802020410699;0.7986801140654951;0.4600370517643907;0.0;0.0;0.37887070363630093;46.04426256242397;108.3281883536977;103.4625492848878
12:44:25;Thermosyphone;449.9803704691427;342.7604799378357;1.472616290840628;9.508559578500222;0.9986896163744904;0.03847032107748714;0.04948030163533677;0.599882689700786;1.0139211670316337;60.00390123497537;0.9801756136428857;3.85631887743717e-06;4179.980701842783;0.8459380638118742;0.9461393819680883;36.491790823143184;309.6125469402925;38.37518027518817;311.56393315616504;68.67375492703239;341.6550087025652;80.85846648235139;354.13531310457654;0.8023834391742238;0.48570102798343856;0.0;0.0;0.37563428063679155;45.86936205862731;108.31242722965631;103.45588267350985
12:45:27;Thermosyphone;450.008954545073;342.76047999526;1.4507338572743123;9.505020551631398;1.007259586452035;0.06203661944668449;0.057291311102093276;0.5889906346235271;0.990218855009276;59.98698292080124;1.000773735742026;0.0;4180.0136232824125;0.8470849231528056;0.9664175430998034;36.512405019345955;309.66684779906853;38.44237826641112;311.70971863461114;68.49148625727709;341.6965369935598;80.88645577710798;354.13835336722616;0.7953444277079165;0.4882360514141581;0.0004179938734453573;0.0015968474589587787;0.37094679195448205;45.693674414051216;108.29554263891765;103.44196382651138
12:46:30;Thermosyphone;450.00082206881694;342.76047993339347;1.463604532657684;9.489474264289123;0.9908718998674987;0.05464646133092047;0.04613101841967947;0.590406455591553;1.0200796112049293;60.00929074964293;0.9966543112518783;0.0;4179.997960401301;0.8657729218468866;0.9501749369570549;36.49944188065127;309.7060276808784;38.5579044719013;311.75266119350823;68.67952138501319;341.6750551003932;80.54727599886871;354.10207990213706;0.812410461470318;0.5017244796542001;0.0;0.0;0.3775598749974701;45.98281197693714;108.27381487167561;103.43362348764795
12:47:13;Thermosyphone;450.0021475272737;342.7604799506201;1.452688143780832;9.517085146137504;0.9974285003216309;0.025656393156917284;0.03112898588465548;0.5998871243806219;0.9942227660759249;59.991314830922384;1.0022750956916178;1.0354826018753763e-06;4180.001745802675;0.8535049018035186;0.9477100509231242;36.53146128429805;309.68809607267826;38.61188520876222;311.88394902498527;68.49524517817268;341.636908939412;81.39038918922269;354.2971798910611;0.7860195895802466;0.4768902806027586;0.0;0.0;0.3719871176619003;45.769864233151296;108.2621284631865;103.42867175867889
12:48:19;Thermosyphone;450.0108761102958;342.7604799956008;1.4603830069119936;9.501028199053147;0.9893192567478436;0.0283756837370258;0.059003501977073616;0.5878160569777438;1.0020092695690541;60.006521022919664;1.0075273647967773;1.3425577752452314e-06;4179.987992726488;0.855403972642139;0.9586173539973127;36.54227947217285;309.66876835368066;38.698239970401204;311.61383885217083;68.35721589397433;342.09054548894073;81.02559054529922;354.31859404797257;0.8007179382705896;0.4807021900726212;0.0;0.0;0.37440796461312853;45.92132477394003;108.23627841917317;103.41518765011746
12:49:02;Thermosyphone;450.0085741227884;342.7604799762173;1.446833323631085;9.503749034752015;1.0059865813145321;0.043337402480604366;0.04433634260402565;0.6074962542204165;1.0162896929786032;60.01169965390998;0.9843666700897548;1.06509345654727e-05;4179.9867439757645;0.8377408434584734;0.9630439469920603;36.579756662708725;309.7399705589583;38.82617231865839;311.93158511345655;68.52188637848708;341.834893988846;81.55778929467249;354.7154215240947;0.8112445389110481;0.48817450047646505;0.0008987498896846992;0.0;0.36978641196472056;46.10790896503764;108.21651027704665;103.41081396460483
12:50:49;Thermosyphone;449.99618811120837;342.7604799860377;1.466018366307656;9.507514450445015;1.000228205933418;0.04292018430035244;0.06614762926352381;0.5823733715953892;1.0074803666119456;60.01079975731811;1.0121427422483584;3.2917698223329106e-05;4179.99226086313;0.8446095982935388;0.9666217875978812;36.60530722514227;309.763707051433;38.53299633538448;311.71959031560266;69.19488802141532;342.2144441232298;81.6065952447579;354.8610839297944;0.8030139092022968;0.47738751080834085;0.01224172341375443;0.009758944123734315;0.3693209591201449;46.225105768408305;108.22400618460985;103.3993055320111
12:51:38;Thermosyphone;449.9883357069062;342.7604799612848;1.4523597890641842;9.511303230476566;0.9999096726956975;0.041504659505832146;0.0405755605798474;0.6028711156502174;1.0169577628553539;59.99912758919933;0.9917526602475685;5.576116176299149e-05;4180.002629034815;0.8405869216891029;0.9671338758723105;36.614247204752736;309.74900019230404;38.774330034894405;311.7168354062589;69.6750575720619;342.8978704064421;81.88241792178327;355.17903111141914;0.8139215807740446;0.4753516987097014;0.026074628071562602;0.019025301395337067;0.3670739195877016;46.393166894535135;108.25537427702112;103.40157055047764
12:52:48;Thermosyphone;450.00369523777675;342.7604800214011;1.4581574164194833;9.50792105809982;0.9948129301786117;0.02918734581537567;0.05208557066946505;0.6268915672559543;1.0080768026642184;59.99299984059523;1.013939110626281;8.32211741367516e-05;4179.997481020562;0.8539742234005375;0.9532676292437059;36.64156405892653;309.8007101297532;38.66380709550225;311.7855376709809;69.82604793888828;342.8957152436862;82.0594998823204;355.3677787415014;0.8100637121376969;0.47336603734616767;0.03452949391057132;0.030582562532981333;0.36562078113324503;46.53987609642059;108.27837082992492;103.39900463610407
12:53:40;Thermosyphone;450.00461157424104;342.7604800414535;1.4630362405441057;9.501540321255671;1.006245721870134;0.02969757582071212;0.06210519619951666;0.6053266587168619;1.0048979216507383;60.0059850776396;0.9852028827904669;0.00011587730041355113;4180.00132283579;0.8514493681769826;0.9657503876558674;36.675055702444546;309.8185645113339;38.88350810458629;311.9272588114152;70.57150898898378;343.7972346838345;82.71313662920622;355.68995875080867;0.8072577816193803;0.48266003962852994;0.04945214542818865;0.04091319683292406;0.364669610128736;46.52539192359638;108.31492136635953;103.40025770107971
12:54:30;Thermosyphone;449.99305874107114;342.7604800305738;1.4619522408874133;9.520077470281423;0.9990880403942136;0.04901578644726763;0.06653889827394813;0.5856608366803484;0.9894660909452994;60.00271423232547;0.9942743377117879;0.000148467590375583;4179.993390779411;0.8485207765473619;0.9509597507514639;36.6629500978048;309.8495990260888;38.760057310711716;312.0099696582459;70.9699359007707;344.10339182773976;82.86505990277219;355.7098439342814;0.7950154675540043;0.48274863607583524;0.06130000844664173;0.04899365291890376;0.3649316961899193;46.780800731200124;108.33728352302724;103.39839896200866
12:55:32;Thermosyphone;450.0077229141432;342.7604800303003;1.4662829690800088;9.50997887019345;0.9811594285871176;0.04225274978265621;0.0357013631445796;0.5904730279761549;0.9986719347298826;60.01183047602911;1.0033115392145358;0.00018084144132926426;4180.017856228495;0.852410224836521;0.9505027770143087;36.678638418512584;309.8393968385121;38.76763604730944;311.7243097595522;71.39216759494032;344.52033067699074;82.84095642993987;356.1417841895644;0.8051648437888881;0.47368061122174254;0.07306607556369743;0.057337980481117136;0.3651385795538184;47.24190342736461;108.36482201643548;103.39823685615858
12:56:22;Thermosyphone;450.000810572321;342.7604799719119;1.443753690703491;9.496183735477748;1.0086835543245547;0.04817885987366341;0.06199888510389234;0.5995514968574406;1.0196461530315233;59.991538479057326;1.0044081386886667;0.0002091215910558676;4180.014914040177;0.8503225216213431;0.949679155857461;36.73255635672275;309.8519594871144;38.66159472411291;312.0220087026711;71.75111632147575;345.04899018661024;83.05829467304598;356.6055076597176;0.79824678502783;0.4604263171881571;0.08302113858438878;0.06634738140299787;0.3606367724509418;47.20836390683672;108.39225529028506;103.4008179894287
12:57:11;Thermosyphone;450.0053170871539;342.76047995211934;1.4515197310315404;9.498412409715757;0.994296840505952;0.04100460079801635;0.04977259524336695;0.6047111739739782;1.0030352007597283;60.00955281468733;0.9951975744759712;0.00024236875392004284;4180.002774780402;0.8524308932936672;0.9613371853662724;36.69834121722941;309.9387146328798;38.665647163735905;311.8295533147698;72.1364972325208;345.1197486516856;83.78315199996557;356.5002244577447;0.7931618468337138;0.47170321921796765;0.09673581097113436;0.07874195450671857;0.36239140869827396;47.11038691726669;108.42305173851203;103.40039260065433
12:58:06;Thermosyphone;449.99927983396384;342.76048000428347;1.4587193845120587;9.500016169010932;1.0002391676987028;0.058628067553674584;0.07833708458481453;0.6017301458161798;0.9908278759594433;59.98949769421051;1.0081313077078546;0.0002640952973049134;4179.9981819448985;0.8539494439215756;0.9618167234642635;36.75479567633711;309.9550980624663;38.8749695492416;311.87673570581063;72.75950587660296;345.74621768877483;83.61460996120847;356.7844989105263;0.8118252066590268;0.4744094885162277;0.10811303719698698;0.08804849837682346;0.3613295695384908;47.451349057888706;108.44300515705945;103.40322711361793
12:59:10;Thermosyphone;449.9763145001912;342.7604800425354;1.4434879348853835;9.48627964497991;0.9930206495637355;0.05257856901112752;0.047275812504247575;0.6021062129577401;0.9832999236840094;60.01075498317322;0.9973276393766992;0.00029531245508318586;4180.0032481955795;0.8548987207386232;0.9608502289638378;36.81003233111945;309.94498537769203;38.96664928939849;311.93449967205606;73.08213218322362;346.35953079838794;84.16659075215135;357.04358399681524;0.8188583794873061;0.4811535432068166;0.12023232603810563;0.09715781134461093;0.3583002593427886;47.2385009421626;108.48029573086761;103.40147348866176
13:00:49;Thermosyphone;450.00137097024344;342.76048002033605;1.4514690123524954;9.514331229383673;0.9950548731690859;0.049923981627337424;0.043695702980345384;0.6050717273917787;1.0154986050057355;60.004744282405674;0.9951191831339407;0.0003308059259536357;4180.007248558959;0.8457194712405849;0.9560507494007495;36.82031337151052;309.9633347747739;38.74967971076038;311.8230473883343;72.98332710928719;346.16179706231435;84.05712381318314;357.2452337877473;0.7861624295669595;0.48154598227722134;0.12735455092558984;0.10552716257846517;0.36014199499578725;47.577123322900135;108.48030732972383;103.40023059080745
13:01:53;Thermosyphone;449.99591582990547;342.76048000746005;1.4692593367129314;9.516893683509178;1.005980157780075;0.027639993879103812;0.05169415908191801;0.589997127879809;0.9998444206242101;59.997586068758906;0.9942904533204954;0.0003355669181622374;4179.997723304372;0.8351904581363305;0.9637954433638019;36.778625998870616;309.9147880769481;38.763896783167205;311.95396050491246;72.80059374413268;345.9647981889993;83.88974780850327;357.12772905538037;0.7864419833147401;0.4824677395762008;0.1288388249712875;0.10523647642975256;0.357002437061033;48.20563765943331;108.47679546576408;103.40195384264706
13:02:42;Thermosyphone;450.00618904803594;342.7604800290189;1.4659604800061725;9.500615899525208;1.0045457481822457;0.03908314179636682;0.05727639152581765;0.5910822524485289;1.0040455041723362;60.015393969264466;1.0200645264617978;0.0003338833185195082;4180.014613558369;0.8552360747334702;0.970538128515306;36.787948478841884;309.8942305312994;38.69607278901405;312.01189391156083;72.63139803901889;345.6109007113145;83.70805201190667;356.9870514269363;0.7876999182580975;0.4891266274668961;0.1307880097285465;0.10403083173309384;0.3529556576554322;48.066803786967874;108.46956743647947;103.40038730432866
13:03:33;Thermosyphone;450.0098284909868;342.760480022906;1.453142625548093;9.505044671510108;1.000631988245444;0.05727428963249474;0.03098428427586342;0.6041289288732625;1.0124300656914609;59.99633209480777;0.9950090998941672;0.00033064462265247;4179.990802649859;0.8446341553147053;0.9497581162291778;36.723394211918844;309.8300759436844;38.838574151460925;312.12442316308557;72.23609297150638;345.3804617184006;84.00088411588014;357.27511708644005;0.792627711617172;0.4920494537100303;0.125192993880553;0.10153944649290882;0.35503042377493604;48.18555449260756;108.46407487465984;103.40119741209597
13:04:31;Thermosyphone;450.0076250452601;342.76047998405204;1.450073737453496;9.481250963540194;1.0067635934362424;0.031321821161449014;0.06007531153019839;0.6100968568438927;0.9977780984946241;60.00087251487146;1.001978165486754;0.0003292545141599776;4179.98541401475;0.8644574456424593;0.9543217973068495;36.720658414047435;309.86566422062583;38.970250114176906;312.11197630469763;72.15398184465676;345.00299951496976;83.92701448441022;356.9258091434661;0.800392285775325;0.4758490400658923;0.1261494143265549;0.101918889995931;0.3510961162229294;47.91699151020032;108.45353386126179;103.40097206179165
13:05:25;Thermosyphone;450.0137118334864;342.7604800422693;1.4703737406367139;9.514522904026736;1.0026355057368037;0.0456694590439366;0.04317904625087997;0.5731449431708112;1.0040539155774522;59.992282631623475;0.9979882948385278;0.00032096365651222453;4180.008975385177;0.847982508084075;0.9540925093116289;36.66567710979105;309.82257598945307;38.864560132147375;312.00003749796076;71.46144542367269;344.8145796034045;83.59266236801244;356.9618212624601;0.7824849713221469;0.4755418151746042;0.12386705723679574;0.10067764821057236;0.3518316617349595;48.5166262111011;108.452221950625;103.40000147668371
13:06:24;Thermosyphone;449.9925037157636;342.7604799958635;1.4565971970438383;9.521388609031428;0.9886043952136969;0.038659448940842625;0.050194510516048105;0.5924567007867328;1.0035244388404476;60.00014173666831;1.0011953003201721;0.00032737434388772555;4180.0073458878605;0.8406954773570623;0.9562785376241569;36.69123975646767;309.8542647974045;38.90314187833192;312.2137738587493;71.38559349726607;344.72625050538977;83.58403496614174;357.0242154710981;0.8153261178334507;0.4702675895817122;0.12337547784992912;0.09860505953583021;0.35067106360105765;48.116716875035074;108.43020183781414;103.40141193677775
13:07:18;Thermosyphone;450.0075348338958;342.76047997049415;1.44583765183929;9.498064349414781;1.0138284018314137;0.04075407638345121;0.05182990710161202;0.6117777629920891;1.0037967479041388;60.001819688167444;1.004273955661951;0.0003293067108414752;4180.015733869345;0.8489563902961283;0.9527947819893697;36.66943670149299;309.8259032345648;38.962992776582915;312.25287838008103;71.28174572546995;343.68414709547324;83.15709306719654;356.6960243126115;0.7906944226395975;0.4968643191661458;0.12299344403803457;0.09822826640661766;0.34979292610466073;48.500207763740704;108.42490956952972;103.40016868048987
13:08:16;Thermosyphone;449.98452928389656;342.760480007853;1.4518524895527436;9.50086086866251;0.9924821008913571;0.041438413304931386;0.0392782953266912;0.5997970956699646;0.9973969718463824;59.983347426144455;1.0041826926161967;0.00031977676756608515;4179.9962431446775;0.8350941282821177;0.9625700841736042;36.62902184882389;309.80479498650374;39.02181069052627;312.1705398774271;70.9891845634955;343.8715270414303;83.37638436240135;356.7928390394275;0.8066190560399439;0.49982885053378223;0.12195649221888846;0.09680208685745807;0.35035127357747364;48.85789487086257;108.41717630220606;103.40074778681466
13:09:04;Thermosyphone;450.004980737543;342.76048000106357;1.4550495312092306;9.516887749782267;1.0045622343385625;0.026694756565150815;0.052084153549730526;0.5970083697707113;1.0031301773161125;60.00239927774184;1.0036624954799451;0.0003238250116180616;4179.984320903278;0.8640059083226163;0.9597335957434695;36.6474157562124;309.780085062914;39.01036170497317;312.0251919005237;70.58642926754275;343.7373326761642;83.61139397040243;356.40384618106685;0.8007613167862658;0.4619193165003496;0.1193948433194688;0.09654874462778255;0.3468842285097611;48.62406875303979;108.4143104778852;103.40221894406587
13:10:48;Thermosyphone;450.000989243241;342.7604799860248;1.471196814398008;9.502374543228752;1.0059728195869517;0.030649650691727336;0.06327498245778644;0.5970104758308074;1.0186292298967168;60.01092455604897;0.993490407103762;0.00033191575003149753;4180.002434213349;0.8477870071202472;0.9674987294647558;36.59944350004334;309.7506346554265;39.06248150260824;312.19927753496864;70.26747899723767;343.4347105385535;83.38780574326877;356.0930081131829;0.8011248494732005;0.49593881949851953;0.11819747394521646;0.09433778335396835;0.34370593903586594;49.1329111040989;108.39533852116105;103.40002699717932
13:11:45;Thermosyphone;449.99424525046373;342.76047999001025;1.4526030395020428;9.496324378735576;0.9994603647913094;0.042689493921052465;0.04546489803346915;0.60470606290178;0.995203947879693;59.99545906417142;1.0004185878718692;0.000323760203705227;4179.99179031729;0.8433201055663486;0.9497719385224727;36.59494084282767;309.7334574954524;39.066127634570165;312.44158688827883;70.6606613420364;343.6268915803752;83.23637533047784;356.53751935504033;0.8031418243699767;0.47739311085104624;0.1193012164997866;0.0950818163985732;0.34048104755200076;48.903016318697524;108.39694794712888;103.40066954754808
13:12:40;Thermosyphone;449.9820024869048;342.76047999906774;1.4592154736554608;9.507693002870244;1.0036429938186051;0.06390590762304574;0.04132600423543751;0.6131716978530273;1.0092102276345265;59.99364623817716;0.9987190901722154;0.00032728724145846385;4179.998760887573;0.8455693942401838;0.9555512592897227;36.59988544819928;309.7266313566844;39.34064731258165;312.46181897277967;70.24625673778678;343.65927907212966;82.980309592453;355.9962330647733;0.8031489465307968;0.4854654426733369;0.11832230229116872;0.0959763679625893;0.34624720890318345;49.7205251977942;108.39678619388837;103.40045225520736
13:13:30;Thermosyphone;450.0283148527425;342.76047998578537;1.464948534597773;9.500944587652912;0.9894293810199358;0.037931643811280225;0.03646369308171854;0.5936005613389099;0.9973188440971363;60.002249452610805;0.977282705202522;0.0003297614655031594;4180.025529962216;0.8404826651255877;0.9632585261453072;36.590755211812514;309.68632833284335;39.129003746420274;312.3154960621221;70.5611739890171;343.5622594796115;83.12331784752426;356.43684371589205;0.8012913785493254;0.47835063547935525;0.12021067303829355;0.09417714392605067;0.3415548073358552;49.46653603482112;108.39212094599979;103.39890532567982
13:14:33;Thermosyphone;450.0022912666083;342.7604799890307;1.4606478298216847;9.491134501758992;1.0097944997197477;0.041946956773428905;0.06815184797702661;0.6084659660755645;1.0055159137010308;60.014160989919596;0.9919676763081469;0.0003289338971151572;4179.982498099036;0.8587048722601993;0.9765416650301205;36.58939339330887;309.72254014891297;39.413409456655195;312.34556296615403;70.38756808637197;343.8826333914262;83.08889234365428;356.2704237415165;0.8161185191516346;0.48590880621979127;0.11811274792681901;0.09703952153174658;0.3379056347215961;49.50142293960388;108.40180464397125;103.39927534719517
13:15:22;Thermosyphone;449.98887597050174;342.76048005639063;1.4575929552756755;9.493693781745492;1.005739161501218;0.052046111278295254;0.05318848096844647;0.6069698360872;1.0095401142401919;60.00058750984371;1.0031659051736899;0.00032958052344329224;4179.990076517325;0.8373298346456325;0.9645062004588988;36.584523289106066;309.749524944053;39.28920213937415;312.58169241603713;70.57453736672223;343.7290124479647;83.09301905908988;356.27019806774945;0.7966009739895897;0.48249602297415345;0.11737606757553036;0.09560802759803691;0.34027527251012146;49.46598379387098;108.39603313106626;103.39941696896565
13:16:19;Thermosyphone;449.99460028263564;342.7604799603124;1.4454843025041229;9.500090944936748;1.0038548313318805;0.04147993074170796;0.04128517064818223;0.6038498346889144;0.9980120763912015;59.99504471772468;0.9907471489940152;0.0003281481062125829;4180.00716976035;0.8481602727736961;0.958768606479018;36.57813021841373;309.81295433226506;39.089575846982584;312.2673058941545;70.49321235842908;343.7654840961797;83.46093925837194;356.3803908355228;0.8030082237440517;0.4891964299696898;0.11978701672681306;0.09377673220424916;0.33897546451440286;49.51421038871064;108.40798776394904;103.39900181402699
13:17:23;Thermosyphone;449.98639819015034;342.76048004999103;1.4576745373566438;9.508369866004411;1.0070381200469765;0.04677808070600742;0.0509754468827571;0.593440186642058;0.998403077263673;59.99234568299288;0.9988730233282277;0.00032415056911706477;4180.001722365028;0.8597728362165381;0.9720190725383778;36.62870338646069;309.75343997591557;39.372875231456526;312.5110491413809;70.70260346297104;343.9074287540504;83.189156257979;356.0310469937612;0.8137805294863143;0.4847748156544728;0.1210254104718472;0.09578696036138909;0.33700982807335633;49.92442831546662;108.39606132687265;103.39766273642174
13:18:22;Thermosyphone;450.0024039398181;342.7604799860288;1.4504982674931957;9.47993919605331;1.018672709303188;0.047056302329993194;0.05509990780557728;0.6082467268963159;0.9908533491533122;60.00458394297678;1.0108571359768816;0.0003219834312913602;4180.005959640626;0.8574707615717282;0.961014846238789;36.58065272382089;309.74626478120723;39.37367091506262;312.61972055465714;70.60107884674743;343.9699618506247;83.02332051104442;356.1730447797632;0.8116853352550505;0.4783926456304694;0.12054390947064912;0.09452668535654056;0.33883929460599516;49.359140037310986;108.40035686818233;103.39968910996683
13:19:00;Thermosyphone;449.9972561071222;342.76048004028297;1.473738084951157;9.497633577861224;0.9964253452318387;0.021220647760627816;0.06715117269540001;0.5893392647042436;0.9909008485905961;60.001048105676965;1.00734055963088;0.00033553820849008666;4180.021746097501;0.8575383598985755;0.9551984121052448;36.58565061221408;309.7459728761115;39.55774624674469;312.72534616570056;70.8496068435859;343.5756252483701;83.00547649107297;356.5256806278619;0.7946691319063941;0.47919663932110995;0.12343223924318687;0.09577341247810733;0.3375647096568685;50.06919659729826;108.40279128103495;103.39939786113307
13:20:40;Thermosyphone;449.99141063177046;342.76048002098145;1.4622682335996278;9.51172270706907;0.9889413784608625;0.04199447403385092;0.029498908931763025;0.5911719142586416;1.0052930357891559;59.97817755659939;1.00816705928474;0.0003366557769463338;4179.985639126327;0.8474112946540509;0.9771847251192086;36.610937563387665;309.7589642457855;39.55803156921295;312.53497130501137;70.80417149335676;344.1944933700164;83.09773565712378;356.3638959162332;0.7963825424463322;0.4712856026299938;0.11949411678109945;0.09481935734672012;0.33073624896097586;49.90529213066049;108.39915774332097;103.39869800448832
13:21:53;Thermosyphone;449.9906841326767;342.76048001388034;1.4613324228696103;9.51665958885796;1.0034205221893253;0.04789590324487012;0.0507470964180016;0.5859281325607238;1.0085572262792635;60.01679387969744;0.998757195165401;0.00033761246505838145;4180.009238617788;0.8700098061093037;0.9581881024613623;36.58067229798355;309.75126289947826;39.50594872605309;312.7641258393146;70.8137513209206;344.03231906929534;83.04715708224889;356.0353373661989;0.7947059384861908;0.49269125068782765;0.11993091614313885;0.09448438000285385;0.3285415896888124;49.956629968958175;108.4010264215778;103.39836596311862
13:22:32;Thermosyphone;450.0056081743867;342.7604801041747;1.4650685941745136;9.490033896360046;0.9988234401713585;0.03881152894907967;0.03728224293078878;0.5859585224473305;0.9985723306921941;60.00790163431215;1.0025287799276936;0.00032751569367720645;4180.005094192953;0.8552125859040235;0.9501732126761552;36.5733937254674;309.7645557452194;39.76928642525888;312.8337915334325;71.08090108753817;344.2794828095185;82.7657504373236;356.2830478597844;0.813159625945811;0.4913357663093367;0.12179348300849847;0.09516381422524471;0.3318850988786744;50.27546678411554;108.39779778699608;103.4002640048615
13:23:30;Thermosyphone;449.991511593459;342.7604800106835;1.4668627815567972;9.499992067621958;1.0153410440420636;0.05489324193581286;0.040171690920855777;0.598986231303348;0.9949655111860816;60.008232521353214;1.0071815287221866;0.0003271142719829971;4180.009240865326;0.836793367232042;0.9717784885716806;36.546710582621486;309.7459589360545;39.59900074589926;312.9108930497795;70.95172751949832;343.6891070152312;82.78104908735386;356.0698181121686;0.8118377725320874;0.4963126295342115;0.12081731311373498;0.09706837021513975;0.3284015521304271;50.31589478232159;108.40046749170293;103.39850498088177
13:24:30;Thermosyphone;449.99643151693147;342.760480014875;1.461302552899031;9.494515618516898;0.9946812320093288;0.020993741617566647;0.055053140524018954;0.5989658894264848;0.9997100953340536;60.00545804978065;0.9950462628531177;0.00032649574371095073;4179.993979551733;0.8465633713543312;0.962176368849906;36.58676399045798;309.7400559987589;39.57172800860018;312.8295903197801;70.64141765413007;343.9748097973691;83.10791021531048;356.19045868134805;0.7984380697421973;0.4777543770278518;0.12106438235146921;0.09447898445831455;0.3292622672159204;50.208679313952835;108.40102436125851;103.3997894297169
13:25:24;Thermosyphone;450.00312312472676;342.76047997892385;1.4442192579130133;9.495169804311086;0.9874529869226493;0.04145167058469781;0.043920988427024014;0.5873612382938151;1.003642825708663;60.00401810120968;0.9981546605323823;0.00032893734780009115;4180.009132951926;0.847288323088816;0.9625806560429058;36.57520343283806;309.7625796183485;39.75600528759779;312.9833543111655;70.91752663141784;343.9865161986664;82.77092813173208;356.10315299081765;0.795406018670235;0.46702799056029515;0.12147947504834812;0.09657212062051063;0.32405760474523854;50.04620838515129;108.39440545564831;103.40021672643707
13:26:37;Thermosyphone;449.9881816377805;342.76047998965345;1.4696777735496942;9.495046749985514;1.0111587724958075;0.049341328283065665;0.04970786667005405;0.6088206258293397;1.0093591503647914;59.98597114150407;0.9982540832774512;0.00032771265906651406;4180.000296510692;0.837862884739877;0.9500354009468179;36.60121854345269;309.74983506812646;39.98027697614233;312.9927984136324;71.23272472309503;344.36212966734826;83.18096554757221;355.4758158879209;0.792270076852146;0.4846345479002008;0.11818138062215235;0.09500379875159211;0.3274088317756779;50.572711390653204;108.39871559267769;103.40239863767607
13:27:13;Thermosyphone;450.01111329932104;342.76047999837965;1.4573401918936892;9.49641467248747;0.9915939579354196;0.03778387341165147;0.03634321190528246;0.6061113364779386;1.0011307118984876;59.995599094506524;1.0079442368670424;0.00032621070952876296;4179.980323814542;0.8542143092866311;0.9462255714688681;36.56951633159331;309.7536765824412;39.97668151627495;312.92255390162967;70.8675562772032;344.42247566793975;82.69604416930343;356.25972686232416;0.8042985370525068;0.47274257932372515;0.11965806412318107;0.09462567085762945;0.3240906958964286;50.64355929172493;108.39739743779379;103.39771889727412
13:28:15;Thermosyphone;449.9939567641821;342.7604800259809;1.4548089494106777;9.52812788150483;1.0055808682617762;0.026536519558278234;0.03627844602677529;0.5910362197170882;0.995714238381146;59.98347412089095;0.9887398763860611;0.0003300549973563558;4179.984369464252;0.8490004273617417;0.9623299555192287;36.57804607522573;309.7636258184002;39.91904231239432;313.1869969095279;71.15767379402544;344.15955799144103;82.90753467961348;356.17088086659135;0.8037775971605595;0.4630720174951442;0.1209775224442111;0.09486247101562643;0.3259503476716021;50.81601588566515;108.39760849060904;103.39999969310864
13:29:14;Thermosyphone;449.99250429960915;342.76047994424255;1.4537917827552824;9.51259384677583;1.0158816305054899;0.05032735893290385;0.028797481848879022;0.5976287334854262;0.9952192971537952;59.99823548785916;0.9890505735544286;0.00032900006174643406;4179.988159004518;0.8732009712631064;0.9605992535108601;36.58869369848221;309.7220354371666;40.06660556836012;313.1728059005492;71.26889767616088;344.2812466755616;82.83244353135296;355.9349667455332;0.7923563196707649;0.47594919961111376;0.12064119969287243;0.09481704309894803;0.3234331547746851;51.03464701190693;108.39832829205268;103.40135473940947
13:30:57;Thermosyphone;450.0038315284117;342.76047999915374;1.4580828498104543;9.4913958956601;0.99161527073473;0.04250256501213611;0.05894380590877395;0.5976952149088419;1.0050214464987843;59.997691197817446;0.9921718453494199;0.00033004544260307924;4180.00384265266;0.8431124053432365;0.9540601061038984;36.625545541196345;309.7904931526085;39.87289713511266;313.2275458104992;71.14416272949738;344.28466995657107;82.8152964846864;356.11941653401726;0.788967125975893;0.4723878811333068;0.1205887537320257;0.09386899260547697;0.31967181136601297;50.98061336017609;108.41148244314081;103.3980061619801
13:31:45;Thermosyphone;449.98914629161436;342.76048005401316;1.4535848269509322;9.494806486456584;1.001137086223517;0.04864011375022601;0.02927035274119916;0.5891907299223154;1.0021835903486536;59.993701847310476;0.9855758155398925;0.00032742243809484334;4180.001566148594;0.8532568269295903;0.9796007123252253;36.63691540770096;309.7893129424291;39.9496111165386;313.3547281286789;70.94874389133703;343.993576170389;83.08503362817275;355.9509201502005;0.8111530401402358;0.482146745327514;0.11856721609467032;0.09589823851909741;0.32097031530981224;51.46854518046782;108.4166590149541;103.3995590040097
13:32:52;Thermosyphone;450.01111543580964;342.76048000838733;1.447848452800952;9.48952743379597;0.9856897382364486;0.030092327736624014;0.04793227209728505;0.5880819177753535;1.0072067394620017;59.97421430978535;0.9919875833344016;0.0003275269923196428;4180.006087176525;0.8552266830430642;0.9476924723485756;36.71408807652325;309.8355280995571;40.17045865882058;313.1436635850218;71.1216229912515;344.4979271283094;83.32792335340984;356.30342509529873;0.7896842261617579;0.4748099500224379;0.11805591556995058;0.09429634292442524;0.3156222309893902;51.15239337407186;108.43138793603092;103.40309352842304
13:33:40;Thermosyphone;450.00203235896987;342.76048002194926;1.4405430837405329;9.491542475069508;1.0080517505597004;0.03766946602828143;0.046319249323811866;0.6085421200007973;0.9809325116743596;60.011672360669465;0.9918790844097608;0.00033204815248771965;4180.000006524812;0.8572846644519874;0.9699233707899925;36.72334621022275;309.91434567571935;40.24106683945387;313.4985758944416;71.01084010484145;344.4504901126984;83.10607943567933;356.0418184519508;0.8100113514492523;0.4762768092043086;0.12023329472396391;0.09465676101853886;0.3175740316792315;51.376605605861116;108.44009671214152;103.39987993548974
13:34:36;Thermosyphone;450.00599657339205;342.7604799719761;1.4655886053722509;9.51472930476194;1.0051079173029343;0.04405764047391319;0.04148195676504829;0.6128931046166064;0.9846613766642804;60.00144134896544;1.015498510941265;0.0003274949531097001;4180.005395367938;0.8427368797585795;0.9665848110121728;36.75090321620515;309.92251737164025;40.152661271844934;313.38915182229647;70.81279392560715;344.5045078574814;83.04765445171863;356.0514463562653;0.8148901283411216;0.47976197363603085;0.11923275436911143;0.09489909549451257;0.3189093638583017;51.484616012303924;108.44152367192532;103.40012380972244
13:35:29;Thermosyphone;449.99974162713823;342.7604799788123;1.4482666299090532;9.483030547088013;1.0048113682491215;0.03165503637875662;0.043574760010967196;0.6050951892513524;1.010792143257684;59.989644158619924;0.9964870820087227;0.00032856771469551706;4180.0050585029885;0.8395999876557498;0.951977494668024;36.8273585535095;309.9545720533258;40.15239647247425;313.42142013982647;70.94530085056695;344.2038238053083;83.24403974496062;356.1267566908919;0.7986292109054649;0.47529467727492103;0.11680896512885074;0.09465459075103556;0.31684781345449475;51.78648767284286;108.46505054685831;103.3995909399415
13:36:23;Thermosyphone;449.9889998444586;342.76048006040173;1.4662640943766696;9.509607556863022;1.0059663869718736;0.038673065790482984;0.024621263265375698;0.6125006513357667;1.0066773874183514;60.00257650430641;0.9917356044133118;0.00033315409147630326;4180.002986895994;0.8520055792255482;0.9489308131590397;36.83003298543092;310.00252717004963;40.3057654160106;313.34650992727023;71.39284092480659;344.175950259102;83.01530280734009;356.2248740898499;0.8147212622967493;0.47224860917026307;0.11833774037049724;0.09310353945543305;0.31578696245992827;51.717712043529026;108.46421987685329;103.40039374703932
13:37:27;Thermosyphone;449.998899273036;342.760479980957;1.450559719464336;9.51030968033444;1.0058814107211396;0.04480175187876515;0.04351560898834268;0.6054649138958126;1.0060088012832265;60.00106052993264;0.9986823339234013;0.00033172147016489903;4180.003995266848;0.8452009652619323;0.9568790332741957;36.85343657883137;310.0543882682229;40.35079836846128;313.6949124146713;70.79876105910948;344.2786310817284;83.15397755156593;356.06760261995476;0.8048298553110864;0.4828319063411926;0.11907898570733255;0.09398172708437436;0.30769386140311605;51.742715002372655;108.47307366106138;103.39898766337281
13:38:02;Thermosyphone;450.00522940198454;342.7604800129295;1.4721412592046486;9.491934969593869;1.0118551955151813;0.04017106773806504;0.04503722818551763;0.604992153529544;1.0087650194432591;59.994747877134735;1.015704075350728;0.00033006839377525485;4179.987669358835;0.8386132973133827;0.9707196773481386;36.91519270158833;310.0792814921323;40.42148612010734;313.5459374237314;71.26534081350289;344.1686426256344;82.86055115438026;355.79245389757887;0.7988152267782844;0.4773593889170714;0.11981200914775555;0.09338663397210097;0.31351731130768434;51.763003836623305;108.48815302129528;103.3986518776782
13:39:03;Thermosyphone;450.00678627972707;342.7604800387603;1.4647880463730836;9.486648809781991;1.0108830082915254;0.039907001002953746;0.033718754187041323;0.5944118741769017;0.9965161820506381;59.992007865385716;1.0130591741049015;0.0003319519707275201;4180.011393818333;0.8411979554678923;0.9432993122873746;36.97351499638767;310.114404494399;40.555532639348684;313.6817744848215;71.12631642129277;344.3852586628106;83.09585017993058;356.2693657080064;0.8197846363411031;0.4928968820924526;0.11673759384043277;0.09239485974001677;0.3129554593910077;51.825780209860056;108.49042442283033;103.39932415557706
13:40:56;Thermosyphone;449.9958609650573;342.7604799611773;1.4384987260575943;9.476080929078593;0.9894580268927836;0.0522470671683055;0.04062305388669697;0.5997649109532694;1.0112149380677178;60.01313876591612;0.9944298358209748;0.00034076801715160325;4179.9962449111645;0.8306157583964231;0.9695743862820246;36.993315126846326;310.12112186342114;40.560463083933;313.7253958080755;71.5281105291911;344.4865455297978;83.06803192734584;356.30591960090345;0.8075382093219738;0.47784102331028167;0.12129441579478051;0.09795895888813587;0.3111612706094455;51.949944418597475;108.51095330644452;103.4014513511507
13:41:55;Thermosyphone;450.01344635610764;342.76048000924146;1.4704257147489852;9.513523035976759;0.9917258329764774;0.04310029780267934;0.052351835421043824;0.5931547218936083;0.9967079380123857;59.97992020952383;1.0071037100685731;0.0003494500113122917;4180.011508883875;0.8634868223054935;0.9539505876012165;36.978322986190975;310.16664326909034;40.69903403190694;313.6364448576051;71.5015070531076;345.01136357039104;82.90445383062449;356.261464824794;0.8097088038599297;0.46552870616646;0.12778192403393054;0.10010623952507473;0.3127365325513762;52.13712209419674;108.51993120507639;103.39855450024233
13:42:30;Thermosyphone;449.9904115268574;342.76047996879663;1.468074853698401;9.48852437694521;1.008269988562241;0.04421480356420761;0.04888455908770633;0.5751354786702082;0.9945033891006861;60.0097074262617;1.005373041518509;0.000355089282021004;4179.985630947962;0.8512603613518464;0.9625370454710112;36.96210680444609;310.13249917763034;40.5259962349071;313.5242092520255;72.19140783405912;345.33345890223194;83.3230911412406;356.3816756899256;0.7994943853757156;0.4745323071403406;0.13290509206991702;0.10649228012235216;0.3065572591193904;52.068899144077406;108.53150934632568;103.40066573231144
13:43:35;Thermosyphone;450.0115526591622;342.7604800179902;1.446920504958973;9.502746646197302;0.9999280816268846;0.05652670379191978;0.056073964071149895;0.6048350971262187;1.001333009061475;60.00520964842246;0.9861085547011833;0.00035743939856578447;4180.0038934467775;0.8539972428661998;0.9559651788163787;36.91998347914743;310.08909498983377;40.70837194292211;313.81029971718255;72.59172264840291;345.69316400805013;83.14876894704689;356.2223930989968;0.7984065764563558;0.47495648237811955;0.13715046313031481;0.1090572907705018;0.3066382138637979;52.57195651152744;108.53419600074025;103.40023026528375
13:44:23;Thermosyphone;449.99001029707665;342.7604800300204;1.4636125804379374;9.502146738629666;0.993274627139979;0.04353634214348634;0.040070591398934124;0.6107004378009409;0.9737106374652398;59.99614997374418;0.9920275938591924;0.00037561693143302853;4179.998020227597;0.8623737893283654;0.9744564391023669;36.9644808040964;310.06759126307236;40.593627723743026;313.77342252298035;73.16761383795765;346.314092248119;82.85666916125363;356.3935871717881;0.7898529621745373;0.476461108295094;0.14204984273763624;0.11240081120707217;0.30978217407641534;52.53568771751437;108.54059841392483;103.39844141121102
13:45:34;Thermosyphone;450.0011328251573;342.7604800204938;1.4565994475095492;9.512305522393943;1.0077165003834312;0.04786463028347934;0.04323283112601206;0.6060742981826608;0.9838978558669684;59.99759241100528;0.9936456125252541;0.00037626699178564416;4179.990632136722;0.8299239488305976;0.9723840875032063;36.94080573817621;310.0914557036449;40.776819483409206;313.9927941488631;73.72568904141058;346.57713619255;83.13440219172932;356.0843134396223;0.8073279410266025;0.480210475398861;0.1476405769833011;0.1170788662243261;0.30800021499056174;52.484173598287896;108.5548658686808;103.39827947006613
13:46:23;Thermosyphone;450.0168343250725;342.7604799858484;1.449574886637335;9.506180544117106;1.0167430519532052;0.029589485381282234;0.025841272926029016;0.5938517127100771;1.0009970582288992;59.99857203987227;0.9973970270939311;0.00038544512909219727;4179.993531263023;0.8417281831753042;0.9635998145684594;36.94887088302347;310.0505972093139;40.93960793504424;313.95619596039836;73.99352346695916;347.0022447384109;83.14663211249255;356.044368044955;0.8158340053862022;0.4941489973290243;0.15094561644890458;0.11873317715051739;0.3057221133799102;52.558333993951884;108.56218655882763;103.39889842484429
13:47:17;Thermosyphone;449.9912617813642;342.7604800435486;1.4658038049916255;9.506637914958972;0.9929212114335475;0.04206840645373214;0.061093754176045637;0.5790688338472854;1.0020571956660642;60.014062242658056;1.0181151274777245;0.00039199854723678167;4180.002762216985;0.8604432170021312;0.9720583867823169;36.88708112503607;310.03193495438103;40.808959393392314;313.99920550325874;74.27896955691614;347.39464921798066;83.33389285802153;356.52039966018344;0.7940781126653365;0.48157697483547823;0.15454430316051443;0.12545473713022628;0.30342608147917627;52.30480770016102;108.56945136209193;103.39854836176954
13:48:18;Thermosyphone;450.02321644168916;342.760480008502;1.4529880917421054;9.507217490487092;0.9909298010930698;0.05337757067247255;0.04963548109990181;0.6042055695894708;0.9930874159132042;59.9979557756836;0.9838037681121509;0.0004037044178290235;4180.00890252332;0.8314845947045287;0.9499016644870169;36.90777911710347;310.06119551180535;40.816711788718884;313.9719998058575;74.74790129236223;347.8440049267163;82.79219011241373;356.3074107560211;0.8120342263640659;0.48258066145193734;0.15852482846864438;0.1277354656822114;0.30604876409488646;52.383876779427084;108.5820986774086;103.40176725304299
13:49:15;Thermosyphone;450.0012650367579;342.7604800165503;1.454697488420879;9.495901500890664;1.0138500107381125;0.049624590911147314;0.05617001462382918;0.5947345531542062;1.0146725882205716;60.010404654513046;0.9870832245254372;0.00041577603124729704;4180.001683057189;0.8527847763094341;0.9398293312337179;36.87712501568357;310.08141531217416;40.773908579467424;314.10868231249225;74.87594313430452;348.000942679389;83.44968878111371;356.4164297382986;0.7987164022991561;0.4822371022876179;0.16464012550900173;0.13160144111174765;0.3067298741124113;52.557048753762444;108.59269697585471;103.39765709136636
13:51:05;Thermosyphone;450.01004583307935;342.7604799990215;1.453004344251824;9.514110048539804;0.9949523169225848;0.043697534832950226;0.046861159724731705;0.5907726743665099;1.0103883447861992;59.99587789407011;1.0046419238204878;0.0004187372303391404;4179.9986553070075;0.848289494715875;0.9534513731224465;36.979657286338515;310.11167840393375;41.046384027544235;314.18282311283065;75.36998756112571;348.2306554978336;83.36692016245675;356.3635372943785;0.7997762318872254;0.47285568462407374;0.16780294392214168;0.13412312798307402;0.30325330943230283;52.64255961097504;108.59403217456631;103.40049402113775
13:51:41;Thermosyphone;450.00105713834654;342.7604800367964;1.467310665144997;9.494628422696163;0.9888928189056946;0.036344398839032704;0.06344078421839255;0.6074373489848406;0.9770630617732998;60.00858749799403;0.9778216735283736;0.0004270263524658206;4180.0084536043305;0.8460541726004454;0.9610694931316701;37.04171417898065;310.16614084263017;41.04513596113584;314.1257540812358;74.7849302315315;348.23473309150097;83.0177931619694;356.54951737186747;0.78606919644868;0.47817894695928287;0.1656084887157751;0.13449932937488956;0.3024870247123095;52.83748582459086;108.57954140675368;103.4012313852184
13:52:40;Thermosyphone;449.9934501120517;342.76048006100206;1.4641580037726996;9.502689676689121;1.0241238217050694;0.033669976287656125;0.041874014545613195;0.5920650761757961;1.0120315252844247;59.99381177805796;1.0119025190740456;0.0004177115989500783;4179.981853399137;0.841983789963051;0.9628714390459377;37.116957938556915;310.2702684824974;41.07922920059769;314.2663926279601;74.04446564148516;347.68525350775377;83.54341668836047;356.6298180552053;0.7933409996780739;0.4887972674492905;0.16605609838576543;0.13244160768404253;0.3025328643137228;52.79348545113133;108.57966795991112;103.39955637687655
13:53:35;Thermosyphone;449.9861279710556;342.7604800137019;1.4624056095494835;9.508435906403898;1.0022311505307004;0.04544123300167347;0.05554293113608609;0.6051438543824352;1.0117843389623467;60.008524727556974;1.0018880247463082;0.0004180467796676115;4180.0080295415555;0.8442285636041976;0.9585233024227972;37.138898076723;310.3526661131569;40.968203724319785;314.30948807778356;74.26871935711613;347.4524729462611;83.6745679592507;356.8471710856916;0.79803175611897;0.45281969575905945;0.1617416315038026;0.1303654984893915;0.3010245323228463;53.05304737065941;108.57334685562334;103.39865954201038
13:54:29;Thermosyphone;449.9974793899988;342.7604799348208;1.4476659582292224;9.485713467346667;1.0054389339305585;0.03752904946515384;0.028674881831256566;0.6081013650573311;1.0097209331628634;59.99638303470907;1.0094671396652755;0.00042213553789281533;4179.9908562688615;0.8528124579167512;0.9618469622772543;37.19993638150206;310.345020245105;41.17499249416667;314.5471279221227;73.81188736892662;347.00368451145835;83.6342975260315;356.9297719432696;0.7979766683131397;0.4762326937055599;0.15998148466380485;0.12749803855244307;0.3009610709415015;53.34608774928531;108.56209227533745;103.39894591269045
13:55:25;Thermosyphone;450.0043358841481;342.760480019017;1.4487137733959357;9.49429162764812;1.005866110842918;0.023616743158361715;0.07215055367629362;0.6030144797237066;0.9969589525487099;59.99849664637218;0.9892661000798766;0.0004265534829215022;4179.999160987449;0.8456491286727926;0.9775702103544749;37.3043634182644;310.4274316433759;41.22376250296023;314.28386908065875;73.42066836284971;346.5945144004476;84.02716011136039;357.3231033218821;0.8197753597714446;0.4582742450316087;0.16186472905460025;0.12705269521731982;0.30143639126290794;53.10881193233488;108.53857704562441;103.40165370230412
13:56:15;Thermosyphone;450.0065185357427;342.7604799864738;1.4400913612568975;9.50418416672436;1.004863466701476;0.030642023722539595;0.058593944383874844;0.6180541363432134;1.004906502735194;60.00431392153342;0.9926619755661048;0.00041622110934379924;4179.9959390650265;0.8506900236090186;0.9601174819588669;37.341109256084174;310.55167042234945;41.28499727772846;314.25396677000384;72.94276732863543;346.00194232857774;83.93342424333652;357.37409440188964;0.7971475806581885;0.4730714312520491;0.1577670921835322;0.12509880079750813;0.3015407055385621;53.270201641903405;108.53622834188373;103.39817435726445
13:57:05;Thermosyphone;449.9919357985939;342.7604799742776;1.448159180964817;9.498267889830608;0.99525954920226;0.026953975387108274;0.048971121903384165;0.6033600162751983;0.9950745525970689;60.00819069046011;1.0031545708391003;0.00042141593386876483;4179.99626458571;0.85413473317899;0.9668248864921826;37.36694215717961;310.58319252638853;41.2038387868009;314.48975021900696;72.41972463264419;345.8857977969539;83.95269945518245;357.38647699759207;0.8018145942701168;0.4840697369752874;0.15514697277918757;0.12185223428434798;0.30259716451093216;53.09772896207756;108.52603456953408;103.39892460042707
13:58:07;Thermosyphone;449.9859690384108;342.76048003540643;1.4638097790970794;9.500716276124027;0.998556649492306;0.030400284321776407;0.04889921184476604;0.590919733971137;1.0008641506206428;60.00393728569633;0.9975285815205656;0.0004214506640688717;4180.005835920026;0.8580467454901863;0.9797475400043295;37.44153608575045;310.59489086846094;41.16677679251763;314.43595178469553;72.20354181600324;345.53317796365604;84.56246901242368;357.6925522289808;0.8163954206519501;0.48853641325079034;0.15450902368057268;0.12106637860784608;0.29937223211601655;53.60414200915841;108.52134277817106;103.3973467702182
13:58:57;Thermosyphone;449.99022146147644;342.7604799719523;1.4695223529074375;9.518059195180514;1.00329931296423;0.043407114272447166;0.06941945983411368;0.6044868976371958;1.005590430884707;60.00372705724293;1.0037432121278682;0.00042490499958001347;4180.0072634805965;0.850853640702425;0.9560686010524905;37.54204501409639;310.6488520761071;41.40844451063967;314.5192967344261;72.19052068159823;345.0910778585029;84.64032656826681;357.7380513312174;0.7999299229736071;0.4837018687856285;0.15027178953658885;0.1186717938561985;0.3002318471119446;53.09786183072388;108.51128155880829;103.40286255997913
14:00:56;Thermosyphone;450.00853690039344;342.7604800530873;1.46679058284803;9.522770196274369;0.9912885982150536;0.036587828995474615;0.05483327110358123;0.5838508720701342;0.999935626830177;60.0006674634368;1.0129791373000196;0.00042388018459438813;4180.007662616;0.856967587908515;0.9606137946274682;37.57001986987166;310.7307707346092;41.600175800151035;314.54769866503085;71.93953763203837;345.0009195472942;84.65768890542765;357.9703579105128;0.7974936720530349;0.4707801462393938;0.14831102892500764;0.11796875938815908;0.2995249122273377;53.659271764378296;108.48870735099135;103.4010699178304
14:01:50;Thermosyphone;450.0070057206555;342.76048007152417;1.4751612000063477;9.503448518675498;1.0033890326469272;0.05113664151497864;0.06277897694797838;0.5964184914069315;0.9877497120027554;60.00862944472291;1.00225087135032;0.00042221849420493726;4180.005428962358;0.8430157370899426;0.9548994736766938;37.55067810643412;310.673627941896;41.47220593070576;314.68142118872606;71.99440509144343;344.9911355829535;84.8361430145958;357.8168503694382;0.7850977903299398;0.4822953610191811;0.15149984479358175;0.12166650990228844;0.297258776236586;53.78653861327364;108.47682467763585;103.40077014155025
14:02:46;Thermosyphone;450.00283208044647;342.7604799646383;1.4641612112644855;9.518281696335217;1.0135870780235725;0.04362248637157552;0.04949264619835619;0.6089832346209508;0.9985891983977315;59.97470930560187;0.9828215594294464;0.0004249745227311673;4180.013302763423;0.8487460329054431;0.9520176927861205;37.48434880257018;310.61189410459116;41.615747906555185;314.9998301311251;71.88529332053633;345.0067954826788;84.18131857874106;357.61492015088766;0.7905009624188749;0.4865042008767233;0.14915646459444612;0.12002012068576767;0.2985312225622882;53.96379133177991;108.46754796131177;103.40003336724669
14:03:40;Thermosyphone;450.0034286654662;342.7604800115914;1.4575742537683793;9.488322854543297;0.9759319024821593;0.028838284494854902;0.060139344510569924;0.6080033593406395;1.0114236977470035;60.00328119818128;1.0022703242376594;0.0004200628193794701;4179.982917693491;0.8517817382856848;0.9535240721458861;37.441238407230664;310.58224922664584;41.719411615531726;314.98433352821235;72.18956307909738;345.04065128897054;84.38069726573912;357.4727493717666;0.7798879991140861;0.48940133606068664;0.14876718112773865;0.11887460263968568;0.29576602245685274;54.11214972199878;108.46823243713285;103.40036201804473
14:04:35;Thermosyphone;449.9934648899038;342.7604799896605;1.4451593488219847;9.510527060999472;1.0118634882280362;0.035201637013602904;0.05037900671967996;0.5933327147080675;0.9869097183590796;59.994852627322636;0.9880279811536113;0.00041294482988281936;4180.002959677226;0.8400431578891662;0.9595815326492139;37.36011490135989;310.57018273517986;41.72812156920839;314.8859339023788;72.26514486708112;345.24753237373744;84.30019832280855;357.4052383476945;0.8048120210357883;0.47208446266668835;0.14961409902253756;0.11800908989937456;0.29776180170450534;53.94449935444268;108.4573188571847;103.40073155556307
14:05:23;Thermosyphone;450.00726530711364;342.76047998697976;1.4499483218143845;9.491993699377815;0.989254881936646;0.04311267026690013;0.048035295251088045;0.5969302819660742;1.0085412079008456;60.00881674337075;1.0010976078242153;0.0004129635427634685;4180.004851427962;0.8304120802790781;0.9510741848841494;37.378304300712095;310.56644241077163;41.60057644716891;314.8617630872243;72.06103996763497;345.4485112946892;83.85584920424446;357.1581257272454;0.8121281912422094;0.4888182479940447;0.14889739218522874;0.11915152432363589;0.29624976620138577;53.972334000844306;108.44282777466269;103.39913099678942
14:06:15;Thermosyphone;450.0045884256963;342.7604800329399;1.4419462529549187;9.506663678602532;0.9895550010045808;0.03927420957819406;0.0530352673323549;0.6101382586436175;0.9997596569539615;60.00248765685302;1.016292951899093;0.0004258726685736467;4180.010531637904;0.8575047693550557;0.9650818943637193;37.381267906568496;310.51208865672885;41.893425327352546;315.1351504300305;72.31481019982579;345.1603290169292;83.95787704122908;357.526719800568;0.788629579960411;0.4850986778335317;0.15010696832288636;0.1190312809789627;0.2943436211192013;54.088066524892746;108.43655966089301;103.39912925546705
14:07:25;Thermosyphone;450.0018180641601;342.76048002782227;1.4463871574614415;9.505902160730862;1.024896093184703;0.039450754001390434;0.03879036386480534;0.6113865106718526;0.9952552749336292;59.98711541064505;0.9887235612557861;0.00041570313642271515;4180.005227100109;0.8415006686873117;0.9513107476884716;37.30096362983105;310.4686984894086;42.1586809465685;315.3487744664903;72.25301273909398;345.63066996327643;83.82862842169213;357.435802634183;0.8062015656693107;0.48265721430128916;0.14773345962689166;0.11896736354970792;0.29437273378605777;54.21056278352437;108.4242505725005;103.39916073919534
14:08:13;Thermosyphone;450.0042726730873;342.7604800016945;1.4750806161206171;9.487512654901517;1.002860559027718;0.02671671327442446;0.055636273540849275;0.6057336570482762;1.0013576346189503;60.005061108419405;1.0058458005711668;0.0004217596132488658;4179.986159537045;0.8587745244434009;0.977487756911043;37.29727759769894;310.416857155451;42.36636058458546;315.3152850340539;72.57065275326438;345.6379903434858;84.1458640689763;356.7404306036066;0.7920723639461292;0.4852427186175571;0.14948668423889333;0.11759121465393614;0.29714752911638403;54.311062982543746;108.41932039400331;103.40052130678005
14:09:04;Thermosyphone;449.97686350253235;342.760479939288;1.4537640227842032;9.522010989384674;0.9927983940341977;0.03976393642183091;0.07077868068619475;0.6003822594150592;1.0050930035111652;60.00311651523793;0.9916232584677002;0.00041688094369318214;4179.994975390431;0.8499250608663705;0.9526640833492968;37.22557219677507;310.3922309805528;42.35851322221697;315.6442588692658;72.31627033448969;345.6343704262604;83.61112805707299;356.8276373426913;0.7827974850175627;0.49726640791260246;0.14928960110012218;0.11880789068571264;0.29244002312454664;54.06143691668448;108.41537994893126;103.39776312773476
14:10:48;Thermosyphone;450.012027395561;342.76048000291826;1.4544887150951051;9.5133493172469;0.9971746538523273;0.04800935978567327;0.037633744060174;0.614273271055221;0.9944366279313522;60.0017870200881;0.9928160847422354;0.00041704246338934226;4179.99720189032;0.8591736095734288;0.9575512202531786;37.24970426104774;310.3848125500819;42.58214905908803;315.40588607601757;72.20786314202655;345.8796820511634;83.2953706961209;357.15585923082017;0.7998488057887392;0.484346757510163;0.14969243554956843;0.11663191578021313;0.2940734906746548;55.043485117612;108.41358246870216;103.38992286210217
14:11:56;Thermosyphone;449.9882785031235;342.7604799928787;1.457806799678766;9.512437026568112;0.9861484627188231;0.05050692024271829;0.04587780263769547;0.5836150771885805;1.0099754821267226;59.995836054187976;0.9799653333454217;0.0004228967414120853;4179.983134906326;0.8462206930699682;0.948735175629472;37.273196192188735;310.46547725424415;42.628826876927064;315.52813089234616;72.44376089605728;345.64332703291535;83.93006683960317;356.91611419135694;0.7878998155411268;0.46708922046251844;0.14953625105202795;0.11748950367860399;0.29174413434220603;54.58955750426101;108.42005796753708;103.38221905230304
14:12:27;Thermosyphone;449.9972859379313;342.7604800268572;1.4415072729511844;9.508706814017556;0.9875217458721044;0.042322376897435475;0.04154054298144577;0.5838489953357824;1.0022090890829718;59.998977334829036;1.0152171980637796;0.0004230235664737366;4179.984117376207;0.8532798492727847;0.9698132148967183;37.35490359427509;310.5283359572111;42.91031722853875;315.7491594019951;72.53827714851992;346.0281333872958;83.90664209291099;356.7000257108188;0.7847522009665354;0.4644371514591405;0.14893749856746732;0.11611333885167269;0.2919517994870963;54.65296767959257;108.42410524083054;103.37358094229637
14:13:38;Thermosyphone;450.00431045675003;342.760479946601;1.4742468738906327;9.511788180068747;1.0107061971149252;0.019364721222306872;0.05890525815196151;0.5856641745748966;1.0042914559641178;60.01162778377528;1.0107164580927142;0.00042264041883520594;4180.018527459123;0.8516521267309914;0.9519256412464793;37.37028642939694;310.5322547304668;42.9072155908648;315.834761362773;72.60127374610326;345.60949050754516;83.57948612980103;356.64271152786876;0.7952854682439647;0.4830536247687468;0.14726870440731596;0.1164260502454132;0.28911089678931995;54.53760034999716;108.43254608138196;103.3651721735876
14:14:31;Thermosyphone;450.00037428394944;342.7604800193022;1.462910893613456;9.494660446127778;0.985727462638591;0.03641499039697249;0.03471410353585414;0.5993290530907651;0.9923349278019733;60.00287472958942;1.0019610510888237;0.0004186767288540385;4180.00634726222;0.8783685537571924;0.9415501701578046;37.48028998560382;310.55532587541035;42.77791019127474;315.97390830553644;72.57844245446647;345.64097337536623;83.54107432776732;356.6984470680728;0.7924038470798325;0.48591539152983104;0.1485203680791659;0.11491487165557471;0.2901688637484826;54.80091425650835;108.43695900526225;103.35447022854073
14:15:29;Thermosyphone;449.99630781597773;342.76047998353937;1.4675607905095533;9.503134020653116;1.0038766169597313;0.045030940471871214;0.051432947127382334;0.6131358748012565;0.986304257404485;59.99968773129421;0.9771683945146981;0.00041847131625618456;4180.020033279183;0.8371538166438269;0.9489679387745841;37.471092814770564;310.642203914631;43.143207504091954;316.15002876862883;72.73204531489291;345.58566403779315;83.85380469704751;357.0870692781957;0.7901694423158752;0.46505089387099674;0.147018725388298;0.11481778330007279;0.29086542665815157;54.97845416105076;108.45417566990669;103.34761635371785
14:16:03;Thermosyphone;450.01270833214596;342.76048000844526;1.455074149341199;9.490251088809506;1.012323358430818;0.028395132489364948;0.051082306993811534;0.6113752763529815;0.9834499880007501;60.003160880120525;1.0031078721874456;0.0004215518233035796;4179.995348951307;0.855855495832589;0.9703859814254823;37.511618673967114;310.7151855561305;43.057963244641684;316.2615194480314;72.63938913827803;345.54978180873155;83.46490432279818;356.70464192950885;0.8151459856435812;0.4879385950455796;0.1445735956442861;0.11228374148152756;0.29279198691372216;55.028704521646965;108.46208042489887;103.33510707689626
14:17:03;Thermosyphone;449.9867862522614;342.7604800097948;1.4514115274474977;9.516454872761727;1.009189822931258;0.03407788241065463;0.0407276691087686;0.6129020566222213;0.9962693158157467;60.026435900437015;1.000964707952837;0.0004150372494745985;4179.979593021739;0.8426449834732209;0.9744540059905336;37.55823734302058;310.6572303078472;43.24505425819289;316.4342417316079;72.65853856018495;345.6503042254719;83.59982169518567;356.8327145233476;0.8222426861699945;0.4905904823635516;0.14421961423233357;0.11424849345088103;0.291715058973911;55.48106280322433;108.47378351505986;103.32682510298311
14:18:13;Thermosyphone;449.9952270282401;342.7604800049215;1.4482988092822948;9.500234225036163;0.9854313483869725;0.04843972422069092;0.05798571546232936;0.5834917742178496;1.007471436064984;59.99439584726275;1.0141281930087644;0.0004236516283437484;4180.0108701836225;0.8559111797292184;0.9495686135337731;37.56371125308461;310.76215065013895;43.296559847283454;316.61765842509163;72.16692510373252;345.7000642861651;83.71258777201683;356.5340244809835;0.7903531603037562;0.484239058654193;0.14569601329212925;0.11327853194116297;0.28821741492000186;55.12181389406722;108.48098465177567;103.31744172386571
14:18:57;Thermosyphone;450.0004141496726;342.76047997329226;1.4550686227135083;9.47986195980252;1.0083628753536533;0.034383626743520676;0.05079531914636633;0.6150010438696878;1.0155363740036019;60.006619496792375;0.9897887991945262;0.00041967946558836355;4180.003000620628;0.8526933580039945;0.9614051642117314;37.6724685603595;310.81939878846015;43.715331375849146;316.81896700307743;72.29179435036431;345.50525914270776;83.60678282999518;356.83464904946607;0.7950825033040856;0.4798935547086807;0.14356222402839794;0.11200643256852542;0.2895636967546433;55.319152710868245;108.49743426607186;103.3105067922906
14:20:52;Thermosyphone;450.01271102013635;342.76047995334653;1.4605046360342169;9.494409025888633;0.9944919869672166;0.059810371591942954;0.045796064935783795;0.6024598672415008;1.0059062621897423;59.99974593643694;0.9863900635280477;0.0004211928389104873;4179.996576567851;0.8489421833482771;0.9597679007632041;37.69178427454326;310.84108612258575;43.50417753940287;316.8575332083923;72.74327922961604;345.273393543854;83.50321411478296;356.6964704799926;0.7801399375334074;0.4616994607114091;0.1424951089103459;0.11336501385176859;0.28731146032209115;55.10374472810157;108.49938171625102;103.30067694926609
14:21:52;Thermosyphone;450.00042423274635;342.7604800861552;1.458994009975374;9.504334752926455;0.9946934558733285;0.03138486598105565;0.03835546157507957;0.5871000416633684;1.0055065965303736;60.001619237623345;0.993695383110259;0.000418724110199686;4180.010592211139;0.8479275913945508;0.9603417446826592;37.6699569439702;310.8248499777556;43.57516698886602;316.5254301558793;72.1616120090417;345.70053813883464;83.63991517427259;356.83283604186647;0.7828281946271832;0.47199449226318246;0.14418305147489444;0.11252944595528624;0.285654540899237;55.143194341759916;108.5070945609159;103.29965420754293
14:22:42;Thermosyphone;449.9865837060173;342.7604799745226;1.4535747545660873;9.488496712979988;1.000905581905808;0.028438007715847265;0.042556188261049;0.5920177116330473;0.9833988688947992;59.98421675739487;1.0012021134455424;0.00041625312948604916;4179.998147367367;0.8485435436318265;0.963316947903706;37.66320413471739;310.7808412045036;43.510660776430875;316.8182491643443;72.68084465681892;345.62806931877043;83.80602853055328;356.9326744574532;0.7984543702031333;0.48634818910753275;0.14383678123967106;0.11332495556772117;0.28763893171781824;55.855945981580625;108.49734435183058;103.30159237138096
14:23:42;Thermosyphone;449.9877720896518;342.76048001846203;1.4624652559733289;9.493908832001953;0.9753891875918496;0.0474564797126103;0.03703753242234664;0.5982757511743692;0.9822538109860399;60.005933956096115;0.9816410698783213;0.0004178641975678472;4179.994354156236;0.8499305120144274;0.9451692334178895;37.6373094356384;310.78818500524085;43.58479400770789;316.7440014856833;72.1170417219753;346.0028202957377;83.84941004572887;357.1593144891428;0.8018299736719423;0.4805573061559509;0.14554273100995632;0.11235870046186595;0.2881560177891514;55.8279851273317;108.50073960277696;103.29978272961266
14:24:38;Thermosyphone;450.00413322566453;342.76047998776977;1.4529337605795893;9.501251347319139;1.0076201970029957;0.03496380451809617;0.05790015587744247;0.619625341815735;1.005926544072258;59.99937203062436;1.0056909487040133;0.0004183924665241441;4179.988804828707;0.8424133803159252;0.9463049663046367;37.630091209374804;310.74831993140924;43.39260760174612;316.8188470705983;72.68852001454829;345.82854720051927;83.71818590281165;356.90909035915973;0.8176194959818845;0.4739530846576482;0.1455651473949593;0.11334715486835123;0.28370207763876787;55.327643033537456;108.50182403744643;103.2995706127016
14:25:25;Thermosyphone;450.01041797666267;342.7604799470674;1.4557470458608524;9.511714008517723;1.008431614942897;0.037239873021328834;0.05469349711384645;0.6062439181457034;0.9912444856454367;59.985223155444935;1.0086452931717782;0.0004201947152563429;4180.018192351853;0.8435625071980158;0.9699602898070669;37.609045846129085;310.75202262667494;43.59427710692582;316.63031109615275;72.62344422140886;345.73939985408674;84.04058414816178;356.99486838978;0.8024585604842758;0.4978218856591735;0.1441903263719671;0.1139902802343274;0.28238609265711995;55.786607434939874;108.50096513518316;103.2987390954732
14:26:25;Thermosyphone;450.00104292310425;342.7604800589732;1.4574803887083996;9.503948098421652;0.9985404487777099;0.0287787999904709;0.07601826968910011;0.6018261906805065;1.003058228721498;60.00084812193751;0.9853321344749397;0.00041505517427825925;4179.9832480200685;0.8632102060417588;0.9650211310181074;37.565402713148636;310.6904459297447;43.47552254471406;316.7105849619257;72.50988168930603;346.0155518613669;83.96194499161737;357.2075618504261;0.7989952257678563;0.45811672790557273;0.14665069089500468;0.11375736338972628;0.28136738829133606;55.69810104652868;108.4987702573855;103.29856764630597
14:27:18;Thermosyphone;450.01204453646824;342.7604800113065;1.4422378567208838;9.493222941026232;0.9802176075208917;0.04200604702546117;0.04001759199223584;0.6027544782118444;1.008011608094886;60.00878209554139;1.0020774984577703;0.0004190700344456365;4179.9837854262;0.871812746311751;0.9820901575319211;37.552505286090444;310.71427825172196;43.419988225867264;316.6591497390038;72.76804908504174;345.81403159588996;84.50343469712412;357.3887642604239;0.7937880554828899;0.4759193138995402;0.14625084292595916;0.11241259486874347;0.2853418580391038;55.84698367733731;108.50330780552318;103.30049202693824
14:28:06;Thermosyphone;449.9933020123746;342.76048004520857;1.4606351836419915;9.505957169922675;1.0059384697350255;0.03909383859581682;0.03905038902616249;0.6179890750715767;0.9980655188574048;60.01288259781024;0.9991082047100086;0.00042402562889605136;4179.99133752153;0.8368379531839628;0.9572061820388055;37.525824538757625;310.7012766830072;43.57655134028282;316.5054492911102;72.68393656302032;345.722953039468;84.1175416233778;357.38752930528864;0.7937909470358089;0.49166529406141346;0.14679127265696634;0.1133814128010144;0.2861901564890023;56.11023086166285;108.50072029721684;103.2994956046197
14:29:17;Thermosyphone;450.0079786797894;342.7604799649388;1.4579646268321589;9.491671937008881;1.0089476721439221;0.029714481122643792;0.04363110407988134;0.5938240419136944;1.004804098248504;59.98950604847769;1.0000773235158438;0.0004121806809710788;4180.008502613182;0.8231431862485558;0.9617674516823842;37.52363871895047;310.6569151177007;43.64679876266019;316.8002782799929;73.03574841359958;346.1960193593604;84.38718761154306;357.40780626082704;0.8026338057184428;0.4910140363676413;0.14651133880789252;0.11211502241039183;0.2808096233380832;56.362266567212004;108.49696958166697;103.29915436604325
14:31:00;Thermosyphone;450.0089668813056;342.7604800182163;1.457793252331832;9.478778257140979;1.0221853771988443;0.03621123537922021;0.060895994442828116;0.6014176203210102;0.9946471334848972;59.99732936961613;0.9983139977840961;0.00041782051766550205;4179.987069597573;0.8539681543978074;0.9780622159778212;37.54341246688529;310.7053562874205;43.45352408316118;316.9334189559555;72.69043867639006;346.1408593839464;83.96736662198926;357.3194720208021;0.8022223923632651;0.46886361461817455;0.14331318387795758;0.11082135790037824;0.2827650811628656;56.037956594733046;108.50518629082175;103.30036782784615
14:31:37;Thermosyphone;450.00631044017945;342.76047997337184;1.4723186175439282;9.49474632923536;0.9911795952039718;0.04108063731524355;0.05997341028284596;0.5756436975781839;0.9935838830383391;60.01257648207337;0.989601573199533;0.00039920219165338856;4179.984088642727;0.8465393108736534;0.947440238275076;37.618885997858214;310.7251979179692;43.626047115628246;316.8093124150227;72.76084706797761;345.97342192471837;84.07824469443132;357.24166906747746;0.8122858142544991;0.4842386886053913;0.14091427312494123;0.11058275890717308;0.282803052545595;56.368934772416985;108.52031555515421;103.29965980992381
14:32:54;Thermosyphone;450.002090858722;342.76048000151025;1.4719806680349394;9.508248789393106;0.9929688243900188;0.044783483045231935;0.03720025177377874;0.5975254265495618;1.001755519473669;60.00140365407482;0.9983454979576737;0.00039198099200772824;4180.003991321454;0.8555553407172772;0.9532544613490241;37.66315029187269;310.82475860379043;43.83033285437022;316.9642127887491;72.92557015530251;346.097454886698;84.3142947254593;357.41545730174005;0.7949158017154899;0.4833499268913355;0.1362712645214073;0.10641231455802926;0.2822197180323913;56.60217070256946;108.52478197239913;103.30077549617533
14:33:33;Thermosyphone;450.0046103974778;342.76047995660787;1.4695676154838895;9.504876643729288;1.0046355092987649;0.04017805225457598;0.036719932014261505;0.5833075714606591;1.0007368055832202;59.99628978478253;1.0032689784041053;0.00039104668406658613;4180.004157530628;0.8403997495646917;0.9663428213011058;37.70485763467952;310.8772207894376;43.93357210188866;316.95287669566636;73.07378536539044;345.9196846483309;84.11447883689547;357.4918228624588;0.8018706300582014;0.4716838681765438;0.13341623459454044;0.10463467932089286;0.2804401880501924;56.657532250063966;108.53985068036667;103.29973196401743
14:34:43;Thermosyphone;449.9983910585879;342.76047996670354;1.4538952343960732;9.509311615848985;0.9942124555555732;0.05117867306123103;0.05007031295609745;0.6039523957055585;0.9927429123974483;60.00032451164342;0.999942484586015;0.00038290340701265505;4179.9953449696395;0.8343759610588855;0.9489652197631929;37.75789380804261;310.93708398038575;43.84989050909761;316.9899557627638;72.75768624546161;345.9557502926713;84.02036939441459;356.9513974637377;0.796862242185871;0.48952683889140536;0.13109828896157338;0.10220944442830443;0.27943696787263494;56.86447700152001;108.54085417524728;103.30078819229618
14:35:32;Thermosyphone;449.9976856348186;342.76047998763795;1.448009764125348;9.49880781691335;1.0166734660141987;0.032815572796453786;0.052199446818466326;0.6090911966948701;0.9990264896124226;59.98690096040417;1.0033808710994656;0.00037645997823824464;4180.001527897174;0.849612188886999;0.959490563995108;37.780751635671756;310.98440920657845;43.989073285514195;317.08863411303;72.99912940509174;345.77995807973764;83.98143433015508;356.8868585708116;0.80336128202868;0.4659233871298783;0.1276215669439125;0.09937799752471484;0.2814247509187446;56.833981524277874;108.55293302286006;103.29885915046208
14:36:26;Thermosyphone;449.9826931499868;342.7604799872178;1.4612112868565648;9.501740780892067;0.9846444124746624;0.051130526407750114;0.05059020185288883;0.6099861414612568;0.9957712562292281;60.00035579530146;1.00196707877785;0.00036113336753411434;4180.022123611664;0.8472782360704363;0.9633833088456937;37.86776941246887;311.0192781493418;44.119193373456;317.2026318328917;72.61251262848772;345.92896297068125;83.81473371993057;357.4301746558559;0.7981705739501873;0.4733995083789033;0.12486355392322376;0.09839601105098769;0.27707749501570006;57.479685014113;108.55973775784426;103.29932016287529
14:37:08;Thermosyphone;449.9953055268321;342.76047995475415;1.4502719837176772;9.496626882044144;0.9985367915008735;0.042540045321784445;0.05264584013390959;0.5992149214725725;1.012966599004576;60.00167938874606;1.0120524246470242;0.00035502307059597497;4179.993606550892;0.8364213727072577;0.9320702461240818;37.9269115952632;311.06029217648677;44.22452111997115;317.52717751963036;72.37310649236714;346.01816018502427;83.54094451908169;356.62888614027327;0.8223907088423078;0.4875660365400995;0.1170465356741629;0.09542526945238389;0.2788702441541659;57.69406371127553;108.56931666689347;103.30027330204622
14:38:11;Thermosyphone;449.9792850075835;342.76048000419115;1.4643158118207722;9.49043239604478;1.0052549768338328;0.046575697467488436;0.05021323736125214;0.6113415575802613;1.0064039999163241;60.01614678316028;1.0025960945983254;0.00035014537719844447;4179.998559337976;0.8567703490447249;0.9634197316789784;38.000557524937236;311.1576319705764;44.281102685094346;317.4306362896204;72.43205299655313;345.9248722427321;83.53086665685025;356.7544372523619;0.7961637931454697;0.48655203430275323;0.11829188067570744;0.09199624629896234;0.2784651826352658;57.62648249356335;108.57853640797971;103.30212974926367
14:39:15;Thermosyphone;449.9939944654854;342.76047995948846;1.4447477623880127;9.490720043121588;0.9906792832451581;0.043039704694168526;0.05181148781973869;0.6084802343057221;1.0018031054152468;60.00211223520695;0.9970022927817542;0.00034385478482611885;4180.0161085594345;0.8420869644161801;0.9630231780893675;38.03979778278127;311.18952537732457;44.343263573535005;317.42458274079763;72.67209748966307;346.0271152972096;83.92458219796266;356.9958151865906;0.8014329252944903;0.4934533605638457;0.11420291235364267;0.0888527117025686;0.2760887927920943;57.962902637159566;108.59463720542227;103.29868238875066
14:40:47;Thermosyphone;450.01991762922574;342.76048000737154;1.445580764522558;9.496915074223462;1.0057655052269616;0.05074486943239311;0.05808751598932062;0.6160855808815575;1.0072683300190046;60.004527128624375;1.012239229709493;0.0003281811045919269;4179.994152623822;0.8358778635295693;0.967647753281923;38.057396532505436;311.2284691914824;44.56657957911029;317.66500896399856;73.04083784336113;346.42633936620217;83.93327147053574;356.7096161211028;0.7921960349369903;0.49928857337274724;0.11263192838462849;0.08694764379687901;0.2764227087490784;58.08137546761595;108.5996814607382;103.30012945982992
14:41:41;Thermosyphone;449.9922164659447;342.76048003630655;1.4605404855197568;9.510089205348695;0.9829828011975664;0.034180782994363064;0.053101691403808486;0.6067094877056899;1.0208150549710235;60.002009024195395;0.9910816064085699;0.00032723582545777233;4179.986600605574;0.8634457026911199;0.9584662423666058;38.031440503902886;311.2213355624611;44.766631943139934;317.72185954179685;73.43054146346903;346.71730235915754;83.3630174146407;356.91418092434776;0.8067925835410071;0.4818441259717836;0.11489371679181686;0.08859789720162221;0.27642193160956674;58.2013000583803;108.6004134019076;103.30224971670283
14:42:48;Thermosyphone;449.9973657819799;342.7604799986229;1.4495822406545413;9.51216888829369;1.0277583828793975;0.03745223816282336;0.05297103709918193;0.6048596200565381;1.0009275787107719;59.998341744831315;1.0063627535268165;0.00032468357614584884;4179.991266879654;0.8523621775902099;0.9606686843660971;38.02253342416909;311.18139490693017;44.80372255807008;317.69073043512174;73.81244482162737;347.25867200950074;83.72564969014284;356.8934590000328;0.8121104614987897;0.46165952072841626;0.11735977340852684;0.089865523996093;0.2731992322866033;58.18616874579443;108.60661982088111;103.3020851514281
14:43:36;Thermosyphone;450.0069719730555;342.76048001751394;1.4426570061216215;9.525626632008656;0.990069464829246;0.06065806310375166;0.04970078254232991;0.602654998756073;0.9974556924974657;60.01398399031485;1.0178958639338538;0.0003306602780874087;4179.993734086552;0.8430169239794392;0.9667081453188394;37.94226646721777;311.1046308821735;44.71941374821748;317.9041411058992;74.25483769735611;347.4135475980546;83.43031980774133;356.82403926769445;0.7984485537753621;0.4829221487018407;0.11766982416233462;0.08886534254165215;0.2770574772269499;57.56959894249433;108.60190099508557;103.29937635889885
14:44:38;Thermosyphone;450.0055211629415;342.76047999382274;1.4532137616799365;9.483341860130663;0.9990975445667131;0.032692209220908236;0.040570100545202444;0.588827974617216;1.0000991349364285;59.995779752603354;1.0087081427448044;0.0003280301427954442;4179.985095136315;0.8420993833016681;0.9602586215868398;37.9236227353221;311.1432837700878;44.74512411057669;317.906640077906;74.76709752239924;348.0071044919602;83.90173610647366;356.7926002750358;0.7927780507886335;0.4996714183596016;0.11573666965048994;0.09086538807011965;0.2721721425547837;58.162584129813766;108.60102492364123;103.30043350515699
14:45:22;Thermosyphone;450.0031802313488;342.7604799684691;1.450715910322954;9.492368957068805;0.9927317111175225;0.02995707745034768;0.05207643404619375;0.6029324620380776;0.9917745072152925;59.995349968662765;1.0042381015887953;0.0003305322608524189;4180.0143242567865;0.8473744620525053;0.9632108141990434;37.9507621043572;311.0637601874239;44.70001988051046;317.8160525412917;75.22336381283691;348.27035097883106;83.86426308976434;356.9903448988248;0.802032809230253;0.4862975971675621;0.1193749636738057;0.09367246281503243;0.2738123071407594;57.74372981563801;108.59911842179156;103.30213978196706
14:46:43;Thermosyphone;449.9995480195413;342.7604800008014;1.4399408004152376;9.501115802375162;0.9993151020892762;0.034314202443994204;0.06769783552748987;0.6021017502188103;0.9900490099444337;59.989071273976;1.007351261996257;0.00032769693354025474;4179.990640108174;0.8331302598499528;0.95865664650792;37.922098133931144;311.07740400631184;44.90992518172101;318.2243310342587;75.3629183938581;348.7461535957473;83.92359923999243;356.7042662332094;0.7980880693960939;0.46904092324179314;0.12165073450893489;0.0932210108613556;0.27305544662430603;58.32998340031449;108.59918872867594;103.29910076975317
14:47:09;Thermosyphone;450.00395335114024;342.76047996978366;1.4656482600030438;9.51658393216646;1.0172962417495175;0.058202751850411606;0.051108613480744476;0.6046043631592461;0.9921355820407479;59.98670573154297;1.007401612174771;0.0003248144244608497;4180.00990813869;0.8413626491048509;0.9579203848109279;37.9197370743056;311.0375769292522;44.99602107775914;318.05460568379374;76.11724499390941;349.0784044964772;83.72043569057742;356.85974026833105;0.7843518781589319;0.46740895334451127;0.12369021776016562;0.09504543484455558;0.2695664687965244;58.19520635021237;108.60066708404572;103.30061479331283
14:48:04;Thermosyphone;449.9953636058671;342.76048001138776;1.4536312193079088;9.51005933641683;1.0077335231818423;0.05497521287039529;0.05305798317346657;0.5935876745529737;1.0004595516459978;60.02326861177457;1.0108586258163181;0.00032944147211171266;4180.007120677119;0.8479502648300052;0.9567893456649806;37.87925774310287;311.0141798491417;45.10027049120369;318.3453575739173;76.2982143083649;349.5842423713497;84.10145522826807;357.2227457664554;0.7962604981368647;0.4805142155701073;0.12675669559367198;0.095674570147652;0.2710812776278901;58.158037277053225;108.59472734275441;103.30089979494272
14:48:57;Thermosyphone;450.0021470093477;342.7604800402697;1.451383982012758;9.484805377914027;0.9997636891303034;0.03980543207878234;0.05120680280400822;0.6022700489048897;1.0028404995147555;59.98536371367272;1.0107414783286068;0.0003221208378648995;4179.9964479477785;0.8580585124630068;0.9523597524845898;37.79556072153694;310.9602922752833;44.988498889556254;318.4300166882957;76.53863484265145;350.011960904052;83.92693694969248;356.964298996627;0.786181332626932;0.46811830664354903;0.1262233243672664;0.09796660077308549;0.2716537803757147;57.899345027819784;108.59218765471007;103.30079722943033
14:50:57;Thermosyphone;450.0118498972417;342.760479938239;1.4713154097664098;9.501308306075924;1.0201783143475835;0.03790666398045695;0.06390808999089312;0.5942051483734032;1.021506143174341;59.99486586950317;0.9848354927950785;0.00033086634048097314;4180.011417678905;0.8626725218861734;0.9593935784584335;37.84507806628532;310.98609873571456;45.3120458280759;318.42707159286624;76.83320712685452;350.2323619072375;84.0962216566183;357.46733445448274;0.7962105992730009;0.48091813213219886;0.1252234433283704;0.09584849630964774;0.26581143227398213;58.351022213105445;108.60228256801125;103.29890439022545
14:51:52;Thermosyphone;450.0003327384268;342.7604800251848;1.4519207280077062;9.499904200090674;0.9884841405086887;0.05146835666563645;0.05524224425150355;0.6011848255145368;1.02445028329282;60.01178976809936;1.0142981018404422;0.0003312098948076667;4179.994868343665;0.8545732685123947;0.9605213658616627;37.86532761281711;311.04956646314395;45.17270451001291;318.388866659188;76.65801963333425;349.5333452076875;84.29820164559239;357.491603160756;0.8005503976906315;0.48258987896406225;0.12422718215662912;0.09573940858119329;0.2659540216703114;57.82956698821398;108.60198641504023;103.2981643669311
14:52:40;Thermosyphone;449.97915117529374;342.760479978353;1.4617961045430097;9.500915149224285;1.0003127813098365;0.04239582716264312;0.03309729429660931;0.6087365381948842;0.9958095389708058;60.00031495961415;1.004366678211278;0.00032034780948208587;4180.014231434004;0.8466000978228836;0.9655782516937647;37.901571606507986;311.04518486585687;45.417949839707575;318.2728422553434;76.40410830152888;349.4149925752737;84.39446458171734;357.6145247902758;0.8069408893412039;0.48557387566272986;0.12255146358616745;0.09507806097856107;0.26670374731699986;58.438961148980646;108.6017322952501;103.29973695680624
14:53:39;Thermosyphone;450.0091488353398;342.76048001527306;1.4653458445172949;9.495985672990335;1.009081737259224;0.03642744354019601;0.050946623195362334;0.6057613933682392;0.9867056650149287;59.99746155508875;1.0027381265755742;0.00033060450579472275;4180.008307187379;0.8267694515398423;0.9433729300896105;37.967180905931556;311.1121491014344;45.545841429065874;318.4546215085639;76.27488518359962;349.5985724290812;83.9817353798134;357.24664609151966;0.7950183564641364;0.4657956979554444;0.12392006999939759;0.09403195229581837;0.2641661266589111;58.481379679742595;108.60240209136877;103.29919311165695
14:54:36;Thermosyphone;449.9907852624445;342.76047997723674;1.468132439599542;9.491551250189042;0.9950007779481227;0.03538456708818211;0.044378459258488615;0.5745456395920684;0.9844084664184587;60.00150979977641;1.0137595324687743;0.00033249052996213045;4179.9948081375815;0.8487233491682055;0.9432217018077478;37.97621168043118;311.1263973585173;45.30354213515758;318.59232781518233;75.85703945684389;349.03396840808847;84.90314455256335;357.74787671850095;0.780290734209271;0.4660414114770086;0.12060344652403863;0.09239567892553831;0.26407379561040184;58.55177094916359;108.60029425718055;103.2983241063387
14:55:35;Thermosyphone;449.9979698083887;342.760479998291;1.4584749215647805;9.505132156282006;0.992642280857635;0.04060609698458739;0.06243540870959942;0.6123166870636221;0.9918129515253578;60.000159233090976;1.0152482368376452;0.0003290522654664502;4179.986563630418;0.8435218260178144;0.9659705784011244;38.01593245544757;311.16906186209076;45.457751706084814;318.54476140330786;75.59379104557205;348.88309622732805;84.67792841742649;357.8460672766866;0.811235401936536;0.48730566534688624;0.120800682132056;0.09026583921423882;0.26371634009654144;58.394917934347575;108.59950222636503;103.29881861232268
14:56:21;Thermosyphone;449.9926225672697;342.76048001100565;1.4631217177214129;9.497597347647295;1.0106379974836714;0.034754883966242635;0.04400488851979071;0.6007977461531604;0.9959945792925795;60.00992925157736;0.998270616680042;0.0003319382405171603;4180.009382732541;0.8337132787211512;0.9594582000260101;38.05716655830408;311.162879217;45.488143668111626;318.60928601324866;74.98381947598264;348.60183877394763;84.72296935198091;357.4377424618135;0.795240768440699;0.4767576078094833;0.11790385368495686;0.09046559532060852;0.26105845280607254;58.402065850614356;108.5964435345863;103.30133500349646
14:57:19;Thermosyphone;450.00236780599784;342.7604799814412;1.457461613413993;9.500595204846048;1.0014930505021973;0.02392383192847849;0.04992931218999693;0.5772314438923662;1.0012237995768214;60.02469813065335;0.9902724396126253;0.0003270534884603519;4180.008295419135;0.8415755666152838;0.9496788873181822;38.08574303472907;311.24435192896334;45.63797360627931;318.63182870839523;74.84379792456589;348.0510015121315;84.67059913566922;358.00474822163454;0.813678361031167;0.47168700892677135;0.1152628771339439;0.09011372969938394;0.2610340913274503;58.11786665225827;108.5950940428009;103.29742996647133
14:58:10;Thermosyphone;449.99257986743095;342.76048005833724;1.4602887461328382;9.489782360469547;0.9889879573622873;0.03533364386998124;0.036378670589575036;0.5992157094296352;1.0109978006675284;59.99678483997714;0.993046877123286;0.0003228285628354121;4179.985258096272;0.8508569345456232;0.958677695891431;38.13140061117132;311.24511115533744;45.693003862032235;318.68214940833286;74.35247594810068;347.626541068964;84.7824041324792;358.036241139248;0.7833452250748913;0.48875873438364653;0.115394695351423;0.08998106307061057;0.2635350394591463;58.370841451120675;108.59765962602123;103.30079795112157
14:58:55;Thermosyphone;450.01078175984236;342.7604799980306;1.452076613883689;9.488645435500933;0.986926602154982;0.036898268430734245;0.05460172566656327;0.5998159781966503;0.9769377724932797;59.99312134537686;1.005132930757387;0.00033667178681400336;4179.998500724347;0.8538050794886717;0.9600377419013779;38.154814556221815;311.2876602717763;45.53811348242746;318.6385245952945;74.46005387255936;347.67548157299655;84.96538164244234;358.0334517219374;0.8100943323214974;0.5021647095601265;0.11187876777267859;0.0886728123560482;0.2605584275922225;58.52483332089183;108.60254826936696;103.30213062740383
15:00:53;Thermosyphone;450.02152932894666;342.76047996152215;1.4639618750208554;9.485708599999615;0.9858121254819315;0.04418922159819471;0.05719936625285682;0.5942110029110196;1.0055938318002153;59.992736387288566;1.0111106724871761;0.0003246176319152928;4180.002069244747;0.8528610795552548;0.9621010024088921;38.200029737042975;311.3472829426559;45.489689430131044;318.7692332383773;74.35929905140073;347.4582182552869;85.3121349723418;358.22498278854073;0.8168708378432382;0.4786078844755978;0.11416829598249181;0.0866436346385739;0.2577583250761646;58.736387026388726;108.58558449178742;103.30211137724406
15:02:00;Thermosyphone;449.99993576412834;342.76048004496215;1.450989458869945;9.497520296452269;1.0023748905194425;0.03446647450314641;0.05703930525942209;0.6089322827990575;1.0065049042492502;59.99487081219953;0.9847668627948187;0.00033151555575863876;4179.99646104876;0.8338316630862921;0.9479540655639571;38.19376524641119;311.3843755981437;45.92639362427932;318.92890225110006;74.09957708196126;347.26420009143527;84.84061793374676;358.2065962365594;0.8111247030786561;0.5070663816242937;0.11517914815021965;0.08662995099845579;0.2593888666099964;58.646091002388836;108.5882276658865;103.30071268994777
15:02:40;Thermosyphone;450.00964229865485;342.7604799741703;1.450063776671688;9.496868698686686;0.9973224723037846;0.019179947449401276;0.06013219917032541;0.6267023941048057;0.9876074392948014;60.01352965405742;0.9830249753400429;0.0003297008740851861;4179.991698656483;0.851880474451199;0.9652311536220528;38.17176731795347;311.3463067677515;46.05895104375318;319.01413062962285;74.58198616170117;347.73964904239836;84.90414199216022;358.40044853532044;0.7805637633788202;0.47385357414373525;0.11369592419172204;0.08802212047794984;0.25882410876620066;58.87791776263275;108.57287233816598;103.30095326069878
15:03:38;Thermosyphone;449.9853193319823;342.76048002948744;1.462041165846585;9.49873854219008;0.9942263159085113;0.05947009198507329;0.04068329539889241;0.600721784674579;0.9929809016807586;59.99945503474981;1.0113609486234225;0.00033149033142450615;4179.996922751333;0.8581343827286977;0.9693155278885127;38.19853633726201;311.34029347310167;45.97880112690412;318.99214280554366;74.72547400967348;347.4939831031765;84.74241567436832;357.9490362530108;0.7886166823590351;0.49109931921573957;0.11298511003210981;0.08614826186569369;0.25484180624655767;58.56351737234779;108.56777646557407;103.29802222591714
15:04:33;Thermosyphone;450.0048904642857;342.76048001200826;1.4586106385372497;9.498608392644723;0.9765126120603714;0.039832016859287236;0.045034573641231965;0.5867916030920972;1.0144724806195062;60.012573869226856;0.9962670228813052;0.00033129950313236917;4180.000037696192;0.8311020280388891;0.9557005563518401;38.219020909562964;311.3474997492158;46.03784790802765;319.43687287088386;74.61351995431427;347.508761926196;84.81401558833808;357.9908709244278;0.7901615281040317;0.48760061864913407;0.11248454639394946;0.08723348966267634;0.25828764342823723;58.69043866546579;108.5504843240373;103.30000160575443
15:05:24;Thermosyphone;449.9966575656057;342.760479970265;1.4408546748502469;9.496063477334882;0.9870693050485726;0.02898422796883934;0.07839901260722455;0.6242303106299556;1.0237670785863597;59.99692239080285;0.9890157284562446;0.00033201671263411093;4179.989710123393;0.8472368166012405;0.9506772829718837;38.219529136069546;311.3475993081327;46.28327479908871;319.32444012187784;74.61197305049038;347.4893957812701;84.8633795930177;357.9745718282931;0.8041664910913084;0.47529981759181655;0.11198884349033948;0.08717621443720822;0.2569211083957854;58.85438637242167;108.55201610642011;103.29653629635817
15:06:16;Thermosyphone;449.99730804154046;342.7604799565274;1.4289669886719836;9.50048258462155;0.9900513701366565;0.031966891756046466;0.048580077023050734;0.5978219856820655;0.9937821421464508;60.006194143003206;0.9921429924668121;0.00033413267048745495;4180.0122424511865;0.8341740701392097;0.9512498726404581;38.220160693325575;311.321272753033;46.268888842906584;319.50480784202574;74.90547752655198;348.08452420203776;84.81932280339235;358.09443360572357;0.8033036862989683;0.49628050095122256;0.11331352505085658;0.0869685678033847;0.2533518035489329;58.69833221127439;108.5315749067228;103.29627561969237
15:07:25;Thermosyphone;450.01961010526463;342.76047994383583;1.4648371326223448;9.50401670867127;0.9979846103100173;0.0462101397487161;0.048982733824961516;0.6265121023587642;1.0090719322860904;59.992121113516646;0.989141617050931;0.00033501379854169365;4179.997344844703;0.8478341805770416;0.9614919886943134;38.201453005706995;311.37608571383;46.31677406901432;319.3081933017743;74.73334540889411;347.8430961861389;84.69251582312395;357.65466982110854;0.7905713868714005;0.46544409163611933;0.11462387336505825;0.086039820769889;0.2524662013616589;59.2834376348862;108.52602142052503;103.30051831207712
15:08:16;Thermosyphone;450.00575176884195;342.76047998098085;1.4459293387271748;9.51290922608518;1.0018808672448607;0.03282061862529459;0.0464755511734903;0.5994814882152036;0.9822224594069571;60.00482745816508;1.0104450744442084;0.000327616002200829;4179.991590748398;0.8458762910040446;0.9580143010713001;38.244065240080225;311.3691838142132;46.53915302676116;319.5963772055083;74.93115694051036;348.0370607917251;84.55973103599472;357.8444373199543;0.8044112107850417;0.469292642917597;0.11181466451937831;0.0869469427040799;0.2513546473081897;58.74413307167985;108.52256014311453;103.30162780855233
15:09:17;Thermosyphone;449.99543206520724;342.76048001860903;1.4686064584236926;9.505420642067584;1.011507729149262;0.04159924214076462;0.04513148754023168;0.6046892464585998;1.004919679761645;60.006807027210684;1.0109086370563989;0.0003305776267112723;4179.997854669953;0.8617843828297198;0.9585059024359942;38.18206971658319;311.37138929322776;46.35944474464202;319.8901665361895;75.15185133283688;348.1591676594526;84.94538990620178;357.81290662821436;0.8030025318880093;0.46563853053591137;0.11199743753443227;0.08753362833495096;0.2505025853855336;58.917868517407314;108.51250786083887;103.29988683158663
15:10:50;Thermosyphone;449.99836807847976;342.7604800490655;1.4671362969585335;9.50052262384119;1.006433971834112;0.03419001395161971;0.06799308501967667;0.6130939990818542;0.9964110708793251;60.001997368497406;1.0092182436482173;0.00033350803336571887;4180.010081684702;0.8568501016605158;0.9634556562490626;38.16518755402265;311.3830090026673;46.72416337787874;319.94229267311374;75.10442494465124;348.4367340601411;84.68617287994337;357.70051172102393;0.8146734029439033;0.4869677253637035;0.11544025691035223;0.08688338387183324;0.2500802824666412;59.46325800516455;108.48715626370874;103.29785682134569
15:11:44;Thermosyphone;449.99360870349796;342.76048005810367;1.4820358141140386;9.49790503026657;1.000928110524508;0.036804264080434225;0.04756562424951894;0.6034216568615236;1.0034054089571451;59.9964750977168;0.9988945002475689;0.0003278026606759863;4179.992677823464;0.8459971504486378;0.9669146633774293;38.21061659399532;311.3381556781809;46.9408938970716;319.9843232172181;75.2797157774063;348.2360754952969;85.1569455282878;358.2330022200671;0.807263083097505;0.4944180150423174;0.11249705353570248;0.08845006792165537;0.24666398216967944;59.397086741863895;108.4795598315981;103.29736046725682
15:12:35;Thermosyphone;449.995648118487;342.76048001588975;1.452645936212689;9.509379731114437;0.9967232959250022;0.030742163028227742;0.06359071301359756;0.6120694007305936;0.9975400873647248;59.98387363381444;0.9890971743954357;0.0003281205477169618;4180.0007568666615;0.8619840697104884;0.9607159917396121;38.2063541439477;311.35971960515985;46.75282976842382;320.17254628288873;75.38387205786944;348.36578361402724;85.17419307680584;357.9951282901577;0.8000764637913325;0.4936986069279774;0.1129373150298992;0.08598479597524011;0.25079982328195416;59.44323609565592;108.46976981230063;103.29998442060527
15:13:25;Thermosyphone;450.01045253411377;342.76048004396336;1.4439097619133807;9.493286218195843;1.0185795642897268;0.049663428443219096;0.04668839224807939;0.5983306476590136;1.0040132655869922;60.01420535463777;1.0077485336730532;0.000332054485082114;4179.997960257853;0.8654325291962567;0.965821664630577;38.17600142449079;311.34122531231736;47.16537958552545;319.8919900405923;74.9576165239222;348.3788823963883;84.92936735837579;357.89687837874277;0.7649652925972199;0.47668569384291554;0.11448930181495538;0.08543414604944417;0.24512814083756013;59.711506158399345;108.46880006513767;103.29878275142632
15:14:30;Thermosyphone;449.98481982657944;342.760479999949;1.4488651499070497;9.498302056913776;0.9755098484788577;0.04916563188572255;0.031544707385725165;0.5865052988217241;0.9975913404338009;59.979809201266036;0.98385044203702;0.00032656793155729576;4179.981610127786;0.8429366539392932;0.9589486719505866;38.23721502980818;311.3696185351245;46.7304693833436;320.1433825415237;74.99968247292682;348.37237642681674;84.9554270106905;358.23230490937664;0.8065021439235712;0.47610180277330527;0.11072795784676659;0.08583200476915281;0.24721885585604975;59.76315397825461;108.4538568199982;103.30092279567175
15:15:26;Thermosyphone;449.9870653379728;342.7604800056462;1.4646984659173428;9.513103346648219;0.9941441109511175;0.041230326312064296;0.04761238807161203;0.5865034363755831;1.0031903248327285;59.99064827402374;1.0006906984644859;0.000327572994275514;4179.994075220264;0.8493825004622175;0.9608076153200502;38.21081577923876;311.34078335997947;47.04879794474596;320.2746468929361;75.08358687573657;348.3080946149157;84.97651243037728;358.2223185572735;0.808234088594382;0.4881151968841736;0.1137024887211688;0.08724519022772301;0.24560701018772982;59.934795894278544;108.44426804282898;103.30139456483025
15:16:26;Thermosyphone;450.0166359128765;342.7604800271843;1.4631296112800207;9.503163626067199;0.9949701527536509;0.03352822460615718;0.05848140815491422;0.5871863349938568;1.0156411828219605;60.002062941600165;1.0061466747266017;0.0003335263217944386;4180.002506936205;0.84917915798847;0.9385093303832415;38.20777417935073;311.36270530698226;46.97384352477277;320.3179068204495;75.1461417289809;348.48928647447894;84.83334718608633;358.19377651906467;0.7980294286170581;0.47135754118881495;0.11273917713671953;0.0838855515298991;0.2407819601481153;59.831308275021954;108.43838029526293;103.29885429883251
15:17:18;Thermosyphone;450.0030395294545;342.7604800187975;1.4571191594422943;9.482921532013657;0.9999999000514893;0.041275522110949106;0.06500688599896988;0.5850197721405771;1.0229177060733008;59.9991578994969;0.9893586080038567;0.00032897056410167687;4180.011183109221;0.8505163669775364;0.9524720547436416;38.21503221779791;311.3720859713235;47.20975963188688;320.5586922301173;75.52924384343065;347.91404537505844;85.2147300912316;358.698299843194;0.804986641391099;0.4948419100088459;0.11306518826798329;0.0843099039496657;0.24265120310200247;59.92550266266661;108.4321916302372;103.29991336571648
15:18:08;Thermosyphone;449.99460070585553;342.76048000614844;1.45841510861254;9.522964502488906;0.9986129570916102;0.02761354913310833;0.056184007128266565;0.6027204719563118;1.0017489774103308;59.992855795942056;1.004705907801482;0.0003282345657485251;4179.994608731355;0.8441128158747179;0.9697886195057708;38.16866589525373;311.34799206109034;47.24172887123639;320.5100489659061;75.15186262824183;348.4859241540346;85.132868666983;358.50183383776545;0.8027615469792757;0.4808506340203442;0.11416301369988452;0.0860635281819529;0.24330540724506358;60.227827361583174;108.41960572161162;103.29965296363535
15:19:11;Thermosyphone;450.0223309241145;342.76047998181105;1.4627892438025552;9.501360694060207;1.0009485061856638;0.021142200251306812;0.04364024991044538;0.5919684730863182;1.014349414905162;59.98881137716711;1.0132875818895672;0.00032655290648669677;4179.998261546816;0.8459724715489;0.9544383534527698;38.165945538371865;311.381378890678;47.467868854898235;320.62726115735865;75.35413530926064;348.49487402847245;85.56353226610332;358.3465192387304;0.8057098299516218;0.4945369696706671;0.11246055684735803;0.08519926937289177;0.24058253098452428;60.05861771485567;108.40737392413041;103.2958642454559
15:20:57;Thermosyphone;450.0152522277418;342.7604800204775;1.458121985834984;9.492751183361246;0.9976197317435849;0.0540370360106282;0.036324351277445315;0.6226533348472313;0.9849795431262074;60.008616506513555;0.9933088075928569;0.0003329157256614499;4179.978473450566;0.8594923302284467;0.9643009305566992;38.22349656406705;311.33882937761115;47.62033045238082;320.63530968037884;75.14357590730444;348.2389489074145;85.69057776863092;358.6802579379726;0.8042357221316695;0.46520932067297044;0.11295783858264453;0.08507532765856274;0.239036601776748;59.90076032944939;108.42036123275709;103.29985184761992
15:21:49;Thermosyphone;449.99015375811;342.7604800060577;1.446398828072696;9.499141195835552;1.0063203560629475;0.04375568203120281;0.05591825905667348;0.5932457353029963;0.9805827590621833;60.002785245191866;0.989332376006872;0.00033792698893576054;4179.988224155647;0.8476765010270624;0.9666618226369019;38.1928196054962;311.3223817841699;47.544275411997155;320.70871758364905;75.14898108690267;348.3430001554823;85.7539497731177;358.9817182080546;0.8071257996052741;0.4764951030061094;0.11467377141886774;0.08555690689079624;0.23955553335344476;60.6645861161901;108.4361733456866;103.29998419510954
15:22:38;Thermosyphone;450.011155591605;342.760479990747;1.4594038405251353;9.4965130441143;0.9878665443056712;0.03821188577573728;0.03991197499545223;0.5932261012594165;0.9942890687134935;60.01721976623381;1.0064775736225837;0.00034478242836291005;4179.99370943141;0.8560883646002581;0.9586482226231381;38.22669651145146;311.34502857830597;47.79213078655725;320.7138975820257;75.13344400032653;348.1895529492932;85.58613751810628;358.56142855092384;0.7885222366518576;0.4633763784724041;0.11432823762314565;0.08684238320927347;0.23918010601008646;60.24055787419409;108.45397285230433;103.30181512171131
15:23:41;Thermosyphone;449.98436714400447;342.76048001323176;1.462370395280242;9.498576324182503;0.9905158574179496;0.043623701346863455;0.04744191545077277;0.6026685005755807;1.0058137264011164;60.00419745778901;0.9950761548133998;0.0003423130820340848;4180.000962777888;0.8487622288910305;0.9583500563876451;38.20711074406787;311.36205370953127;47.5285647241481;320.90328777015577;75.15007815947087;348.26850445992756;85.6664964805247;359.2051848780475;0.8045167555366196;0.4791497150123472;0.11456128537386734;0.08835532575109341;0.23867313556620326;60.17563170317259;108.47218507162151;103.30019666695206
15:24:37;Thermosyphone;449.984947231914;342.7604799939963;1.4539913788317826;9.500043503571177;1.00417822941904;0.0487761820621408;0.060973614106496446;0.6259527495487982;1.0022061764830608;60.004574771670974;0.9987521194645318;0.00035243967479841893;4179.9909451639;0.8482239580954011;0.953514968019661;38.17210671395489;311.35356062807574;47.65258884083506;320.89211091349586;75.01557104147483;348.2988263277618;85.98193187666489;358.9647798895421;0.7964330346206955;0.476319831892663;0.11802750627150105;0.0890681991271166;0.23646857796390663;60.69146992291264;108.49196192981637;103.29934452603466
15:25:28;Thermosyphone;449.9988443524335;342.7604799834795;1.4588445256153773;9.49599136010179;0.9940723008950937;0.047141853356621605;0.04320756041333368;0.6138942922539752;0.9876295992365018;60.00463761083398;1.0039562936383224;0.0003585695073599494;4180.0029557876405;0.8590435846802186;0.9574248337718118;38.19180641645835;311.34247437344555;48.01474742167958;320.8100201381475;75.21857873000305;348.04609553760764;85.88010187711556;359.1342650253441;0.7877750213559787;0.47116354783587044;0.12004597006498345;0.09149794902286824;0.23523915994428962;60.86109866281085;108.5080913718755;103.30052856475932
15:26:29;Thermosyphone;449.99260361230165;342.76048005429396;1.4488801815550911;9.499040439360291;0.9961311658602638;0.06325499517857366;0.05031837107495036;0.6086856876101434;1.0117429451252535;59.99574787280262;1.0089986308478984;0.00036067562750524636;4179.9827356875585;0.8463009635502653;0.9605043686356548;38.151144984166706;311.3231484578545;47.836388816552194;321.04558163169884;75.11600363179639;348.15557751020305;85.72503531783101;359.10159498308997;0.7863504825221136;0.4870814212099575;0.1181893419784665;0.09207271719222047;0.23388852550462064;60.87928190459757;108.5257029811887;103.2991435159752
15:27:10;Thermosyphone;450.00573485159526;342.760479960684;1.4537516768036933;9.50427422102788;0.9911210104647871;0.030857442791446067;0.044901486750155754;0.586425823033148;0.9927716847711201;59.99983192619544;0.9844167004018639;0.000366389227281171;4180.000754380466;0.8518589316992453;0.9599287791543154;38.14872177915076;311.3296575599898;47.94513479859663;321.0395414202643;74.79003775293546;348.398069867182;86.13567756997863;358.80777722949455;0.7984535893218485;0.48536081748991916;0.12335491643421026;0.08996246031471195;0.23559687562889084;60.56237000098228;108.5460409108414;103.29958555241947
15:28:20;Thermosyphone;450.0194821728121;342.76047999094243;1.4470171030281398;9.5255302300394;1.0042653686051812;0.029237520858304097;0.061220530408656465;0.5979596492503199;0.9966588068495632;60.01055722486581;0.9827569048765159;0.00037431337319857955;4180.001797478813;0.8535216689970295;0.9619071459408391;38.163672564045235;311.3325819115731;48.016476862523334;321.18271897863514;74.94320111293183;347.82442985672577;85.92368612251148;358.9763030065391;0.7922942687340363;0.4847874257737068;0.1228697772451198;0.09141788393152046;0.23349345423275114;60.7990968018842;108.56432679115382;103.2997597035711
15:29:05;Thermosyphone;449.98817017004114;342.7604800615289;1.457638819786009;9.49128937661569;0.9815180654302743;0.02226825707408333;0.04372220776226273;0.6103150945355157;0.9942572966512078;59.99734784260003;0.9898421889642723;0.00038085877198711326;4180.022413175787;0.8226350825745808;0.9562804796571964;38.21065124224803;311.36101755740566;47.97608013304339;321.130431439286;75.04037516778827;348.33286119494795;85.7090748366372;359.0584566348944;0.8045656428446067;0.4697266716042961;0.12296433814418546;0.09503328997215173;0.233344333261764;60.644111950596674;108.58356477648432;103.29811404739227
15:30:55;Thermosyphone;450.00450442244727;342.76048003914923;1.462734028529377;9.501360651648849;0.9980407716542689;0.03748980457342417;0.06223468607800271;0.6123642550291014;1.0053799548516738;60.000352284897275;0.991407343002969;0.00037508538273126686;4179.995448539242;0.8577560402882367;0.9615994299057188;38.22787883044728;311.3457481084487;47.98233310802666;321.2421208229862;75.18618808390275;348.2369948673616;86.18603024422019;359.3053363009202;0.7949403800397785;0.48638509569539884;0.12459212782115045;0.09523771632005018;0.2312489321147253;60.511152914260634;108.60565675587881;103.2996473005482
15:31:54;Thermosyphone;450.00587474599007;342.76047999919194;1.4517406198288807;9.502016405193222;0.9946631638241334;0.03162284252412959;0.044889935485806276;0.5832592864234645;0.9899057575945366;59.99857012519347;1.0055517032974712;0.0003726375243874794;4180.004780133498;0.8632638084014405;0.9688073525562627;38.22964916372341;311.3228019304267;48.132103593790994;321.2304090974448;75.42141598267943;348.709466921356;85.93320352208761;359.3470481257582;0.7866004043884174;0.46121295517430044;0.12446553138301958;0.09654419172306344;0.229557893897153;60.98932086393833;108.60241434123468;103.2988438273512
15:32:51;Thermosyphone;449.9890606481954;342.76047998301334;1.4607893293330414;9.496963635912916;0.9974756324581535;0.048091199365434524;0.06149746564992175;0.5819281534038833;1.0002813029546198;60.012628722713515;1.015788115317758;0.00037083627742383427;4179.992309150061;0.8508383571539638;0.9558121875806891;38.21573832208312;311.3609133084128;48.381736078690665;321.44023071128186;75.30618631021395;348.64392759732783;86.38831134484496;359.50206278785197;0.8010614856164106;0.4723488962562952;0.12512592484955973;0.09548895175639092;0.23126509955613803;60.66091618837141;108.60120326409587;103.30055012868957
15:33:36;Thermosyphone;449.9988102469636;342.7604800208856;1.4485083347887013;9.513899869745813;0.9825381996785268;0.046587849732743526;0.056926227906737445;0.6138328797432564;0.9796002522706789;59.98938224913316;1.01079493102852;0.00037716267183260854;4179.999708485319;0.8607479664562878;0.949324245819799;38.17719772317866;311.3277164066025;48.38597756202738;321.4533786886189;75.49104562263264;348.612597448401;86.44603839532323;359.38357678259973;0.8055053558069522;0.48846265124087385;0.12763020370178;0.09604576673611413;0.22801132619744127;60.89258847393706;108.59484049015659;103.3004224934435
15:34:38;Thermosyphone;449.99343443061844;342.76048004540274;1.4646788995263968;9.519641950565235;0.9887899431882015;0.04076183804741755;0.04337307713034724;0.5958525889395683;1.0076898958244382;60.011539259846785;0.9997417169248168;0.0003787790065383573;4179.989134532593;0.8495044904057306;0.9627497895973267;38.21374193239551;311.37109164203207;48.398229340441304;321.53435363287787;75.85173285326063;348.8220280317508;86.10443809780959;359.86175194640157;0.7931638896418308;0.4881073970836176;0.12649714436982518;0.09592676037053675;0.23064627503813684;60.543212055411814;108.59881805754425;103.29899592444573
15:35:25;Thermosyphone;449.9968538742234;342.7604800301405;1.4606448757278678;9.495279915909391;1.015060656053412;0.04842195100394032;0.041175864889936076;0.5962509580236467;0.9932164640372101;60.002135175255404;0.9961476728891765;0.00038271129179257257;4179.994698618374;0.850119648082178;0.9540051157236707;38.186699370200735;311.3690865627976;48.35971951278717;321.71377339468364;75.9115042241692;349.1435121452403;86.30988848362318;359.8543554528278;0.7989162508269863;0.4809064870625392;0.1276807826261766;0.0948415965314531;0.22922442540123875;61.04222388751681;108.59757795551681;103.29918146319066
15:36:35;Thermosyphone;449.9979768754162;342.7604799976025;1.440027886124715;9.497681826557217;1.0052200591844602;0.03454032736910558;0.05145094514082857;0.6032315689052594;0.9963019050207633;60.01003181473195;0.9980847692851444;0.00037969056498958915;4179.999888722571;0.8320006684900192;0.9657785274941801;38.216798884569485;311.3675045889786;48.66109347367339;321.7489870652934;76.01011848141144;349.52845537549933;86.34376497022814;359.80604387969527;0.8048987312366708;0.48841563656551557;0.12592978384595319;0.09834391513415604;0.22835939517704415;60.883057259340305;108.606722597574;103.30022890354448
15:37:29;Thermosyphone;450.0021637586917;342.76047993440045;1.4560850881795244;9.49546992524579;0.9862587513730738;0.03011136785577105;0.052805827516389424;0.5925097527420301;1.010013863202019;59.98315938192821;0.9975308699702485;0.0003817110985891793;4180.004064782256;0.8443813883783698;0.9627139534554889;38.177383846429095;311.334151297193;48.51560770390448;321.98485585318144;75.99543859431607;349.0458683555453;86.55626523471345;360.00827024325537;0.8175805276885416;0.4710611324091331;0.13045164889256164;0.09658496358470292;0.22729647899603284;61.113275423792054;108.59717722808443;103.2990490701401
15:38:00;Thermosyphone;450.00037703014925;342.7604800134124;1.4543252792172034;9.487611154491;1.0045392625851564;0.04810137207890286;0.051684909831244165;0.5937631434862523;1.003396109390455;59.990599629214415;1.0027547823110052;0.0003813733281161338;4180.010608826526;0.8685854989935097;0.9784552978435419;38.2193382679525;311.3380248716243;48.832684674353054;321.73961683831925;76.2079319144998;349.33826228065067;86.5807861966296;359.9150808126955;0.7956875950669269;0.5001196970237947;0.12834601897023637;0.09874387895093274;0.2250420183229883;60.773937203169105;108.60041921620227;103.30296815940818
15:39:04;Thermosyphone;450.0009048801041;342.7604800180215;1.464303398518149;9.50753713362506;0.983082863203952;0.032689190568073734;0.04469219781793905;0.630396313945065;0.9920244364732967;60.001382404194985;1.0269098132226242;0.00038184322419202647;4180.013457604191;0.8585172694558483;0.944167129043731;38.18986970332564;311.344431312163;48.616273316694674;321.73404492421;76.52315735150091;349.82897406468663;86.54122955388554;359.86509723831614;0.8145692003886339;0.49052622458883394;0.12718638333195723;0.09710863342822049;0.22441118417523262;60.62292986761927;108.59800841938399;103.29922888757572
15:40:40;Thermosyphone;449.99204662932544;342.760480004134;1.4605882490142794;9.48699421560893;1.0053947334467164;0.03802110727038884;0.048686035702466934;0.5940709422953762;0.9782863283511019;60.00863941235543;1.0046631513512647;0.00037990747290693976;4179.994716661328;0.8364633062327924;0.9640523830061125;38.11711020426978;311.29026761922427;49.042314944694155;322.05487856218707;76.39465839473685;349.6402308693775;86.96028021254507;359.73431207588663;0.8018749512843224;0.46544629544776295;0.12885279397680074;0.09949562943061752;0.22069625606606155;60.859083367315286;108.58939826580344;103.30878154786524
15:41:41;Thermosyphone;450.0034191848039;342.76048002078295;1.4614260265500418;9.503480125112977;0.99728667012612;0.03053546963918923;0.05034238106696171;0.6052454405364904;0.9915378989810599;59.99789613349411;1.000118607724278;0.0003882317012729223;4180.011282120012;0.8635292086403316;0.967034629044173;38.04112266065001;311.21836239751184;49.20565092203552;322.06138327597904;76.54665294681153;349.708160684526;87.10263826516639;360.36349295048547;0.7980186524963437;0.4784298426438301;0.1332384104120185;0.09662299329546262;0.21950534862121276;61.13567358907401;108.57974769870566;103.31794771402275
15:42:42;Thermosyphone;449.97717676389755;342.7604800028077;1.458641889018283;9.511849047475046;1.0017272675967308;0.051563225260751945;0.06641901505182146;0.6052522962682354;1.0046181292768528;59.99670191353411;1.0062252432426766;0.0003787984443815797;4179.976521188898;0.8487356752534377;0.971392691322285;38.001177514468594;311.12576810721015;48.99829639341189;322.20985127283325;76.5485808187595;349.507062552887;86.91562060569227;360.2353065316507;0.8021583121461717;0.4857725224128135;0.12814229354364443;0.09505740456096164;0.22088890407462816;61.35071121305131;108.56729580178833;103.3260880376489
15:43:34;Thermosyphone;450.01646396202074;342.7604800361477;1.4530349274103498;9.50778156122124;0.9929511957263482;0.039662408061135995;0.03160617506105704;0.5902059570802768;0.9904597499295507;59.98831453958892;1.0055604982590707;0.00037638522809375555;4180.010073009615;0.8555635578359485;0.9623771741886005;37.93465100769191;311.0647753166204;49.071200384700376;322.25392478149564;76.68533639872892;349.50739097588;87.3664813610119;360.31294650116473;0.8061870480935136;0.48117782338057447;0.1280978165022595;0.09832905045590001;0.22024361770948797;61.27597160369949;108.56167663046809;103.33525000935259
15:44:33;Thermosyphone;449.99497965342863;342.76047999798266;1.4576938472346772;9.494678494137146;1.0098448020074735;0.04600171438632898;0.029457360539557446;0.5908609547250074;0.9962721717834205;59.99017888847391;0.9926932420079875;0.0003823422819941052;4180.0048637022355;0.8338546629276468;0.9469976577089939;37.84185226486386;310.97950467700616;49.31382098369306;322.2917220894417;76.59666030547307;349.5933778917764;87.24828097409574;360.55969125024643;0.8038221430660099;0.46888776473826904;0.13033745462680052;0.09656494503944596;0.2208014782723353;61.3549625711948;108.55286544947141;103.34665921846009
15:45:22;Thermosyphone;449.99621632975595;342.7604799602147;1.4408914163097153;9.521965883291;0.9983343870271739;0.03588667817783415;0.06875262839692586;0.5825754076495274;1.0121954454379163;60.00245865926971;0.9986085277450562;0.0003791529476116604;4179.997005188903;0.8648893968258049;0.9701352183886474;37.760707802886095;310.89581044599714;49.284562713273075;322.31353694165716;76.471861890317;349.708268245424;87.26073622157885;360.43132865194224;0.7963651745548924;0.46960632354531395;0.13086416195639222;0.09439982056907878;0.2206736053258089;61.45492862170733;108.54479241762228;103.35431750990806
15:46:22;Thermosyphone;450.0004279991446;342.76048002274126;1.4617667585049878;9.49591254543737;0.9901146395928837;0.043131221361842734;0.055711935596347496;0.6078418657536857;0.9944721753348533;60.02475606746017;0.9826894355286804;0.00038669880817829565;4179.991904305762;0.8489334931309525;0.9774995417077715;37.73155891531474;310.8759943540104;49.43861259397068;322.54295204158484;76.3927011996418;349.57629000010104;87.48604370886308;360.76096852049955;0.8072031958069761;0.488462169483102;0.13063186877261004;0.09770028005742122;0.21902041756572013;60.98259311322315;108.5400783332808;103.36333180063595
15:47:13;Thermosyphone;450.00167690913077;342.76047995780675;1.4540833224543013;9.485521489508436;0.9767783174855945;0.03292592230424704;0.06457619794013873;0.6011839782747845;1.0077364175291468;59.998809173661066;1.0039832938204543;0.0003731091231015214;4179.992699734015;0.8412192275374275;0.9462629805739313;37.62059115660619;310.77692818003294;49.44969181099387;322.5518116031829;76.76287331138974;349.8051620147972;87.64927534672101;360.64269075226457;0.8054180671330736;0.4841773712564392;0.12747380561344573;0.095520853079365;0.2201499572683926;61.18570014278807;108.5257386086;103.374136979293
15:48:14;Thermosyphone;450.0097595000579;342.7604800196627;1.4527383216686758;9.48220545070362;1.0205340703114965;0.04809863661802363;0.04113992218674136;0.6012099859331832;0.9936615883539173;59.998957712499426;1.0058979609326149;0.0003774200594352068;4180.018905857282;0.8466356676648715;0.9554669702483516;37.57118562681957;310.66927955121474;49.48741884000496;322.8701958584819;76.67930729019623;349.8511554036957;87.59435864161235;360.6790936659024;0.7977644863165738;0.5027654061182287;0.12987324084672194;0.0965309959387964;0.21896780706588342;61.673842316031035;108.5169664883131;103.38179539949448
15:49:05;Thermosyphone;450.0044916258746;342.76047996852026;1.4433028204189648;9.492623303832241;1.0039005168640422;0.029004773378773843;0.05770776467012213;0.5885348205854949;0.9978455275418784;59.98617826950525;1.0061297038464936;0.0003744298746070307;4179.979900642559;0.8506277877828714;0.963244413364603;37.4894853852309;310.62667411219724;49.585801753819936;322.7080706591386;76.71643082222549;350.0641769886373;87.76110227056849;360.7716528248451;0.8130859219064365;0.4896723103408201;0.12936124068339863;0.0953256780508819;0.21806013662061619;61.867648541020344;108.50734402615758;103.3918421697335
15:50:46;Thermosyphone;449.99074328697293;342.7604800320119;1.4629509789370692;9.496514936100944;0.9891650243754392;0.032580956326388445;0.07047622379599783;0.6006216127959808;1.008678348621683;60.00583757204994;1.0027225595676337;0.00038162589779148213;4179.996745310417;0.8613091547876319;0.9609068413872045;37.39311723750076;310.5621828816085;49.66866287763362;322.86937492203646;76.55772007275179;349.5515288733122;87.54378276258373;360.82613358391006;0.7899684592486169;0.47422294088111977;0.1282935470940382;0.09590533411458796;0.21703353487310878;61.421176885641195;108.50698035429406;103.39984168334497
15:51:45;Thermosyphone;449.99904327018044;342.76048000876335;1.4598846795774167;9.494508536799051;1.0153735609473529;0.02442365849642217;0.054779446111031506;0.6076979778498108;0.9995056374390117;59.99051572937924;1.0008068206048788;0.0003833782525373788;4180.000793639471;0.8447801337824757;0.9395863041389041;37.4066133369848;310.50603479834894;49.874083427992204;322.80464978521223;76.89506510890266;350.0171554956869;87.98579812892322;361.1038024234013;0.8195194729028322;0.47736415146813604;0.1276339225329736;0.09471917771721192;0.21433638586749712;61.692855529561875;108.49944068189151;103.39627916725068
15:52:37;Thermosyphone;450.0127646149421;342.76048002805027;1.4797029893159401;9.483304201815413;0.9801420649109971;0.05079949591155626;0.03948762170333593;0.6088050065787326;0.9935367389383641;60.01181745764078;0.9968313563979189;0.00037947354061689697;4180.0150069139345;0.8575935072450649;0.953555260840245;37.33939662677746;310.58580381009256;49.805838958689336;322.99974779015463;76.54641013203788;349.8305208706422;87.88790714268946;361.0597835227287;0.7747855280472148;0.48732072716346164;0.12801586061594775;0.09413354345548726;0.21691518535553872;61.69357696516473;108.49837396900188;103.39857398493317
15:53:47;Thermosyphone;450.02112266009203;342.7604799656674;1.4459800625271826;9.497272651458443;1.0077826780412793;0.0405455676764389;0.04831316751018701;0.6078886841783981;1.0020759034147348;59.99724305181719;0.9981748156401108;0.00037867479472314554;4180.009962511486;0.8498084915795174;0.9596971667001936;37.3998172857514;310.57094843607445;49.84286000202809;323.26743672547497;76.55341453652926;349.60097476279014;88.12542882272294;361.296021405703;0.7957048141396394;0.5128877130482808;0.1280220871247983;0.0958664394846797;0.21546021681030433;61.84698751509608;108.49660330176594;103.40021733830503
15:54:35;Thermosyphone;449.9868197198052;342.7604799247281;1.4685566791857048;9.506348967546463;1.004500300783106;0.03723003789431811;0.058170277569515226;0.5861253228657745;0.9941086225938812;59.994221195678314;1.011799778556604;0.00037901329088300186;4179.9939057281235;0.8583656401615725;0.9695723884920087;37.397085312631965;310.55905731436667;49.81327352415685;323.0466922990427;76.54279971956787;349.8034380106812;88.26676191680554;361.1393894932183;0.8069567156934215;0.4882612352647973;0.12604835826545618;0.09648179161080413;0.21344949705636915;61.61857343230723;108.49654457508517;103.40063489286862
15:55:26;Thermosyphone;450.00126617228716;342.7604799235843;1.4472573434171134;9.485237864876508;1.0080049454987177;0.033641615729863045;0.04437950539876989;0.6005534842652118;1.0119693943061516;60.00872503639955;1.008978090994899;0.0003772237992373066;4179.996662902347;0.8503347084504593;0.9500189654998352;37.3980429498248;310.55141198848946;50.12065302469226;322.9632177932506;76.64531543669916;349.8639597886793;88.49705017232512;361.4387839406445;0.7946999304890401;0.47271664045683975;0.12778638419464944;0.09458203456756135;0.21184641454150274;61.892624626541526;108.50561015433323;103.40084861624331
15:56:17;Thermosyphone;449.9854159841675;342.7604800208811;1.4585640637987354;9.510135273533203;1.0129235239593473;0.03288952015647054;0.050209832392661954;0.5911961744525918;0.982537265667632;59.99728731966539;1.008192220687923;0.00038041267739268996;4179.999922562342;0.8348101377606899;0.9614401841811085;37.40013872277648;310.55012582991435;50.06186118008102;323.2230272209541;76.79364080299804;349.915254071937;87.87678998768692;361.42502174581824;0.7968245515878214;0.4811699917797574;0.12758584536918452;0.0945419660220238;0.215796617921431;61.8798033305112;108.50252371473255;103.39853962302583
15:57:20;Thermosyphone;449.98638503846183;342.76048002865815;1.4456333541987445;9.48704458155257;1.0058639386753223;0.04735809035583614;0.06694737874023961;0.5966389359360098;0.9948856948811713;59.999341511112924;0.9874382228524244;0.0003770243954713818;4180.001235268121;0.8374777025918635;0.9380346834310304;37.36760157902658;310.55147999906154;50.041538447762804;323.4461129469447;76.83696024176048;349.9594940957593;88.2248155824742;361.4334678901989;0.7875770796388329;0.48343359723674606;0.1274574678795191;0.09364816121027732;0.2100515309870679;61.644407539122355;108.49920721750335;103.39972046356607
15:58:23;Thermosyphone;449.98585439853014;342.76047994879457;1.4595581045185422;9.49523922370953;1.0278943263921363;0.027670331824713915;0.06534095778190975;0.5907391491446095;0.9998134472263683;59.997296800118335;0.9904210242417861;0.0003849032242994465;4180.005612533449;0.8404810976860589;0.9727835639819609;37.38157730353696;310.5802748595895;50.27614025933047;323.3125540557598;76.71134965503202;349.707024681356;87.98879939826497;361.7110056734281;0.7940486911427338;0.4723142652708282;0.1242770638338087;0.09357962404655853;0.20826785007699167;61.80804789346428;108.50071427413197;103.3983310536677
15:59:09;Thermosyphone;450.00642984455817;342.7604800289824;1.4537786870232527;9.49247694510093;0.9931567045045393;0.058774897079128446;0.055445547356064724;0.6024340579292945;1.0037921165706924;60.01832482158192;1.0144406057834392;0.0003739257141424734;4180.002494299987;0.8680582862724735;0.9578716801762577;37.39825303500273;310.53351979523734;50.38573801535104;323.4346796549998;76.92121141195504;349.6727142778822;88.29603177969778;361.5366867389215;0.7962384737262467;0.4768116519831584;0.12612057844884195;0.09275253590358275;0.21125267210335585;61.794720117817434;108.50450342350614;103.39735634028622
16:00:50;Thermosyphone;450.01396755857047;342.7604799296948;1.4772043489607352;9.494029021564712;0.9970150804149805;0.03983184145011978;0.06072612852793892;0.598493098648197;1.0065311841671547;60.00962108137917;1.0156096802635388;0.00038412897578612103;4179.993903648883;0.837748610814147;0.9530518730490756;37.42915426105606;310.5730878899337;50.54566348867078;323.37444494234666;76.64471714996508;350.03805315471857;88.33227660329815;361.5295929432179;0.8063981447316461;0.4948631577181743;0.1282122644159528;0.09285873127798266;0.20681544145803693;62.19048794481532;108.49622960090734;103.39932874446116
16:01:44;Thermosyphone;450.01112204708545;342.76047998342915;1.4543849420668273;9.509635509693613;1.0043254555948316;0.03726985533608489;0.05269204756891145;0.6154013150784383;1.0082345143690776;59.998505116566065;1.0047813730070936;0.00038714594256481773;4180.013463895794;0.8465328320091758;0.9662213156387276;37.518711960143904;310.604138825962;50.507507602399286;323.8414444688484;77.12036937691497;350.10070608359325;88.47071074739816;361.53564115317346;0.7825659705838371;0.4710677587279375;0.12913175730607945;0.0939233051154155;0.20891801082415157;62.30221574020964;108.49942204952697;103.39936494466879
16:02:30;Thermosyphone;450.00404966570335;342.76047999934076;1.4588075795296427;9.495914593561238;1.0066157955815773;0.03138241315403106;0.06466787384376732;0.6080659803980546;1.0096618403377704;59.997702443069116;0.977403877957646;0.000385952964361838;4179.982445240877;0.8503511673059737;0.9638753087554115;37.55391826570888;310.64340334014884;50.505752147799555;323.5229650519266;77.32743778726748;350.1184166899032;88.63498229955978;361.4734990672748;0.7968816374006249;0.47733894808222976;0.12596031783852665;0.0944510288547189;0.20874711147608757;62.40073930076625;108.50427320798579;103.40036557732066
16:03:34;Thermosyphone;449.99138848850197;342.76047997908137;1.4747351490358769;9.502048764502154;0.9996286970459969;0.05620451114932003;0.05587502372384034;0.604648648045523;0.9885464509889081;60.009669723323796;0.9883552474209023;0.00039274140004692446;4179.987355245128;0.8661296451228184;0.9654817293811787;37.53767154286473;310.6729349977055;50.56109706862395;323.7964443521994;76.58512855512065;350.20502804846546;88.57417913444426;361.5308087235917;0.8037138632063479;0.4900465726598193;0.13083941572515712;0.09625203938269497;0.2072389111497494;62.354853317317186;108.49987773588549;103.39710128612371
16:04:34;Thermosyphone;449.9875167989892;342.7604800056418;1.4562500313721494;9.496551185352267;0.9820269361384734;0.04461410517015377;0.052410166277743635;0.6012630312488553;1.002710265082967;59.99144698129708;1.0118240945402082;0.00039647297197780817;4180.008311944702;0.8410305516923094;0.9529405780441272;37.58809516864231;310.7380899117237;50.67254418349433;323.96926350567304;76.6976416920924;350.13149458990864;88.14694725612715;361.86807400042807;0.8029332385036331;0.49552881282506034;0.13314200389916456;0.09618974994814447;0.20704447038403503;62.777149431370574;108.49713608933052;103.39981659931557
16:05:24;Thermosyphone;449.9887987461078;342.7604800660611;1.4634971137590096;9.496151289990198;0.9865950823041769;0.03874477612002961;0.056629014824020406;0.6177795920768696;1.0207198882593949;60.002007823985444;1.0163357579245682;0.00040049265607962375;4180.00936057207;0.8522416169062493;0.9549407161632394;37.65168057646981;310.76334935111413;50.65159170044018;323.7732331352342;77.1767676541618;350.30780455497364;88.544393637245;361.5810930069157;0.7860089709218407;0.49246397660371544;0.13306836635159167;0.09799912074879963;0.2056278231658027;62.44886612943589;108.50236100239438;103.39896400907858
16:06:25;Thermosyphone;450.0018696276815;342.76048001387153;1.466080807269049;9.508077067564447;1.0027517779076311;0.031067615779756634;0.04761364147619698;0.613517212249345;1.0022273766886125;60.01771862209074;0.9859266461787204;0.0004084482413945322;4179.989985433002;0.8358470956740582;0.9508982551285415;37.63233021395043;310.84022461505845;50.668700719884654;323.98155014410867;77.04598606378418;349.9588581423082;88.4824077738121;361.58091382255674;0.7878051381159693;0.490334750976917;0.13218734809245442;0.09666694801670803;0.2082595774681181;62.59178897042283;108.49571600213291;103.39920945679239
16:07:12;Thermosyphone;449.99929385001593;342.7604799603616;1.4675774622948108;9.504733410862443;0.9975754984446259;0.05784824832393898;0.05170791097738662;0.6040297937890253;0.9987176633599423;60.000005297106696;1.0125111484084746;0.0004042779635286612;4180.008541248715;0.8429138055631705;0.9537092434955964;37.670307662470094;310.8077420162442;50.895544786483335;323.8375982366861;77.29179905917626;350.44045017353807;88.33811312415143;361.67942179183984;0.8048229261657472;0.4900492862024276;0.13306513927058003;0.09960264665948618;0.2078371452940459;62.70809260539717;108.50144155167555;103.399194974668
16:08:24;Thermosyphone;450.00850656158195;342.7604799925938;1.469888703525434;9.49857550561292;1.0033478453886584;0.04727559052149009;0.06541209955254669;0.5967025041635066;1.0198927792722077;60.00983553139773;1.01011413167355;0.00041249798049047587;4180.011062071239;0.8546930627651337;0.9615111774364976;37.759488729872125;310.885481517723;50.989542692005934;323.9225476305785;77.45001786990294;350.41084146636524;88.66889333597301;361.6580542657929;0.7995612712253625;0.4877031944404358;0.13440064105330676;0.09826794105034992;0.20383761751560533;63.07841666045655;108.49724403184365;103.39924121563833
16:09:11;Thermosyphone;450.0050673137589;342.76047997607003;1.4558390612342293;9.495583154377861;1.008563327413048;0.04457395665212333;0.0406919715740216;0.5871669307742254;0.9841075381592432;60.00553427803669;1.0069596884061485;0.00041350724771313074;4179.991225770144;0.8378245199163611;0.967928160149808;37.7057605672055;310.92477095069154;50.895615511387305;324.04751030203533;77.6199118919174;350.5032516015265;88.43540597925302;361.52811075448096;0.7859313403743434;0.4685038945635427;0.13438615893529118;0.10068491250293597;0.20268647504323542;62.90523360472371;108.49857326393973;103.4007997044667
16:10:55;Thermosyphone;449.9977495513787;342.760479995252;1.4466615369186473;9.504041719293925;0.999944657347782;0.060706550091278635;0.06093216412079512;0.6018819368006936;1.0116829369658844;59.98874764670217;0.9943164885495737;0.0004108566857294647;4180.008000806167;0.8570495553350854;0.94998222409513;37.850697620056586;310.98537377246817;50.938945593798074;324.1943303033978;77.57958241050662;351.08688059058227;88.37249999171787;361.691002103163;0.8007433285938468;0.4970687983927021;0.13816845744510323;0.10340155040745135;0.20372705212972805;62.9509151615095;108.50033631004342;103.39315490058236
16:11:53;Thermosyphone;449.9935212212514;342.7604799768557;1.465864004209036;9.512511935818969;0.9925617332537859;0.03138265617587328;0.043296726749759026;0.588670743664135;1.0063353192854747;60.00240048448877;0.9954165241553011;0.00040988160330355123;4179.995946896975;0.8389134060716221;0.9672708260407459;37.86551112257622;311.0179124237471;51.10395108587502;324.37609453827986;78.09021932906113;351.1728522955421;88.65659904839659;361.54299352932816;0.7884265790464956;0.46726012451387294;0.1425520673866403;0.10239114415428877;0.2040068276487302;63.10033523279963;108.49960694728324;103.38357279707682
16:12:52;Thermosyphone;449.99299447575856;342.7604800060192;1.4582268901207371;9.486093336933273;1.0063930714710214;0.04531848749773003;0.04966315749854987;0.6150104131038091;0.9833741157607009;60.00771233587195;0.9947061428131022;0.00041220756311493293;4180.007348869413;0.8488088373824875;0.9551084366620185;37.91916416280833;311.002834312464;51.05494277595087;324.25284050675623;78.30588029062976;351.4026525742846;88.41516736242367;361.4063262083594;0.7902700503537621;0.4832362852862895;0.13954120403920817;0.10511959573166339;0.20214945711923502;63.347163112203084;108.50155441105285;103.37338702571603
16:13:39;Thermosyphone;449.97783622727167;342.7604800125767;1.4547263507314128;9.51063371022514;0.991815582128036;0.03009720593655701;0.06056216106953737;0.592196038473882;1.0073863313559306;59.98670112369548;0.9992750587500004;0.0004175436429582555;4179.9984644529595;0.8473223533586695;0.9687333918336642;37.86621232945108;311.0402159372938;51.0567910648097;324.2961068656698;78.4392018201427;351.78898597646247;88.38844113286791;361.6906112353366;0.8114047458964158;0.49436383332594913;0.14284140030707873;0.10260837276157687;0.20253422927323944;63.40581510136717;108.49546673730536;103.36276585846595
16:14:36;Thermosyphone;450.0047902957092;342.7604800191816;1.461771655544819;9.480701340241763;1.0077932358941988;0.034649273337443796;0.07169861072767438;0.6166934160410167;0.9988239008893984;60.013182696129135;0.993232489629159;0.0004175656811370731;4180.005272786671;0.8588772149416456;0.9457738240694433;37.98281420902325;311.0946887903742;51.459326372481854;324.4318065660224;78.8968247609452;352.02230237061684;88.46617831135096;361.5591243001231;0.8069208332812455;0.5028231577143187;0.14273041154439042;0.10582525970234191;0.19839389357715093;63.18014747736887;108.49950567949855;103.35518619645153
16:15:24;Thermosyphone;449.98142108865324;342.7604799673922;1.4599903675028436;9.498361597636952;1.0199267766212519;0.05620441576128195;0.04929471299522707;0.6069517361047313;1.0062432532752967;60.0156106005021;1.0084632212530913;0.0004155412061499091;4179.991188416362;0.8419690885764783;0.9596435119039373;37.945775076230255;311.09383986869705;51.412809988311146;324.35119973680804;79.05701070214116;352.7116822429523;88.0664413906154;361.7772111182164;0.8023963233675269;0.4715938025729502;0.14698183500661788;0.10628750480072775;0.20123785991032528;63.23695487666969;108.4996908848922;103.345323524751
16:16:25;Thermosyphone;450.00736276131425;342.76048004571;1.4511192767061198;9.499450437450594;1.0057043188016568;0.04635301495454871;0.03502799427279551;0.5986466256643891;1.006514648726881;60.01745059632221;0.9827378382887834;0.00041977196551210315;4179.986992958497;0.8537310063557902;0.960074972749928;37.97693938769397;311.13543339858467;51.49859500691891;324.7049971585391;79.51372125101064;352.84187129352625;88.23824892760713;361.4824386571606;0.7854439888394321;0.4814467503430508;0.1478016469807857;0.10921768814371609;0.20051040503726242;63.47584072922582;108.49345693140307;103.3365952995819
16:17:11;Thermosyphone;450.00589069876213;342.7604799854092;1.4568864166412405;9.515697470706545;1.0133843078068425;0.04025649628101212;0.041774119383454246;0.6087088837736139;0.9983024903563169;59.997405330311544;0.9957707651850021;0.0004128914512284226;4180.001926036772;0.8616846784439598;0.9701119754085986;38.00763347447623;311.13084708876073;51.29875260950341;324.68065680490724;79.6718721753485;353.0072797549196;88.48714161717304;361.7737970319594;0.779020596076548;0.4790123006214983;0.14881596963847418;0.1091167175510047;0.19996654554866816;63.216350839722594;108.49848771439716;103.32852981123708
16:18:05;Thermosyphone;450.00359760452363;342.7604800219701;1.4522129601935494;9.498754852216848;0.9909720052908967;0.043585074638521605;0.04219431325454211;0.5890007926008778;1.0069985927045355;60.003402838186425;1.0058826564572727;0.0004097622342053138;4179.982781404932;0.8432280989720503;0.9541568316529221;38.041990906548136;311.1926815216625;51.536151730365674;324.5152475239992;80.38605908554587;353.4552860203129;88.74782285896647;361.46818562449334;0.7862104868530712;0.4752406049341523;0.14890674190469594;0.11032834431455163;0.19953455220592828;63.514856691577926;108.49288595153618;103.3175714583389
16:19:06;Thermosyphone;450.01782579508694;342.7604800247781;1.451570932800932;9.50348541982679;1.0158809249958232;0.042520510065027585;0.049002312198064606;0.6235581646419623;1.0029803552376284;60.00805496931216;1.0060494828307671;0.00041388505420223966;4180.000553564848;0.8477025158455568;0.9668553541279031;38.07503862640057;311.2058894345264;51.62791040807378;324.8458710250793;80.53413622166116;353.39104439363336;88.69504686737024;361.861586012246;0.7994720263058062;0.4841796248973405;0.15329756199164785;0.11211643024296201;0.1987966879151394;63.25734226551709;108.50690384874903;103.30933208343868
16:20:51;Thermosyphone;449.99648602612547;342.76047999487173;1.4386803442239673;9.504679007194383;1.0128152748290933;0.036631155454712974;0.05817817184660725;0.5978289067067931;0.9998311126998592;59.99898686217739;1.00665357414616;0.0004155243738513053;4180.014551317731;0.8418361795716589;0.9614830101484626;38.17483311398095;311.30978341089633;51.62985170551565;324.85427055170135;80.74702491400168;353.6084947997492;88.61933568783263;361.80226559755823;0.7899988367614692;0.4801863465617546;0.15029986907129017;0.11219701131605155;0.1984508033946279;63.66737309552624;108.50366020038565;103.29978367621437
16:21:49;Thermosyphone;450.0095493054735;342.7604799568366;1.4508030189666596;9.490981305717506;1.0158263597525;0.04442614037914753;0.04932225264133378;0.6097198557910632;1.0174861496148873;59.992430803954825;1.000485216227315;0.00041917601122914554;4180.010740968499;0.8341972918776611;0.9626543125918723;38.1400273264218;311.2978735575942;51.81882316130008;324.8704700772598;80.28771908099093;353.63747069573424;88.83059578892666;362.0171174099453;0.7906327153143209;0.4759245682568505;0.1519092703759158;0.11028859073665528;0.1970657480945422;63.32410044077484;108.49693975631499;103.29966102357331
16:22:40;Thermosyphone;449.99280510243045;342.76047998998064;1.4447275493171106;9.51980498421691;0.975643045163144;0.04410790047778773;0.0523067879876912;0.5969573116777934;0.9907824932691814;60.000257259435266;0.9940583270461417;0.0004159745030038725;4179.9939711776615;0.8252978494523322;0.9702135577629146;38.20408483813955;311.33757776431935;51.96440956448824;325.1989285338377;79.83838673808467;353.2907446350858;88.67777187771257;361.95066690310637;0.7969037488068422;0.4902356685250974;0.14773322424545493;0.11127096706930159;0.19551635399144418;63.537540593875136;108.49733936170728;103.29911674777219
16:23:36;Thermosyphone;449.9955262538711;342.7604799781755;1.4553640183790584;9.488057899785574;0.9896042681837522;0.03244927741448056;0.04907600158510639;0.5771744250179178;1.005422303725337;60.014312928351295;0.9929412267541851;0.00041717624237726925;4179.995685251554;0.8314133846005998;0.9571305306660381;38.23171795261671;311.3605346213466;51.943723039800304;325.103498930587;80.03534380344168;353.01986771479324;89.08022880007421;362.38306555800995;0.7912839398744382;0.4778940459868943;0.14839717653193082;0.10848323035987838;0.19669626564175433;63.9748512448928;108.49754449922098;103.29964003911331
16:24:23;Thermosyphone;449.98339985653826;342.7604799906972;1.4746697604528216;9.508955836697005;0.9902310540595562;0.035196849843786154;0.06314646753622588;0.5937047482092564;1.0043791265024886;59.985808511379815;0.9962594236926386;0.0004178480459846884;4180.002690319585;0.8490173881026681;0.9519544255133714;38.23553936825527;311.3968116450629;52.01791828950617;324.9737843967987;79.67885600866639;352.6632683007503;89.12465065163892;361.99813041127044;0.7969094437793439;0.4978821746251655;0.14692977155056314;0.10594372207885303;0.19429369270882169;63.92835341738976;108.50230301989511;103.29592933811338
16:25:36;Thermosyphone;450.00979146436174;342.7604800118518;1.4611252194600886;9.506234493453745;0.9937351988755381;0.04259906172988119;0.04800878168655516;0.5892656094460482;0.9992090983724458;59.99546140833573;0.9923429944315624;0.0004141838290093571;4179.999988226775;0.8409532856833689;0.9564086059347191;38.24499242664301;311.4304964462123;51.973487989158336;325.3088432648552;79.0929263986365;352.519315138006;89.45890444603423;361.9771734657462;0.8178388150650536;0.47363959455295457;0.1435958805224281;0.10409872640902121;0.19293796331604784;63.908716395762674;108.50135706808268;103.2979572680097
16:26:15;Thermosyphone;449.9961949791075;342.760479995729;1.4581950629826332;9.492555313615867;1.0083711979052512;0.03222420063292026;0.03584763931159716;0.6028902214076434;1.0124799489781093;60.02367737459958;0.999687583065421;0.0004143114429428181;4180.00422826495;0.8499781727889989;0.9585352544009945;38.26596156035089;311.45072152222957;52.18261287133282;325.23537541049336;79.343563325237;352.4493812830733;89.31751742144411;362.8900869228283;0.7979543785717664;0.4783764043629401;0.1425074816648393;0.10592592055063786;0.19660530909401938;64.15293634612848;108.49990154448857;103.30193950842302
16:27:27;Thermosyphone;449.9966422099978;342.76048004877896;1.4389891070035572;9.51414229341788;0.9997539768904299;0.028694898093957727;0.05068983067228771;0.6117793896705019;0.9882112561291994;60.000985331240734;0.9973889580186203;0.0004235809923340552;4180.003819881026;0.8593288953827215;0.9733970748408207;38.32617663673223;311.45949062692586;51.938424774801504;325.3958747014901;79.20755743308436;352.21477242785693;89.52206565572843;362.6270895261414;0.7724606640551145;0.4721707726172678;0.14188910119926743;0.10500812034986459;0.19672114115979328;64.19258924552946;108.50185874014089;103.29901504236639
16:28:07;Thermosyphone;449.9789738034915;342.76047993300193;1.443875821080138;9.476365745679608;0.9975649071535032;0.024351276273183606;0.06089953001654984;0.598227144406712;0.9967923394342234;60.005360240848205;0.989487699364433;0.0004157992564581117;4179.995848362488;0.8424735926720099;0.9627955184281951;38.3536699540798;311.5208480433026;52.28114005808685;325.5125448318941;78.76166097658115;351.89299266673936;89.53833636523085;362.88182346499343;0.7929564348015923;0.4908781597316831;0.13929747553543903;0.10147532313622104;0.19222816799782513;64.25822749025377;108.50501571215536;103.30120640677158
16:29:08;Thermosyphone;450.0122965113326;342.760480054364;1.4527068463363475;9.501687970029538;0.9932022330030813;0.03709711795666616;0.0529200940467927;0.5987886277510737;0.992570366793935;60.00747764863;0.9877645342622665;0.000417928429888333;4179.99622118587;0.8501955359522605;0.954666721224239;38.40500676440694;311.5343357696721;52.273584709626085;325.4533386377827;78.47890785834494;351.7880031791651;89.82541795515316;363.18314301227025;0.8036962502524615;0.4874986690364135;0.13807218273475008;0.10085904251338232;0.19029631016228354;64.33412259727419;108.4969297059585;103.3016134155144
16:30:46;Thermosyphone;450.0043912380029;342.7604800043833;1.4539657074332115;9.505010310737289;0.9914944209922566;0.033316208874652496;0.04837541696229168;0.5972683895951726;0.991182409484009;60.00666114382885;0.9834524178110127;0.0004176716387548932;4180.014959039253;0.8311844269921055;0.9595547823383253;38.4480728286903;311.5859917695373;52.38597866814811;325.4332832548419;78.29456187049124;351.49496882895204;90.02812826158744;363.1550206125799;0.8021344722469618;0.4850562489133015;0.13579999545991378;0.0999120846068152;0.18975199846202065;64.59472551592923;108.50559415624429;103.30045431201471
16:31:40;Thermosyphone;449.98533923666025;342.76048003407595;1.4568675521916772;9.492667625009476;1.0124496455167813;0.057867827879772;0.06301739504937795;0.5961164333626238;1.010521649819094;60.000818816143465;1.0019306831401542;0.00041782322697447063;4179.989713670696;0.8405089588799785;0.9550913454243657;38.457509649217926;311.6661890923728;52.44362526364884;325.7085185820793;78.23931371244578;351.73928145044135;89.70372423731861;363.4670114039177;0.8121838122478541;0.4681830721410774;0.1379734100778022;0.09962396113340448;0.18826775403319568;64.59320340121364;108.5035711147928;103.29960049536216
16:32:50;Thermosyphone;450.00213828986807;342.76048006011195;1.4465681971002449;9.523356442209234;0.9948155088168296;0.04852724726761756;0.07540620319201913;0.6000613195666478;0.9947251959592294;59.98734361504229;1.021980856406389;0.00041961889155353246;4179.998405325678;0.8517849026528036;0.9421059533884729;38.52366804160398;311.689842967429;52.584270048024656;325.6685319596304;78.51509947419561;351.4631827762367;89.99939034718675;363.0968155036545;0.8012567981815136;0.4841616436302078;0.13671060534261484;0.10167971498543364;0.19111361107962188;64.30209413606622;108.49664926728073;103.30018059846876
16:33:29;Thermosyphone;450.00277984196487;342.76047997721156;1.4353923560456585;9.490748569035855;0.9835563568012723;0.03539095346183528;0.033667727444493784;0.60432257481497;1.0029704846560084;60.00043831658403;0.9946640300056973;0.0004178586636512822;4179.978859643475;0.8568744767789386;0.9453410758115868;38.562365311969934;311.7421185103889;52.712839094366174;325.7998430286265;78.43197167504835;351.3715171729736;89.95343326637564;363.30577883739693;0.8010739030461933;0.47046172773749245;0.13528185036212478;0.10163258231803331;0.18752745953245592;64.26874080904717;108.50455718616155;103.2989804301715
16:34:35;Thermosyphone;450.0049222863287;342.76048000841064;1.4667253986182247;9.492224899135026;1.012322219076728;0.03268565300820813;0.05368576184839785;0.5859407174296272;1.0121127198869195;60.02462682939351;1.0054765936239443;0.0004149937126552307;4180.002821774707;0.8421808152961672;0.9427288054979479;38.61841803900775;311.77932129008644;52.6424840278765;325.7638441582568;78.6795733197483;351.40017789288606;90.09632145783497;363.0986740118047;0.7912202896702107;0.47554857376082676;0.13504005978286887;0.10031579606871023;0.19070313277874418;64.442696028038;108.50041851876063;103.29883429750348
16:35:26;Thermosyphone;450.014159631243;342.76047995328315;1.4454331920939345;9.490808215399724;1.0029693653436267;0.031090516767151168;0.05149460944607758;0.5907017938421999;0.9979201222607037;60.006216132707735;0.9725911027975387;0.00041358583185658194;4179.998053286068;0.8473990991203205;0.9549176548825214;38.646203827053164;311.86766641151695;52.67085902705316;325.8447047502542;78.62290938314635;351.4168452307874;89.90819502453724;363.1297475802006;0.7989922183247059;0.484990387045307;0.13513404369766302;0.09996073560756344;0.19044786079627873;64.32260523007305;108.49995116270455;103.30125616393676
16:36:18;Thermosyphone;450.0177223907294;342.76047998026695;1.45468327602464;9.498830143729819;1.001471832078101;0.03357507596454304;0.06268192131010777;0.5922497200742151;0.9946772816447359;60.01595140290423;1.0037356249038252;0.00041728587246523037;4180.004190072465;0.8633477388802057;0.9690188068165521;38.70261022239172;311.8504159885337;52.760777060646205;326.26794664543525;78.50730770235555;351.5874095635869;90.14971975165021;362.8319726659668;0.7986780337078508;0.4678948533359387;0.13575607315894056;0.09990043835237067;0.18730572883540675;64.60436985169724;108.50519154776829;103.29971391304524
16:37:20;Thermosyphone;449.9933770369878;342.76048001310966;1.4558476700265943;9.514934607462434;0.992676692718568;0.038119331305511796;0.0509953103598469;0.6073336485322417;0.9976354223673773;59.98813260588164;0.9830249100148071;0.00041946613368683646;4179.990888411969;0.8548541967073363;0.9643574337919792;38.76235670982052;311.93276775313603;52.65311705978495;326.0115912225687;78.60277671451601;352.04307656732414;89.87243180342276;363.3153371812145;0.8007213099395508;0.4693062854836065;0.13610187093229115;0.09800894436809936;0.18697707929210616;64.82623684811884;108.49360813363778;103.29814455753015
16:38:08;Thermosyphone;449.99281834693835;342.7604799947075;1.4574191810363586;9.495473197612851;1.002703128649252;0.038554085384185977;0.06344275758783349;0.6086515145194316;0.9986797085466285;60.000342260823246;1.001878963599955;0.00041704027431103616;4180.003237382257;0.8462844934135075;0.9753354917806757;38.822618570485425;311.93249538367843;52.885356116364505;326.02629117365916;78.32888519233857;352.0271687571376;90.21194969203381;363.2086287606815;0.7938294960789565;0.4889140405227118;0.134012825116394;0.09998016336443033;0.1874527521761885;64.84995417828773;108.49868371917314;103.29905814589077
16:39:16;Thermosyphone;450.0039379501627;342.76048004513353;1.4535030887111495;9.49147076802399;0.9965405798324368;0.047630569815734713;0.07792796294044922;0.5943440579005487;1.0060846178429501;59.99402048149818;1.013737713200522;0.0004228218567144841;4180.002586315457;0.8546510775338839;0.968063814984869;38.78881530190365;312.03569204181395;53.338878843773955;326.2234367899542;78.47970847241633;351.74553288753896;90.11227589693449;363.6333565073493;0.8092505112793307;0.49006375376070804;0.13628068867637264;0.0991433865012539;0.187280760036045;65.16431856543511;108.49791486486251;103.29962651319828
16:41:00;Thermosyphone;450.014586773711;342.7604799967806;1.4462707646578064;9.485998940797018;1.0090695415486783;0.028224615123376047;0.056650043524648266;0.595987297818991;1.0086110509517356;60.01637453043102;1.0128069795205092;0.000423967005873543;4179.995812418821;0.8448834708885653;0.9712798308899173;38.84812102019026;312.05981384559306;53.03307095750461;326.3178765119744;78.83945809993969;351.7408011695362;90.28343974920489;363.2791601161296;0.7970521827593806;0.49197716420356485;0.13517344618446925;0.10030362778149221;0.18504924854277935;65.05857596215154;108.50510924495215;103.30134789868646
16:41:55;Thermosyphone;449.9983442678458;342.7604799703456;1.4458483850654547;9.50896206468587;1.0106374929419288;0.053528997032787504;0.04990733301037427;0.5972999672812216;0.9760295922690863;59.99655596715591;1.006757163162853;0.00041427487984682665;4179.9952331455925;0.8580890893228688;0.96520266165484;38.86163461640598;311.9668991590425;53.143256418521624;326.2551114971314;79.02424907711332;351.7101597874014;90.3564618461704;363.56274665721446;0.8043792800090269;0.47560142732008304;0.13857455967923873;0.09848170219118661;0.1804113619867847;64.92447503177245;108.52015775343855;103.2994194479555
16:42:39;Thermosyphone;450.0018107991234;342.7604799213697;1.4380690910728617;9.507774665271654;0.9742997836044003;0.03514541905421529;0.049993443872945666;0.5928776584561658;0.9945461931724907;60.00516452187931;0.9971673607955805;0.00040894540037101994;4180.006026638257;0.8525610567987791;0.960110832607544;38.82599054364114;311.9548322292632;53.5237200626842;326.4343753410032;79.02217308351683;352.0886834004307;90.32716877092909;363.7852487730741;0.8125475889800204;0.4919295088441997;0.13502988585509776;0.09832959510530459;0.18054745038032088;64.90518325275991;108.52681280761821;103.298860194996
16:43:29;Thermosyphone;450.0110772544923;342.7604800036453;1.446911192503022;9.497507972061069;0.9882911400303164;0.03376154181699287;0.0414553651103191;0.6039959392998916;1.0039488578245048;59.998534672399366;1.0186200991886296;0.0004180397931835607;4179.995132143671;0.8550312274431432;0.9690109049218575;38.801446599022526;312.01939397801385;53.37722862946627;326.4274702459721;79.11649528861601;352.2068632506003;90.77762716829548;363.75321488535644;0.7925181219533473;0.48039633882345556;0.13595237364673451;0.10006816310846331;0.17360378933873324;65.0780781494313;108.53487667344822;103.29829495810131
16:44:24;Thermosyphone;449.9905358932078;342.7604800160838;1.4629620000602224;9.501743170956374;1.0094677783029606;0.03460259381361188;0.05630155104323059;0.6055211670935798;0.9980040993118463;59.992430537635016;0.9915334077894947;0.00041517516671412606;4180.00308397223;0.8493932821586266;0.9445995223971775;38.82008822256368;311.9740251240227;53.29383103921745;326.6788902455381;79.0873640191766;352.1431094004008;90.42989462718383;363.88825699189965;0.7990545274045773;0.4959535172031101;0.13594203264976026;0.09597268453575586;0.17209225540817202;65.20233766626745;108.54707615839786;103.30111608951687
16:45:33;Thermosyphone;450.0162452720323;342.7604799875836;1.4652538874110925;9.507643434352456;0.9913749747919419;0.04593930613974268;0.060663606218578;0.6096362313390119;1.0190265052565526;60.02413738543959;1.0021642830623558;0.00041628491993966774;4180.00719443091;0.8512980511164134;0.9679717325610988;38.797660602736876;311.90170965703294;53.41724948319141;326.54295091183155;78.66655862884043;352.271528810968;90.8822809730895;363.546358367589;0.8098945164354917;0.4655864392293767;0.13520273778413414;0.09907589618818924;0.1723716314400117;65.41504348776468;108.55319601506272;103.30037610729168
16:46:20;Thermosyphone;450.0032740255216;342.76047996189317;1.452283853739031;9.49888548989434;0.9797301433873687;0.04333579807527657;0.049373154882072924;0.5931037900774057;0.9969277664854761;59.9993744350386;1.0163887111062864;0.00041604922040667873;4179.986522714299;0.8504721322325928;0.9752898633436149;38.7667032648892;311.9244894701457;53.43071812703594;326.60157873179867;79.17385407905093;352.2913345200076;90.70496044916773;363.7646947980258;0.8099763484889667;0.4730476720571212;0.1369966550187489;0.09940677855651045;0.1674424776709804;65.10721723779078;108.55918261777668;103.30038244642316
16:47:17;Thermosyphone;449.9914067476042;342.760479985625;1.4514180228619737;9.503105695161505;1.0027871974695932;0.04405782334982726;0.06182676693981023;0.602521714415082;1.0112794854725082;59.988030033347954;0.9944288551415311;0.00041913674882216044;4179.996275217618;0.8631112278706927;0.9486612277632753;38.76799006072235;311.9429564722462;53.51190783993292;326.6740471690822;79.4193336718974;352.2872439442816;90.58314793106105;363.77777585048625;0.805299400036837;0.4906529091045985;0.13308355397111704;0.09889553396233462;0.16595419128774114;65.69241452665734;108.57274542702613;103.30111101942902
16:48:06;Thermosyphone;449.99677275364695;342.7604799165878;1.4664663739532178;9.510897241665596;0.9961305773371141;0.02859709679633831;0.07454893834635817;0.5941341411471708;1.0010996436030117;60.009746653446406;1.0042584940196873;0.0004152123019071154;4180.021448841717;0.8366448245413112;0.9649796443515037;38.7228936401211;311.8829232275476;53.70843573991513;326.62749640367997;79.23655873222276;352.5348963978664;90.7405355912886;364.1899559312709;0.8067416553829744;0.4850894617160909;0.13496172593931915;0.09826755131451659;0.16517526882893804;65.51010616151702;108.58248287560383;103.29758235677815
16:49:10;Thermosyphone;449.98901667216165;342.76048004502854;1.477261299801381;9.51445721021785;0.9982800708297737;0.04419347230459969;0.03311753413814487;0.597176508352612;1.0230688955752125;59.98060876372939;1.003449425543498;0.0004173273276300542;4180.0052824737495;0.8453066254151591;0.9680834908921557;38.71746385049512;311.843534321088;53.63201570917816;326.93928576339385;78.99723314531589;352.5378165379385;90.52137211778245;364.3412157695956;0.7890361919168773;0.4943918963821015;0.13842174324887196;0.09877601342211483;0.16485010353566876;65.54547592904078;108.5924126188195;103.30212492162686
16:50:52;Thermosyphone;450.0092896978202;342.7604799748279;1.4722684077880217;9.494133739805081;1.011391685297725;0.04217280365128926;0.05660969772007985;0.5803018585916212;0.9996356597113262;60.00584477825369;1.0046425624928914;0.00041610200200135477;4180.010169124389;0.8479768795028946;0.9489169385553193;38.706594805579186;311.8487510718941;53.758347422228475;326.8541793435658;79.45487922818857;352.33523529987986;90.9529305362874;364.3955511599487;0.7967291103504087;0.48327011033636963;0.13539189619166905;0.09815223372619412;0.1550542527520137;65.91664031586393;108.6015151939812;103.30047764150193
16:51:49;Thermosyphone;449.99114145565835;342.7604800053237;1.4461433976076163;9.50330451780312;1.0046564681753622;0.037981389255733425;0.05636808431155379;0.6063833270584161;1.0039396313705036;59.98477728109408;0.9925147928495991;0.0004176988869653597;4180.01227828602;0.8494590922472056;0.9620313143418755;38.70113493659784;311.8416143147038;53.95034180060868;326.87932979097536;79.15240614095175;352.7363089310743;91.16453891972469;364.03833581011025;0.8047745856574119;0.47576847068153366;0.13438019267725265;0.09872320662796649;0.1540298149489018;65.84906880973823;108.599195231479;103.29898078233391
16:52:43;Thermosyphone;449.9978364335592;342.7604800245702;1.4633512803568316;9.490821244183476;1.0069997149848133;0.05170655523622393;0.05364421132773749;0.610236215218867;0.9937698200000477;60.010666837104644;1.0010896030598664;0.00042221960348838816;4180.002371836497;0.8552784817110975;0.9431358907983157;38.671463026789134;311.85148076356245;53.8370918962979;326.9712331835327;78.85397035457936;352.240555759249;91.04306322214799;363.92870135346493;0.8058173102000771;0.4615417072531712;0.13792873864434424;0.09941781435888233;0.1489217294289687;65.21685134311896;108.60007531994835;103.2976365599747
16:53:33;Thermosyphone;450.00338490126336;342.7604799358913;1.4625598998858604;9.498992942733125;0.9855361152144502;0.05295329644242573;0.05639890349551297;0.5934491123339731;1.010349877586532;59.99346111008522;0.9826669554025529;0.0004173096008533667;4180.000858869954;0.8489931298497407;0.9594890613655204;38.70201265063667;311.8461173497453;54.03732364572274;327.29017903596014;79.25697069568977;352.5333455684776;90.92569040014767;364.00519915460603;0.7857207970850255;0.48388192992767115;0.13540920332792722;0.09675442045225625;0.14850643051939713;65.91135036146866;108.6014233611125;103.29940982483161
16:54:33;Thermosyphone;449.9932758788939;342.76048000313335;1.4584443010805668;9.484524332220051;0.9884682676950975;0.04229412328873958;0.037749452601273846;0.6085482541664639;0.9974967220883009;59.99711386261;1.0066309984924333;0.0004187905430540397;4180.008212546798;0.8429308477157342;0.9636420844672979;38.71408238209894;311.8438477585265;54.03364759138125;327.272883767754;79.40078875543861;352.29671246422845;91.08952977297278;363.99676732818574;0.7845063184841115;0.48569353919267594;0.1348425169535563;0.09682119397379932;0.14667045177947025;65.66320579576269;108.60099141699311;103.30130261480187
16:55:28;Thermosyphone;449.9959428611584;342.7604800327042;1.4760582948056107;9.499187815074245;0.9949706241168369;0.04021015755961509;0.04493996420869088;0.5864048219484898;1.0009318244452277;59.99998258894209;0.9912697925530192;0.0004218231105920442;4180.027044551471;0.8529069633603847;0.9510131894321799;38.699646505314576;311.860989899687;54.11366778421213;327.2810448553542;79.30168066690614;352.2342506513268;91.10709250233069;364.01631478349196;0.8179366374275017;0.47363542093771105;0.13238477966385662;0.09828746296331235;0.14381830750290844;66.33124186876395;108.6045611056559;103.30100645187574
16:56:16;Thermosyphone;450.0072143888576;342.76048002492644;1.4539346719761626;9.494687709386072;0.9929376756860655;0.04479679607051926;0.0558532190034167;0.5951921737403009;0.9979345409970394;60.0086020868692;1.0127882308010154;0.00041809964655472296;4179.996457190804;0.8564842713658899;0.9410144001623925;38.688820475909395;311.83156569126425;54.12289557813678;327.3667267195749;79.42192207036395;352.7363968980445;91.29410538876887;364.0848418524752;0.8023424981902069;0.47411806956763236;0.13480275600475525;0.09695876122814522;0.14457747897817297;65.79088011870358;108.59822015979198;103.30182084567483
16:57:20;Thermosyphone;449.9957512727541;342.7604799753682;1.4721214211399933;9.489720365662693;1.0182661129483408;0.059810808059445955;0.054326770998951564;0.6026420506158308;0.9984054392521454;59.9903257000882;1.0094298035391305;0.0004158931541777952;4179.999074557359;0.8712361834327217;0.9619991261444351;38.754491852766726;311.88677343766284;54.337501068095186;327.47264494801493;79.55791194337498;352.34259561165067;90.90427721045732;364.1275100082198;0.7886592767830697;0.4713989103808432;0.1335407725357627;0.09805281809563543;0.14193177676326968;65.54269730644165;108.59805101355127;103.29890120669124
16:58:03;Thermosyphone;449.9896068739152;342.76047994632023;1.458660485173891;9.503951578426154;0.9947002207883254;0.041010537765769545;0.05517561636250738;0.6066849665042376;0.9974638347655321;60.00388093000647;1.0022036031665311;0.0004117528857932729;4180.011861387316;0.8556527996458811;0.9643977576787759;38.71280297544267;311.8803566816186;54.141074149940316;327.71912143081454;79.11780748214896;352.1899857831544;90.66419597217893;363.973099204479;0.8003301625806559;0.47469564068328435;0.1321500077595972;0.0974655710255671;0.13549389157164957;65.38674768031764;108.60782184366417;103.30064249469751
16:59:04;Thermosyphone;450.0020742129396;342.76048000665116;1.4623537779629954;9.501641479020357;1.0020609336659514;0.04164989301476079;0.04429054352721866;0.5942654478440635;1.011699652202226;59.990866355239746;1.0009303146718949;0.0004133738564574875;4179.986668015855;0.8402957582612972;0.9548851498474934;38.70667220946824;311.88067629329316;54.289294359763446;327.47880144714384;79.15621314097177;352.643014415837;91.14737475896612;364.07360435358675;0.805992898271344;0.4752004424827947;0.13403181159516947;0.09549046453367971;0.13421812036174854;65.51481487359433;108.59833940411016;103.29889690112549
16:27:14;Thermosyphone;449.9995682938734;342.76048033261634;1.4670793014428816;9.505068049214216;0.9988589139816482;0.041583934264454926;0.060944407415300716;0.6096856804656721;1.0081299326042232;59.99424143246781;1.0194945165680875;0.00037863498819108656;4180.010025109969;0.8541418169670004;0.9595904032673472;38.33554785208653;311.434704160069;52.03174022059331;325.57170520544804;74.94751710880222;347.98534729503854;85.74219355313197;358.7132854109415;0.8161710615364275;0.48170504784888407;0.12007863598542096;0.08859446724025599;0.16273166385130663;63.35412933172573;108.54801923145486;103.29961056241432
15:54:29;Thermosyphone;450.00549890726404;342.7604807652089;1.4523387186159322;9.496762500703825;1.00325904690688;0.04717160381820651;0.06223778542247446;0.5858170944946168;0.9869826457231688;60.000039846305235;0.9942567092604747;0.0003466617251829281;4179.99512663728;0.8550824846049169;0.9537205782039088;37.9878922561233;311.04509184403264;50.036635800410224;323.5000048045901;70.8246987989485;343.56017857023556;80.24844609073374;353.515223772377;0.8002461249159715;0.47989921535047975;0.10899833475819148;0.08003216047570698;0.1860606613469239;60.891275429955904;108.50203117296026;103.29771460390928
15:21:54;Thermosyphone;450.0037371324809;342.7604811284382;1.4709528405509888;9.501660780395396;0.9819378108187581;0.047100607023729014;0.047737705586503976;0.6032600566425455;0.9859603589746421;59.994922530507296;1.004147006889922;0.00030470280869135196;4179.9966997218835;0.857828539779536;0.9581650785348101;37.5633050650432;310.6564023085385;47.945372407726424;320.8330467266896;66.21478527969062;339.4081732074701;74.87293048448639;347.8949381612178;0.804983783810893;0.4803377376052288;0.0966779332293555;0.07045672353918994;0.21282055758510013;57.78064678885555;108.46198110291638;103.29901334877535
14:49:12;Thermosyphone;450.0116448390949;342.76048144259187;1.45742925216754;9.52177971758417;0.9971084591590845;0.035671453308924024;0.05669199298244067;0.6097746224180701;0.9992591037918935;60.00379222884052;0.9969073572600916;0.0002612844555987854;4180.002768849246;0.8609278757535139;0.9492414066839006;37.1828806808987;310.2316259032893;45.82684105105192;319.02205072136326;61.97500681348892;334.8920003723685;69.54979593658435;342.73966982690865;0.8100794317493363;0.4691798038174446;0.08647824347099556;0.059139779276834656;0.2386701274847041;55.510418900121714;108.42015846750519;103.29915861558842
14:16:21;Thermosyphone;449.992071890376;342.7604818177741;1.4682552606854085;9.483348988524726;1.0092023470379754;0.044141826044788356;0.049558183882019546;0.6145752525373365;1.0107486121785598;60.00053270459736;1.0116767342926603;0.00022347586360351614;4179.991983696272;0.8638383746509365;0.9705907889357195;36.78369002734085;309.84476793248115;43.73202030788247;316.72584967371637;57.00004694148447;330.4861051957065;64.17988750312307;337.68065097114345;0.7850212416988193;0.47044884207023946;0.07426811334038022;0.05216419055363165;0.26945824745240965;53.04557676667277;108.36920171503596;103.30158838012863
13:43:43;Thermosyphone;449.9940504863204;342.76048213951873;1.4665735951911116;9.489887787470561;1.0144258668165815;0.04781919278378491;0.03954934935657702;0.5765076131436515;0.996616561682977;60.0054364978642;0.9870277058837412;0.0001909339978108194;4179.985351814656;0.8627696739251574;0.9620752365821007;36.46126172330083;309.48550900953177;41.741501163236315;314.830472867163;53.10557565491343;325.90972479537203;59.118216654873066;332.0728500395778;0.8038246967538039;0.4716510028592005;0.061509058802910105;0.043650959814722216;0.2935306933440768;50.2926105393803;108.3163631224172;103.30110288536007
13:10:53;Thermosyphone;450.01770508597906;342.76048255958784;1.47295770068713;9.49157203182748;0.9974200978719745;0.0324653473526897;0.05537927526194661;0.6077173211867293;0.9823096686544104;60.00559708587214;0.992936383858728;0.00014755942418278657;4179.989039430403;0.85370604098794;0.9538430301963925;36.0320637809782;309.0726395739686;39.352510246929256;312.36730698972013;48.57829780973046;321.98724424698116;53.77924443551003;327.0245965022075;0.7985559539851265;0.4956109517331249;0.04709152073443135;0.036441740831333114;0.322851012436425;47.523247714174964;108.28496287616187;103.29969087127688
12:38:16;Thermosyphone;450.00851170293896;342.76048295163525;1.4479351795538697;9.48438459512191;0.9937622791191332;0.030215383540674615;0.04760181519566022;0.5977708710689618;0.9937298409172036;60.011373573523684;1.0072723607790182;0.00011664981670027888;4179.992886715142;0.8486688593202517;0.9758083992121899;35.623954399466385;308.6817180503656;37.284523198269454;310.3603813994601;44.58910923448676;317.35645379006417;48.49788890805592;321.4326227277911;0.796253224521082;0.478233829858449;0.03770979614164721;0.026259922490565277;0.3493044326107084;45.22459557862008;108.23490492015172;103.29903794558324
12:05:15;Thermosyphone;450.00065479716216;342.760483297064;1.4555609775740672;9.502185584772224;1.014282451435559;0.040335470157147175;0.05154488868735099;0.6000813427469316;1.0020474220239544;59.98547171467687;0.9876357288307263;7.20454647116115e-05;4180.0064763272785;0.840618242135601;0.9557223403319794;35.28026364499547;308.26660979129406;34.92007285663914;308.06516169217946;40.20468631018576;313.04068743571855;42.91537099130122;315.70511840276146;0.802576722492244;0.47261452225765777;0.02235673407579772;0.019031536315558335;0.3752658236027766;42.544348998130374;108.18513042740135;103.30272747748205
11:32:51;Thermosyphone;450.0148312265779;342.7604836608329;1.4556991083378579;9.494900522550422;0.9987494154065462;0.057388291232141286;0.047915480694585386;0.5886479272376441;0.9994679499835477;59.99295224183616;1.0167213952911802;3.3395241903305006e-05;4179.990291143681;0.847087350125647;0.9459065691595613;34.82208353645886;307.87365146409655;32.79619263529549;306.1285365955521;35.785129131986906;308.790562576855;37.531384164672815;310.88080189036555;0.8058674522590785;0.4782216982396635;0.010601767566877737;0.008295839293821753;0.4019914801713597;40.11695939952195;108.14685704089999;103.29942092338632
